gender,SeniorCitizen,Partner,Dependents,tenure,PhoneService,MultipleLines,InternetService,OnlineSecurity,OnlineBackup,DeviceProtection,TechSupport,StreamingTV,StreamingMovies,Contract,PaperlessBilling,PaymentMethod,MonthlyCharges,TotalCharges,Churn
0,0,1,0,1,0,1,0,0,2,0,0,0,0,0,1,2,29.85,29.85,0
1,0,0,0,34,1,0,0,2,0,2,0,0,0,1,0,3,56.95,1889.5,0
1,0,0,0,2,1,0,0,2,2,0,0,0,0,0,1,3,53.85,108.15,1
1,0,0,0,45,0,1,0,2,0,2,2,0,0,1,0,0,42.3,1840.75,0
0,0,0,0,2,1,0,1,0,0,0,0,0,0,0,1,2,70.7,151.65,1
0,0,0,0,8,1,2,1,0,0,2,0,2,2,0,1,2,99.65,820.5,1
1,0,0,1,22,1,2,1,0,2,0,0,2,0,0,1,1,89.1,1949.4,0
0,0,0,0,10,0,1,0,2,0,0,0,0,0,0,0,3,29.75,301.9,0
0,0,1,0,28,1,2,1,0,0,2,2,2,2,0,1,2,104.8,3046.05,1
1,0,0,1,62,1,0,0,2,2,0,0,0,0,1,0,0,56.15,3487.95,0
1,0,1,1,13,1,0,0,2,0,0,0,0,0,0,1,3,49.95,587.45,0
1,0,0,0,16,1,0,2,1,1,1,1,1,1,2,0,1,18.95,326.8,0
1,0,1,0,58,1,2,1,0,0,2,0,2,2,1,0,1,100.35,5681.1,0
1,0,0,0,49,1,2,1,0,2,2,0,2,2,0,1,0,103.7,5036.3,1
1,0,0,0,25,1,0,1,2,0,2,2,2,2,0,1,2,105.5,2686.05,0
0,0,1,1,69,1,2,1,2,2,2,2,2,2,2,0,1,113.25,7895.15,0
0,0,0,0,52,1,0,2,1,1,1,1,1,1,1,0,3,20.65,1022.95,0
1,0,0,1,71,1,2,1,2,0,2,0,2,2,2,0,0,106.7,7382.25,0
0,0,1,1,10,1,0,0,0,0,2,2,0,0,0,0,1,55.2,528.35,1
0,0,0,0,21,1,0,1,0,2,2,0,0,2,0,1,2,90.05,1862.9,0
1,1,0,0,1,0,1,0,0,0,2,0,0,2,0,1,2,39.65,39.65,1
1,0,1,0,12,1,0,2,1,1,1,1,1,1,1,0,0,19.8,202.25,0
1,0,0,0,1,1,0,2,1,1,1,1,1,1,0,0,3,20.15,20.15,1
0,0,1,0,58,1,2,0,0,2,0,2,0,0,2,1,1,59.9,3505.1,0
1,0,1,1,49,1,0,0,2,2,0,2,0,0,0,0,1,59.6,2970.3,0
0,0,0,0,30,1,0,0,2,2,0,0,0,0,0,1,0,55.3,1530.6,0
1,0,1,1,47,1,2,1,0,2,0,0,2,2,0,1,2,99.35,4749.15,1
1,0,1,1,1,0,1,0,0,2,0,0,0,0,0,0,2,30.2,30.2,1
1,0,1,0,72,1,2,0,2,2,2,2,2,2,2,1,1,90.25,6369.45,0
0,0,0,1,17,1,0,0,0,0,0,0,2,2,0,1,3,64.7,1093.1,1
0,1,1,0,71,1,2,1,2,2,2,2,0,0,2,1,1,96.35,6766.95,0
1,1,1,0,2,1,0,1,0,0,2,0,2,2,0,1,1,95.5,181.65,0
0,0,1,1,27,1,0,0,2,2,2,2,0,0,1,0,3,66.15,1874.45,0
1,0,0,0,1,1,0,2,1,1,1,1,1,1,0,0,0,20.2,20.2,0
1,1,0,0,1,1,0,0,0,0,0,0,0,0,0,0,0,45.25,45.25,0
0,0,1,1,72,1,2,1,2,2,0,2,2,0,2,0,0,99.9,7251.7,0
1,0,0,0,5,1,0,1,0,0,0,0,0,0,0,1,2,69.7,316.9,1
0,0,0,0,46,1,0,1,0,0,2,0,0,0,0,1,1,74.8,3548.3,0
1,0,0,0,34,1,2,1,0,2,2,0,2,2,0,1,2,106.35,3549.25,1
0,0,0,0,11,1,2,1,0,0,2,0,2,2,0,1,0,97.85,1105.4,1
1,0,1,1,10,1,0,0,0,2,0,0,0,0,1,0,3,49.55,475.7,0
0,0,1,1,70,1,2,0,2,2,0,0,2,0,2,1,1,69.2,4872.35,0
0,0,1,1,17,1,0,2,1,1,1,1,1,1,1,0,3,20.75,418.25,0
0,0,0,0,63,1,2,0,2,2,2,2,2,0,2,1,1,79.85,4861.45,0
0,0,1,0,13,1,2,0,2,2,0,2,2,0,0,1,2,76.2,981.45,0
0,0,0,0,49,1,2,1,0,0,0,0,0,2,0,1,2,84.5,3906.7,0
1,0,0,0,2,1,0,0,0,2,0,0,0,0,0,0,3,49.25,97.0,0
0,0,0,0,2,1,0,1,0,0,0,0,2,0,0,1,2,80.65,144.15,1
1,0,0,0,52,1,2,0,2,0,0,2,2,2,2,1,1,79.75,4217.8,0
0,0,1,1,69,1,2,0,2,0,2,2,0,0,2,1,1,64.15,4254.1,0
0,1,0,0,43,1,2,1,0,2,0,0,2,0,0,1,2,90.25,3838.75,0
0,0,0,0,15,1,0,1,2,2,0,0,2,2,0,1,1,99.1,1426.4,1
0,1,1,0,25,1,2,0,2,0,0,2,2,0,0,1,1,69.5,1752.65,0
0,1,1,0,8,1,2,1,0,2,0,0,0,0,0,1,1,80.65,633.3,1
0,1,1,1,60,1,0,0,2,2,2,2,0,2,1,1,1,74.85,4456.35,0
1,1,0,0,18,1,2,1,0,0,0,0,2,2,0,1,2,95.45,1752.55,1
0,0,1,1,63,1,2,1,2,0,0,0,2,2,1,1,1,99.65,6311.2,0
1,1,1,1,66,1,2,1,0,2,2,2,2,2,1,1,2,108.45,7076.35,0
0,0,1,1,34,1,2,2,1,1,1,1,1,1,2,0,1,24.95,894.3,0
0,0,0,0,72,1,2,1,0,0,2,2,2,2,2,1,1,107.5,7853.7,0
0,0,1,0,47,1,2,1,0,0,2,0,2,2,0,1,2,100.5,4707.1,0
1,0,0,0,60,1,2,1,0,2,0,0,2,0,0,1,0,89.9,5450.7,0
1,0,1,0,72,0,1,0,2,2,2,0,0,0,2,0,0,42.1,2962.0,0
0,0,1,1,18,1,0,0,0,0,2,2,0,0,1,1,1,54.4,957.1,0
0,0,0,0,9,1,2,1,0,0,0,0,2,2,0,0,2,94.4,857.25,1
0,0,0,0,3,1,0,0,0,2,0,2,2,2,0,1,2,75.3,244.1,0
1,0,1,0,47,1,2,1,0,2,0,0,0,0,1,1,2,78.9,3650.35,0
0,0,0,0,31,1,0,0,0,2,2,2,2,2,2,0,3,79.2,2497.2,0
0,0,1,1,50,1,0,2,1,1,1,1,1,1,2,0,0,20.15,930.9,0
1,0,0,0,10,1,0,1,2,0,2,0,0,0,0,1,3,79.85,887.35,0
1,0,0,0,1,1,0,0,0,0,0,2,0,0,0,0,3,49.05,49.05,0
0,0,1,1,52,1,0,2,1,1,1,1,1,1,1,1,2,20.4,1090.65,0
1,1,1,1,64,1,2,1,2,0,2,2,2,2,2,1,0,111.6,7099.0,0
1,0,1,1,62,1,2,2,1,1,1,1,1,1,2,1,0,24.25,1424.6,0
0,0,0,1,3,1,0,0,2,0,0,2,0,2,0,1,0,64.5,177.4,0
0,1,0,0,56,1,2,1,2,2,2,0,2,2,1,0,2,110.5,6139.5,0
0,0,0,0,46,1,0,0,0,0,0,0,0,2,1,0,1,55.65,2688.85,0
0,0,1,1,8,1,0,0,2,2,0,0,0,0,0,0,3,54.65,482.25,0
1,1,0,0,30,1,0,0,2,2,0,0,2,2,0,1,2,74.75,2111.3,0
0,0,1,1,45,1,2,2,1,1,1,1,1,1,1,1,1,25.9,,0
0,0,0,1,1,1,0,1,0,0,0,0,2,0,0,1,2,79.35,79.35,1
0,0,1,1,11,0,1,0,2,0,0,0,2,2,0,0,2,50.55,565.35,0
0,0,1,0,7,1,0,1,0,0,2,0,0,0,0,1,0,75.15,496.9,1
0,0,0,0,42,1,0,1,0,2,2,2,2,2,0,1,0,103.8,4327.5,0
0,0,1,0,49,1,0,2,1,1,1,1,1,1,2,1,0,20.15,973.35,0
1,0,0,0,9,1,2,1,0,2,0,0,2,2,0,1,1,99.3,918.75,0
0,0,1,0,35,1,0,0,2,0,0,0,2,0,1,1,0,62.15,2215.45,0
0,0,1,1,48,1,0,2,1,1,1,1,1,1,2,0,0,20.65,1057.0,0
0,0,1,1,46,1,0,2,1,1,1,1,1,1,2,1,3,19.95,927.1,0
1,0,1,0,29,0,1,0,0,0,0,0,2,0,0,0,3,33.75,1009.25,0
1,0,1,1,30,1,0,1,0,2,2,0,0,0,0,0,0,82.05,2570.2,0
1,1,0,0,1,1,0,1,0,0,0,2,0,0,0,0,2,74.7,74.7,0
1,0,1,1,66,1,2,0,2,0,2,2,2,2,2,1,3,84.0,5714.25,0
0,0,0,0,65,1,2,1,2,2,2,0,2,2,0,1,1,111.05,7107.0,0
1,0,0,0,72,1,2,1,0,2,2,0,2,2,2,1,0,100.9,7459.05,0
0,0,0,0,12,1,2,1,2,0,0,0,0,0,0,1,2,78.95,927.35,1
1,0,1,1,71,1,2,0,2,2,0,2,0,0,1,1,1,66.85,4748.7,0
1,0,0,0,5,1,0,2,1,1,1,1,1,1,0,0,3,21.05,113.85,1
1,0,0,0,52,1,0,2,1,1,1,1,1,1,2,0,0,21.0,1107.2,0
0,1,1,0,25,1,0,1,0,2,2,0,2,2,0,1,2,98.5,2514.5,1
1,0,0,0,1,1,0,2,1,1,1,1,1,1,0,0,3,20.2,20.2,0
0,0,1,1,1,1,0,2,1,1,1,1,1,1,0,0,2,19.45,19.45,0
1,0,0,0,38,1,2,1,0,0,2,2,2,0,1,0,0,95.0,3605.6,0
0,1,1,0,66,0,1,0,0,2,2,0,2,0,1,0,0,45.55,3027.25,0
1,0,1,0,68,1,2,1,0,2,2,2,2,2,2,1,0,110.0,7611.85,1
1,0,0,0,5,0,1,0,0,0,0,0,0,0,0,0,3,24.3,100.2,0
0,0,1,1,72,1,2,1,2,2,0,0,2,2,1,1,2,104.15,7303.05,0
0,0,0,0,32,0,1,0,2,0,0,0,0,0,1,0,3,30.15,927.65,0
1,0,0,0,43,1,2,1,0,0,0,0,2,2,1,0,3,94.35,3921.3,0
1,0,1,1,72,1,0,2,1,1,1,1,1,1,2,0,1,19.4,1363.25,0
1,0,1,0,55,1,2,1,2,2,0,0,2,0,0,1,2,96.75,5238.9,1
0,0,0,0,52,1,0,0,2,0,2,2,0,0,1,0,1,57.95,3042.25,0
0,0,0,0,43,1,0,1,0,2,2,0,2,0,0,1,2,91.65,3954.1,0
0,1,1,0,37,1,2,1,0,0,0,0,0,0,0,1,2,76.5,2868.15,1
0,0,1,1,64,0,1,0,0,2,0,2,2,2,2,1,2,54.6,3423.5,0
1,0,1,1,3,1,0,1,2,2,0,0,2,0,0,0,2,89.85,248.4,0
0,0,0,0,36,0,1,0,2,0,0,0,0,0,2,0,0,31.05,1126.35,0
0,0,1,1,10,1,2,1,2,0,0,0,2,2,0,1,2,100.25,1064.65,1
0,0,0,0,41,1,0,2,1,1,1,1,1,1,2,0,3,20.65,835.15,0
1,0,1,1,27,1,2,1,0,2,0,2,0,0,0,1,1,85.2,2151.6,0
0,0,1,1,56,1,2,1,0,0,2,0,2,2,1,1,1,99.8,5515.45,0
0,0,0,0,6,1,0,2,1,1,1,1,1,1,0,0,3,20.7,112.75,0
1,0,0,0,3,1,2,1,0,0,0,0,0,0,0,1,2,74.4,229.55,1
0,0,1,1,7,1,0,0,2,0,0,0,0,0,0,0,3,50.7,350.35,0
0,0,1,1,4,1,0,2,1,1,1,1,1,1,0,0,3,20.85,62.9,0
1,0,0,0,33,1,0,1,2,0,0,2,2,0,2,1,2,88.95,3027.65,0
0,1,0,0,27,1,2,1,0,0,2,0,0,0,0,1,2,78.05,2135.5,1
1,0,1,0,72,1,2,2,1,1,1,1,1,1,2,1,0,23.55,1723.95,0
1,0,0,0,1,1,0,2,1,1,1,1,1,1,0,0,3,19.75,19.75,0
1,1,0,0,71,0,1,0,2,2,0,0,2,2,1,1,2,56.45,3985.35,0
0,0,0,0,13,1,2,1,0,0,0,0,0,2,0,1,2,85.95,1215.65,0
0,0,1,1,25,0,1,0,2,2,2,0,2,2,0,1,1,58.6,1502.65,1
1,0,0,0,67,1,0,0,0,0,0,2,0,0,2,0,0,50.55,3260.1,0
1,0,0,0,1,0,1,0,0,0,0,0,0,2,0,1,2,35.45,35.45,1
1,0,0,0,2,1,0,0,0,0,0,0,0,0,0,0,2,44.35,81.25,1
0,0,0,0,43,1,2,2,1,1,1,1,1,1,2,1,1,25.7,1188.2,0
0,0,0,0,23,1,0,1,2,0,0,0,0,0,0,1,0,75.0,1778.5,0
0,0,1,1,64,1,0,2,1,1,1,1,1,1,2,0,3,20.2,1277.75,0
1,0,0,1,57,1,0,2,1,1,1,1,1,1,2,1,3,19.6,1170.55,0
0,1,1,0,1,1,0,1,0,0,0,0,0,0,0,1,3,70.45,70.45,1
0,1,1,1,72,1,2,0,2,2,2,2,2,2,2,1,1,88.05,6425.65,0
0,0,0,0,8,1,2,0,2,0,0,2,0,2,0,0,2,71.15,563.65,1
0,0,1,0,61,1,2,1,0,2,0,0,2,2,2,1,0,101.05,5971.25,0
1,0,0,0,64,1,2,1,2,2,0,0,0,0,1,1,1,84.3,5289.05,0
1,1,1,0,71,1,2,2,1,1,1,1,1,1,2,0,0,23.95,1756.2,0
0,0,1,1,65,1,2,1,2,2,0,2,2,0,2,1,1,99.05,6416.7,0
1,0,0,0,3,1,0,2,1,1,1,1,1,1,1,0,3,19.6,61.35,0
1,0,0,0,1,1,0,0,0,0,0,0,0,0,0,1,2,45.65,45.65,1
1,0,0,1,30,1,0,0,0,2,2,0,2,0,1,0,1,64.5,1929.95,0
1,0,1,1,15,1,0,0,0,2,2,2,0,2,0,1,3,69.5,1071.4,0
0,0,1,1,8,1,0,0,0,0,0,2,2,2,0,1,2,68.55,564.35,0
1,0,0,0,7,1,2,1,0,0,0,0,2,2,0,0,3,95.0,655.5,1
0,0,1,1,70,1,2,1,2,2,2,0,2,2,1,1,1,108.15,7930.55,0
1,0,1,1,62,1,0,0,2,2,2,2,2,2,2,0,2,86.1,5215.25,0
0,0,1,1,6,1,0,2,1,1,1,1,1,1,0,0,3,19.7,113.5,0
0,0,1,1,14,1,0,1,0,0,0,0,0,2,0,1,0,80.9,1152.8,0
0,0,0,0,22,1,2,1,0,0,0,0,2,0,0,1,0,84.15,1821.95,0
1,0,1,1,22,1,0,2,1,1,1,1,1,1,1,0,3,20.15,419.9,0
1,0,1,1,16,1,0,0,2,0,2,0,2,0,2,0,3,64.25,1024.0,0
1,0,0,0,10,1,2,2,1,1,1,1,1,1,2,0,0,25.7,251.6,0
0,0,0,1,13,1,0,0,2,2,0,0,0,0,0,1,2,56.0,764.55,0
0,0,1,0,20,1,2,1,2,0,0,0,0,0,0,0,2,82.4,1592.35,1
0,0,0,0,2,1,0,1,0,0,0,0,0,0,0,1,2,69.7,135.2,0
1,0,0,0,53,1,2,0,0,2,2,2,0,2,2,1,0,73.9,3958.25,0
0,0,1,1,11,1,0,2,1,1,1,1,1,1,1,0,3,20.6,233.9,0
1,0,1,0,69,1,0,2,1,1,1,1,1,1,2,0,3,19.9,1363.45,0
0,0,0,0,4,1,0,1,0,0,0,0,0,0,0,1,0,70.9,273.0,1
1,0,1,0,72,1,2,0,2,2,2,2,2,2,2,1,0,89.05,6254.45,0
1,1,1,0,58,0,1,0,0,2,2,0,0,2,0,1,2,45.3,2651.2,1
0,0,1,1,16,1,0,2,1,1,1,1,1,1,0,0,2,20.4,321.4,0
1,0,1,0,43,1,0,1,2,0,2,2,0,0,1,1,0,84.25,3539.25,0
0,0,1,0,2,1,2,1,0,0,2,2,2,2,0,1,2,104.4,242.8,1
1,0,1,0,14,1,0,0,0,2,2,2,2,2,2,0,3,81.95,1181.75,0
0,0,1,0,53,1,0,1,0,0,2,0,2,2,1,1,0,94.85,5000.2,1
0,0,0,0,32,1,0,2,1,1,1,1,1,1,1,0,0,20.55,654.55,0
0,0,1,0,34,1,2,2,1,1,1,1,1,1,0,0,2,24.7,780.2,0
0,1,0,0,15,1,2,1,0,0,0,0,0,0,0,1,3,74.45,1145.7,1
0,1,0,0,7,1,0,1,2,0,0,0,0,0,0,0,0,76.45,503.6,1
0,0,1,1,15,1,2,1,0,2,2,0,2,2,0,1,0,105.35,1559.25,0
1,0,1,0,61,1,0,2,1,1,1,1,1,1,1,1,1,20.55,1252.0,0
0,0,0,0,1,0,1,0,0,2,0,0,0,0,0,0,0,29.95,29.95,1
0,0,0,0,1,1,0,0,0,0,0,0,0,0,0,0,3,45.3,45.3,0
1,0,0,0,8,1,2,1,0,0,0,0,0,2,0,0,0,84.5,662.65,1
1,0,1,1,33,1,0,0,2,0,2,0,2,2,1,0,1,74.75,2453.3,0
0,0,0,0,13,1,0,1,0,2,2,0,0,0,0,1,2,79.25,1111.65,1
0,0,1,0,1,0,1,0,0,0,0,0,0,0,0,1,2,24.8,24.8,1
1,0,0,0,20,1,0,0,0,2,0,0,0,0,0,1,3,51.8,1023.85,0
1,0,0,0,3,0,1,0,0,0,0,2,0,0,0,0,2,30.4,82.15,0
0,0,0,0,13,1,0,2,1,1,1,1,1,1,1,0,2,19.65,244.8,0
0,0,1,0,40,1,2,0,0,2,0,0,0,0,0,0,1,56.6,2379.1,0
1,0,1,1,43,1,2,0,2,0,0,2,0,2,1,1,1,71.9,3173.35,0
1,0,1,0,6,1,0,1,0,2,2,0,0,2,0,1,2,91.0,531.0,1
0,0,1,1,69,1,0,2,1,1,1,1,1,1,2,0,0,19.75,1375.4,0
0,0,1,1,72,1,2,1,2,2,2,0,2,2,2,0,1,109.7,8129.3,0
1,0,1,1,59,1,0,2,1,1,1,1,1,1,2,0,1,19.3,1192.7,0
0,0,1,0,20,1,0,1,2,2,0,2,2,0,0,1,2,96.55,1901.65,0
1,0,1,1,24,1,2,2,1,1,1,1,1,1,2,1,0,24.1,587.4,0
1,0,0,0,59,1,2,1,0,2,2,2,2,2,0,1,2,111.35,6519.75,0
1,0,1,1,72,1,2,1,0,2,2,2,2,2,2,1,0,112.25,8041.65,0
1,0,0,1,1,1,0,2,1,1,1,1,1,1,0,0,3,20.75,20.75,0
0,0,1,0,27,1,0,1,2,0,0,2,2,2,1,1,1,101.9,2681.15,0
0,0,0,0,14,1,0,1,0,2,0,2,0,0,0,1,1,80.05,1112.3,0
1,0,1,1,71,1,2,1,2,0,2,0,2,2,2,0,2,105.55,7405.5,0
1,0,0,1,13,1,0,1,0,0,0,0,2,0,0,1,1,78.3,1033.95,0
1,0,0,0,44,1,0,1,0,0,0,0,0,0,0,0,1,68.85,2958.95,0
0,0,0,0,33,1,0,1,0,2,0,2,0,0,1,1,0,79.95,2684.85,0
1,0,1,1,72,0,1,0,2,2,2,2,0,2,2,1,1,55.45,4179.2,0
1,0,0,0,1,1,0,1,0,0,0,0,0,2,0,0,2,79.9,79.9,1
0,0,0,0,19,1,0,1,2,0,2,2,2,2,0,1,2,106.6,1934.45,1
1,0,1,0,64,1,0,1,0,2,2,2,2,2,1,1,1,102.45,6654.1,0
1,0,0,0,2,1,0,0,0,0,0,0,0,0,0,1,1,46.0,84.5,1
0,0,0,0,1,0,1,0,0,0,0,0,0,0,0,0,2,25.25,25.25,0
1,0,0,1,61,1,0,2,1,1,1,1,1,1,2,0,3,19.75,1124.2,0
0,0,1,1,29,1,0,2,1,1,1,1,1,1,1,0,2,20.0,540.05,0
1,1,1,0,23,1,2,1,0,0,0,0,0,2,0,0,2,86.8,1975.85,0
0,0,1,0,57,0,1,0,2,2,2,0,2,2,0,1,0,58.75,3437.45,0
1,0,1,1,72,0,1,0,2,2,2,2,0,0,2,0,1,45.25,3139.8,0
1,0,1,0,66,0,1,0,2,2,2,2,2,0,2,1,0,56.6,3789.2,0
1,0,1,1,65,1,2,0,0,2,2,2,2,2,2,1,0,84.2,5324.5,0
0,0,0,0,8,1,0,1,0,0,0,0,2,0,0,1,0,80.0,624.6,0
0,0,0,0,4,1,0,1,0,0,0,0,0,0,0,1,2,70.15,268.35,1
0,0,1,0,71,1,2,2,1,1,1,1,1,1,2,0,0,24.75,1836.9,0
1,0,1,1,1,1,0,2,1,1,1,1,1,1,1,1,2,20.2,20.2,0
1,0,1,0,4,1,0,0,0,0,0,2,0,0,0,0,3,50.05,179.35,1
0,0,0,0,12,1,0,2,1,1,1,1,1,1,1,1,0,19.35,219.35,0
1,0,0,0,24,0,1,0,2,0,0,0,2,2,1,1,3,50.6,1288.75,0
0,0,1,1,31,1,0,0,2,0,2,2,2,2,1,1,3,81.15,2545.75,0
0,0,1,0,1,1,0,0,0,0,0,0,2,0,0,0,3,55.2,55.2,1
1,0,0,0,30,1,2,1,0,0,0,2,0,2,0,1,1,89.9,2723.15,0
0,0,1,1,47,1,2,0,2,2,0,2,2,2,2,1,1,85.3,4107.25,0
1,0,0,0,54,1,2,1,2,2,0,2,2,2,2,1,1,108.0,5760.65,0
1,0,0,0,50,1,0,1,2,2,0,2,0,2,0,1,1,93.5,4747.5,0
1,0,0,0,1,1,0,1,2,0,0,0,0,2,0,1,3,84.6,84.6,1
0,0,0,0,72,1,0,2,1,1,1,1,1,1,2,0,1,20.25,1566.9,0
0,0,0,0,29,1,2,2,1,1,1,1,1,1,0,0,2,25.15,702.0,0
1,0,0,0,2,1,2,0,0,2,0,0,0,0,0,1,3,54.4,114.1,1
0,0,0,0,10,0,1,0,0,0,0,2,0,0,2,1,3,29.6,299.05,0
1,0,1,0,18,1,2,1,0,0,0,0,0,0,0,1,2,73.15,1305.95,0
0,1,0,0,11,1,0,1,0,2,0,0,2,2,0,1,2,95.0,1120.3,1
1,0,0,0,16,1,0,2,1,1,1,1,1,1,2,0,3,19.75,284.35,0
0,0,0,0,72,1,2,0,0,2,2,2,2,2,2,0,0,86.6,6350.5,0
1,0,0,0,72,1,2,1,0,2,2,2,2,2,2,0,0,109.2,7878.3,0
0,0,1,1,41,1,0,0,2,0,0,2,2,2,1,1,1,74.7,3187.65,0
0,1,1,0,65,1,0,1,2,2,2,0,0,2,0,0,2,94.4,6126.15,0
0,1,0,0,13,1,0,0,0,2,2,0,0,0,0,1,2,54.8,731.3,0
1,1,0,0,4,1,0,1,2,0,0,0,0,0,0,0,2,75.35,273.4,0
1,0,0,0,41,1,2,0,0,0,2,0,0,2,1,0,3,65.0,2531.8,0
1,1,0,0,15,1,0,1,0,2,0,0,0,0,0,1,2,74.4,1074.3,1
1,0,0,0,1,1,0,0,2,0,0,0,0,0,0,1,3,48.55,48.55,1
1,0,0,0,42,1,2,1,2,2,2,0,0,2,1,1,2,99.0,4298.45,0
0,0,1,0,51,1,0,1,2,2,2,0,2,0,1,1,2,93.5,4619.55,0
0,0,1,1,2,1,0,1,0,0,0,0,0,0,0,0,2,70.4,147.15,1
1,1,1,0,1,0,1,0,0,2,0,0,2,0,0,0,2,40.2,40.2,1
1,0,0,1,32,1,2,0,0,2,2,2,2,2,1,0,1,83.7,2633.3,0
1,0,0,0,10,1,0,2,1,1,1,1,1,1,0,1,3,19.85,193.05,0
0,0,1,1,67,0,1,0,0,2,2,2,2,2,2,1,2,59.55,4103.9,0
0,0,1,1,61,1,2,1,2,2,2,2,2,2,2,0,1,115.1,7008.15,0
1,0,0,0,50,1,2,1,2,2,2,2,2,2,1,0,1,114.35,5791.1,0
0,0,1,0,2,1,0,0,0,0,0,0,0,0,0,1,1,44.6,80.55,1
0,1,1,0,29,0,1,0,2,0,2,0,0,2,0,1,2,45.0,1228.65,0
1,1,0,0,3,0,1,0,0,0,2,0,0,2,0,1,2,41.15,132.2,1
1,1,0,0,13,1,2,1,0,2,2,0,2,2,0,1,2,106.9,1364.3,1
1,1,1,0,57,1,2,1,0,2,0,0,0,2,0,1,2,89.85,4925.35,0
0,0,0,0,31,0,1,0,2,2,0,2,0,2,2,1,0,49.85,1520.1,0
0,0,1,0,45,1,2,1,2,2,2,2,2,2,1,0,3,113.3,5032.25,0
0,0,1,1,61,1,2,0,2,2,2,2,2,2,2,0,3,88.1,5526.75,0
1,0,0,0,50,1,2,2,1,1,1,1,1,1,2,0,0,24.9,1195.25,0
0,1,0,0,19,1,0,1,2,2,0,2,2,2,0,1,3,105.0,2007.25,0
1,0,0,0,59,1,0,2,1,1,1,1,1,1,2,0,3,19.35,1099.6,1
0,0,1,0,71,1,2,2,1,1,1,1,1,1,2,1,1,24.25,1732.95,0
0,1,0,0,16,1,0,1,0,0,0,2,2,2,0,1,2,94.45,1511.2,1
1,0,1,0,57,1,0,0,2,2,0,2,0,0,2,1,2,59.75,3450.15,0
1,0,0,0,1,0,1,0,0,0,0,0,0,0,0,0,0,24.8,24.8,1
1,1,1,0,20,1,2,1,0,2,0,2,2,2,0,0,2,107.05,2172.05,0
1,0,0,0,1,1,0,1,0,0,0,0,0,0,0,0,3,70.6,70.6,1
1,0,1,0,5,1,2,1,0,2,0,2,0,0,0,1,2,85.4,401.1,1
0,0,1,0,52,1,2,1,0,2,2,0,2,2,0,1,2,105.05,5624.85,1
1,1,1,0,21,1,0,0,2,2,0,0,0,2,0,1,0,64.95,1339.8,0
1,0,0,0,14,0,1,0,0,0,2,2,2,2,0,1,2,55.0,771.95,0
0,0,0,0,5,1,0,0,0,2,0,0,0,0,0,0,0,50.55,244.75,0
0,0,0,0,6,1,0,0,2,2,0,0,0,0,0,0,3,55.15,322.9,0
0,0,0,0,10,1,0,0,0,2,0,0,0,0,0,0,2,51.2,498.25,0
0,0,0,1,1,1,2,2,1,1,1,1,1,1,0,0,3,25.4,25.4,0
0,0,0,0,68,1,2,0,2,0,0,0,0,0,0,0,3,54.45,3687.75,0
1,0,1,1,18,1,0,1,0,0,2,0,2,2,0,0,3,95.15,1779.95,1
0,0,0,0,22,1,2,1,0,0,0,0,0,0,1,1,1,76.0,1783.6,0
0,0,0,0,20,1,0,0,0,0,0,0,0,0,0,1,2,44.35,927.15,0
1,0,1,0,1,1,0,1,0,0,0,0,0,0,0,0,2,70.0,70.0,1
1,1,0,0,8,1,0,1,0,2,0,0,0,0,0,1,2,74.5,606.55,1
1,0,0,0,10,1,0,0,0,0,0,0,0,0,0,1,1,44.85,435.4,1
1,1,0,0,24,1,2,1,0,0,0,0,0,0,0,1,2,76.1,1712.7,1
1,0,0,0,35,1,0,0,2,2,2,0,0,0,1,0,3,61.2,2021.2,0
1,0,1,1,23,1,0,1,0,2,2,2,0,0,1,0,3,86.8,1940.8,0
0,1,0,0,6,1,0,1,0,0,0,0,2,2,0,1,2,89.35,567.8,0
0,0,0,0,12,1,0,2,1,1,1,1,1,1,0,0,3,19.7,220.35,0
1,0,0,0,1,1,0,2,1,1,1,1,1,1,0,0,3,20.25,20.25,0
0,0,1,1,71,1,0,1,0,0,2,0,0,0,2,0,2,76.05,5436.45,0
1,1,1,0,35,1,2,1,0,0,2,0,2,2,0,1,2,100.8,3437.5,0
1,0,1,1,40,1,2,0,0,0,2,0,2,2,0,1,2,74.55,3015.75,0
0,0,0,1,1,1,0,1,2,0,0,0,0,0,0,1,3,73.6,73.6,1
1,0,0,0,23,1,0,0,0,0,0,0,2,2,1,1,0,64.9,1509.8,0
0,1,0,0,4,1,2,1,0,0,0,0,2,2,0,1,2,95.45,396.1,1
1,0,0,0,4,1,0,1,0,0,2,2,0,2,0,1,2,90.4,356.65,0
0,0,1,1,68,0,1,0,0,2,2,2,2,2,2,0,1,60.3,4109.0,0
1,0,0,1,38,1,2,1,0,2,0,0,0,0,0,1,3,81.85,3141.7,0
1,0,1,1,52,1,2,2,1,1,1,1,1,1,2,0,3,24.8,1229.1,0
1,1,1,0,32,1,2,1,0,0,0,0,0,0,0,1,2,74.9,2303.35,1
1,0,1,1,29,1,0,0,0,0,2,2,2,2,2,0,3,75.55,2054.4,0
1,1,1,1,38,1,2,1,0,2,0,0,2,2,0,0,2,101.15,3741.85,0
1,0,0,1,48,1,2,0,2,0,2,0,2,2,1,1,1,78.75,3682.45,0
0,0,0,0,1,1,0,2,1,1,1,1,1,1,0,1,0,19.25,19.25,0
0,0,0,0,22,1,0,1,2,0,0,2,0,2,0,1,2,89.05,1886.25,0
0,0,0,0,43,1,2,1,2,2,2,2,2,2,2,0,1,115.05,4895.1,0
0,1,1,0,5,1,0,1,0,0,0,0,0,0,0,1,2,69.35,341.6,0
1,0,0,0,5,1,0,1,0,0,0,0,2,0,0,1,2,80.6,415.55,1
1,0,1,1,51,1,2,1,2,2,0,2,2,2,1,0,1,110.05,,0
1,0,0,0,71,1,0,2,1,1,1,1,1,1,2,1,1,19.9,1355.1,0
0,0,1,1,38,1,0,0,2,2,0,2,2,2,1,0,1,80.3,3058.65,1
1,1,1,0,24,1,0,1,0,0,2,0,2,2,0,1,2,93.15,2231.05,1
1,0,1,0,35,1,2,1,0,0,0,2,2,0,0,1,1,91.5,3236.35,0
0,1,0,0,54,1,2,0,2,2,0,2,2,2,1,0,0,82.45,4350.1,1
0,0,1,1,72,0,1,0,0,2,2,2,2,2,2,1,2,60.0,4264.0,0
1,0,0,0,1,1,0,0,0,0,0,0,0,0,0,1,2,44.8,44.8,0
0,0,1,1,9,1,0,0,2,0,0,0,0,0,1,0,3,48.6,422.3,0
1,0,0,0,69,0,1,0,2,2,0,2,2,2,2,1,0,60.05,4176.7,0
0,0,1,0,52,1,2,1,0,2,0,2,2,2,0,1,1,102.7,5138.1,0
0,1,1,0,11,1,0,1,0,0,0,2,2,0,0,1,2,82.9,880.05,0
0,1,0,0,2,1,0,1,0,0,0,0,0,0,0,1,2,70.35,139.05,1
0,1,1,1,28,0,1,0,0,0,0,0,2,0,0,1,2,35.9,973.65,0
0,1,0,0,17,1,2,1,0,0,2,0,0,0,0,1,1,82.65,1470.05,0
0,0,1,1,35,1,0,2,1,1,1,1,1,1,2,1,3,19.85,739.35,0
0,0,0,0,8,1,0,2,1,1,1,1,1,1,1,1,3,19.2,161.95,0
1,0,0,0,46,1,2,1,0,2,2,0,2,0,1,1,1,94.9,4422.95,0
0,0,0,0,7,1,2,1,0,0,0,0,0,0,0,1,2,73.85,511.25,1
0,0,0,0,2,1,2,1,0,0,2,0,0,0,0,0,3,80.6,155.8,1
1,0,1,1,68,1,2,0,0,2,2,2,0,2,1,1,0,75.8,5293.95,1
0,0,0,0,43,1,2,1,0,2,2,0,2,2,2,1,2,104.6,4759.85,1
0,0,0,0,68,1,2,0,2,2,2,2,2,2,2,1,2,88.15,6148.45,0
0,0,0,0,36,1,0,1,0,2,0,0,2,2,0,1,1,94.8,3565.65,0
1,0,1,0,63,1,2,1,0,2,2,0,2,2,0,1,2,103.4,6603.0,1
0,1,0,0,32,1,0,0,0,2,0,2,0,0,0,0,0,54.65,1830.1,0
0,0,1,0,71,1,2,0,2,2,2,2,2,2,2,0,1,85.75,6223.8,0
0,0,1,1,66,1,2,0,2,2,2,0,0,0,0,1,0,67.45,4508.65,0
1,0,0,0,63,1,0,2,1,1,1,1,1,1,1,0,3,20.5,1328.15,0
0,0,0,1,41,1,0,2,1,1,1,1,1,1,1,1,1,20.25,865.0,0
0,1,0,0,1,1,2,1,0,0,0,0,0,0,0,1,2,72.1,72.1,0
0,0,0,0,2,1,0,1,0,0,0,0,2,2,0,1,2,90.4,168.2,1
0,0,1,0,70,1,0,2,1,1,1,1,1,1,2,0,0,19.45,1303.5,0
0,0,0,0,23,0,1,0,0,0,0,0,2,2,0,1,2,44.95,996.85,0
0,1,1,0,64,1,0,1,2,2,2,0,0,2,1,0,0,97.0,6430.9,0
1,0,1,1,37,1,2,0,2,0,2,2,0,0,2,1,1,62.8,2278.75,0
1,0,0,1,17,1,0,0,0,0,0,0,0,0,1,0,3,44.6,681.4,0
0,1,0,0,7,1,0,1,0,0,0,0,2,2,0,1,2,89.15,574.35,0
1,0,1,1,4,1,2,1,0,2,2,0,0,0,0,1,0,84.8,371.9,1
0,1,0,0,21,0,1,0,2,0,0,0,2,0,0,1,2,41.9,840.1,1
0,0,0,0,10,1,0,1,0,0,0,0,0,2,0,1,0,80.25,846.0,1
0,1,0,0,16,1,2,0,2,0,0,0,0,0,0,1,2,54.1,889.0,0
1,0,1,0,64,1,2,1,0,2,0,2,2,2,2,1,2,105.25,6823.4,0
1,1,1,0,27,0,1,0,2,0,0,0,0,0,0,0,1,30.75,805.1,1
1,0,1,1,42,1,2,1,2,0,0,0,2,2,1,0,2,97.1,4016.75,0
1,0,0,1,5,1,0,2,1,1,1,1,1,1,0,0,3,20.2,83.75,0
0,0,0,0,41,1,0,1,0,2,0,2,2,2,2,1,0,98.8,3959.15,0
1,0,1,0,58,1,0,0,0,0,2,0,0,0,1,0,1,50.3,2878.55,0
0,0,0,0,47,1,0,2,1,1,1,1,1,1,2,1,3,20.55,945.7,0
1,0,0,0,18,1,0,1,0,0,0,2,0,0,0,1,0,75.9,1373.05,0
1,0,0,0,5,1,0,1,0,0,2,0,2,2,0,0,0,96.5,492.55,1
1,0,1,0,23,1,0,0,2,0,0,0,0,2,0,1,0,59.95,1406.0,0
0,0,0,0,1,1,0,2,1,1,1,1,1,1,0,0,3,19.15,19.15,0
1,0,1,0,71,1,2,1,0,0,2,0,2,2,1,1,1,98.65,6962.85,0
1,0,1,1,72,1,2,1,2,2,2,2,2,2,2,1,1,112.6,8126.65,0
1,0,1,1,33,1,0,2,1,1,1,1,1,1,1,0,3,20.6,690.25,0
1,0,0,0,2,1,2,1,0,0,0,0,2,0,0,1,2,85.65,181.5,1
1,0,0,1,24,0,1,0,2,0,0,2,0,0,2,0,3,35.75,830.8,0
0,0,1,1,56,1,2,1,0,2,2,2,0,2,1,1,1,99.75,5608.4,0
1,0,0,0,37,1,0,1,0,2,0,0,2,2,0,1,1,96.1,3646.8,0
0,0,0,0,43,1,2,0,0,2,2,2,2,2,1,0,1,85.1,3662.25,0
1,0,0,0,1,0,1,0,0,0,0,0,0,0,0,0,3,25.35,25.35,0
0,0,1,0,25,1,2,1,0,0,2,2,2,2,0,1,0,104.95,2566.5,1
0,0,0,0,61,1,2,0,2,2,2,2,2,2,2,0,2,89.65,5308.7,0
1,0,0,0,17,1,2,1,0,0,2,2,0,0,1,0,2,86.75,1410.25,0
0,0,1,0,41,1,0,1,0,2,2,2,0,0,1,1,0,86.2,3339.05,0
1,0,0,0,1,1,0,0,0,2,0,0,0,0,0,0,3,50.65,50.65,1
1,1,1,1,72,0,1,0,2,2,2,2,2,2,2,1,0,64.8,4732.35,0
1,0,0,0,1,1,2,1,0,2,0,0,0,2,0,1,1,90.85,90.85,1
1,0,0,0,48,1,2,1,0,2,2,0,2,2,2,1,0,108.1,5067.45,0
1,1,1,0,11,1,0,2,1,1,1,1,1,1,0,0,3,19.95,214.75,1
0,1,1,0,55,1,2,1,0,2,2,0,0,0,0,1,2,85.45,4874.7,1
0,0,0,0,42,0,1,0,2,2,2,2,0,2,1,1,2,54.75,2348.45,0
1,0,0,0,44,1,2,1,0,0,2,0,0,2,0,1,3,90.4,4063.0,0
1,0,0,1,1,1,0,0,0,0,0,0,0,0,0,0,2,44.0,44.0,0
0,0,0,0,27,1,2,1,0,0,0,0,2,2,0,1,0,95.6,2595.25,0
1,1,1,0,27,1,2,0,0,2,2,2,2,2,0,1,0,84.8,2309.55,0
0,1,0,0,2,1,0,0,0,0,0,0,0,0,0,1,2,44.3,89.3,0
0,0,0,0,19,1,0,2,1,1,1,1,1,1,0,0,3,19.9,367.55,0
0,1,1,0,42,1,2,1,0,0,0,0,2,2,0,1,2,95.05,3944.5,0
0,0,0,0,66,1,2,0,2,2,2,2,2,2,2,1,1,90.05,5965.95,0
1,1,1,0,33,1,2,1,2,0,2,2,2,2,0,1,0,109.9,,0
0,0,0,0,34,1,0,1,0,2,0,0,0,0,0,1,1,73.95,,1
1,1,0,0,33,0,1,0,0,0,2,2,2,2,0,1,2,54.6,1803.7,0
0,0,1,1,23,1,0,2,1,1,1,1,1,1,1,0,3,20.05,415.1,0
0,0,0,0,32,1,0,2,1,1,1,1,1,1,1,0,0,19.75,624.15,0
0,0,0,0,11,1,0,2,1,1,1,1,1,1,1,0,1,20.05,237.7,0
1,0,1,1,69,1,2,1,0,0,2,0,2,2,0,1,1,99.45,7007.6,1
0,0,1,0,68,1,0,0,2,0,0,2,0,0,1,0,0,55.9,3848.8,0
1,0,0,0,20,1,0,2,1,1,1,1,1,1,2,1,3,19.7,419.4,0
1,0,0,0,72,1,0,2,1,1,1,1,1,1,2,1,1,19.8,1468.75,0
1,0,1,1,60,1,2,1,2,0,2,0,2,0,1,1,0,95.4,5812.0,0
1,1,1,1,32,1,0,1,0,2,0,0,2,2,0,1,3,93.95,2861.45,0
0,0,0,0,1,1,0,2,1,1,1,1,1,1,0,1,3,19.9,19.9,1
1,0,0,0,1,1,0,2,1,1,1,1,1,1,0,1,3,19.6,19.6,1
1,1,0,0,3,1,2,1,0,2,0,0,0,0,0,1,2,81.35,233.7,1
0,0,1,0,46,1,2,2,1,1,1,1,1,1,1,1,0,24.45,1066.15,0
0,0,1,0,29,1,2,1,0,0,0,0,0,0,0,1,2,74.95,2149.05,0
1,0,0,0,51,1,2,1,0,2,2,2,0,0,0,1,2,87.35,4473.0,0
0,1,1,0,48,1,0,1,0,0,0,0,0,0,0,1,0,70.65,3545.05,0
0,0,1,1,16,1,0,1,0,2,0,0,0,0,0,0,0,73.25,1195.75,0
1,0,1,0,70,1,2,1,0,2,2,2,0,2,2,1,0,98.7,6858.9,0
0,0,1,1,40,1,2,2,1,1,1,1,1,1,2,1,3,24.8,1024.7,0
0,0,1,1,22,1,0,1,0,2,0,0,0,2,0,0,2,83.3,1845.9,1
0,1,0,0,1,1,0,1,0,0,2,0,0,0,0,1,0,75.3,75.3,1
0,0,1,1,5,1,2,2,1,1,1,1,1,1,0,1,3,24.3,132.25,0
0,0,0,0,7,1,0,1,0,0,0,0,0,0,0,1,0,69.85,515.45,0
1,0,0,1,29,1,2,1,0,2,2,2,0,2,1,0,1,100.55,2830.45,0
1,0,1,1,44,1,2,2,1,1,1,1,1,1,1,0,3,25.7,1110.5,0
0,0,0,0,10,0,1,0,2,2,2,0,0,0,0,0,0,40.7,449.3,0
0,1,1,0,55,1,2,0,0,0,0,0,0,0,0,0,0,51.65,2838.55,0
1,1,1,0,52,1,2,1,0,2,2,0,2,2,1,1,0,105.1,5376.4,0
0,0,1,1,10,1,2,1,0,0,0,0,0,2,0,0,2,85.95,858.6,0
1,0,0,0,18,1,2,1,0,0,0,0,0,0,0,1,0,75.6,1395.05,0
0,0,1,0,68,1,2,0,2,0,0,2,0,0,1,0,0,58.25,3975.7,0
0,0,1,1,61,1,0,2,1,1,1,1,1,1,0,1,3,19.4,1182.55,1
0,0,1,1,72,0,1,0,2,2,2,2,2,2,2,1,1,65.2,4784.45,0
1,0,0,0,2,1,0,0,2,0,2,0,0,0,0,0,2,53.45,119.5,0
1,0,0,0,12,1,0,0,0,0,0,0,0,0,0,1,0,45.4,518.9,1
1,0,1,0,41,1,0,2,1,1,1,1,1,1,2,1,2,19.75,899.45,0
0,0,0,0,26,0,1,0,0,0,2,2,2,0,0,1,1,44.45,1183.8,0
1,0,1,0,36,1,0,2,1,1,1,1,1,1,1,0,0,20.85,720.05,0
1,0,1,1,72,1,2,1,2,2,2,2,2,2,2,1,1,114.05,8468.2,0
1,0,1,0,35,1,2,1,0,0,0,2,0,2,0,1,0,89.85,3161.2,0
1,0,0,0,1,1,0,0,0,0,2,2,0,0,0,0,3,55.05,55.05,0
0,0,1,1,16,1,2,1,2,0,2,2,2,2,0,1,2,112.95,1882.55,0
0,1,0,0,49,1,2,1,2,0,0,0,2,2,0,0,1,101.55,5070.4,0
0,0,1,0,54,1,2,1,2,2,2,2,2,2,1,1,3,114.65,6049.5,0
0,0,0,1,18,1,2,0,2,0,0,0,0,2,0,0,2,64.8,1166.7,0
0,0,1,0,36,1,0,1,0,0,0,0,0,2,0,0,2,80.4,2937.65,0
0,0,0,0,60,1,2,1,0,2,2,0,2,2,0,1,2,105.9,6396.45,1
0,0,0,0,1,1,0,1,0,0,0,0,0,0,0,0,3,69.55,69.55,1
0,0,1,1,52,1,2,2,1,1,1,1,1,1,2,1,0,25.05,1270.25,0
1,0,1,1,8,1,0,1,0,0,2,0,2,2,0,1,2,94.75,759.55,0
1,0,1,1,72,1,0,1,2,2,0,2,2,2,2,0,0,105.5,7611.55,0
0,0,0,0,64,1,2,2,1,1,1,1,1,1,1,0,3,24.7,1642.75,0
0,1,0,0,22,1,0,0,2,0,2,2,0,2,0,1,3,69.75,1545.4,0
1,0,1,0,60,0,1,0,0,2,2,2,2,2,0,1,0,60.2,3582.4,0
0,0,1,1,28,1,0,1,0,0,0,0,0,2,0,1,2,81.05,,1
0,0,1,0,61,1,2,2,1,1,1,1,1,1,2,0,3,24.4,1417.9,0
0,0,0,0,24,1,2,1,0,2,2,0,2,2,0,1,2,104.15,2494.65,0
1,0,1,1,28,1,0,1,0,2,2,2,2,0,1,0,0,92.9,2768.35,0
0,0,1,1,30,1,0,0,0,2,2,2,2,2,2,0,0,80.8,2369.3,0
1,0,1,0,2,1,0,2,1,1,1,1,1,1,0,0,3,20.0,38.0,0
1,0,0,0,1,1,2,1,0,0,0,0,0,0,0,1,2,75.1,75.1,0
1,0,0,1,6,1,0,2,1,1,1,1,1,1,0,0,3,19.65,100.9,0
0,0,1,0,24,1,0,0,0,2,0,0,2,2,0,1,0,69.45,1614.05,0
1,0,1,1,4,1,2,1,0,0,2,0,2,2,0,0,2,101.15,385.9,1
1,0,0,0,7,1,2,1,0,2,0,0,2,2,0,1,2,99.8,673.25,1
1,1,1,0,72,1,2,1,2,2,2,2,2,2,2,1,0,116.05,8404.9,0
1,0,0,0,70,0,1,0,0,0,0,2,0,2,2,1,3,40.05,2799.75,0
1,1,1,0,64,1,2,1,0,0,2,2,2,2,2,0,2,102.1,6538.45,0
1,0,1,1,72,1,2,1,0,2,0,0,2,0,1,1,2,89.7,6588.95,0
0,0,0,1,44,1,0,2,1,1,1,1,1,1,2,0,3,19.9,868.1,0
0,0,1,1,13,1,0,0,0,0,0,0,0,2,0,0,2,55.95,734.35,1
0,1,0,0,17,1,0,2,1,1,1,1,1,1,1,0,3,20.65,330.6,0
1,0,0,0,1,1,0,0,0,0,0,0,0,2,0,1,2,55.0,55.0,1
1,0,1,0,9,1,0,0,0,0,2,0,2,2,0,1,3,70.05,564.4,0
1,0,1,0,24,1,0,0,2,0,0,2,0,0,0,0,3,53.6,1315.35,0
0,0,1,1,1,1,0,1,0,2,0,0,0,0,0,1,2,74.7,74.7,1
1,0,0,0,24,1,2,1,0,2,0,0,0,0,0,1,2,80.25,1861.5,1
1,1,1,1,35,1,0,0,0,2,0,2,2,2,0,1,2,76.05,2747.2,0
0,0,1,1,7,1,0,0,2,2,2,2,2,0,0,1,2,75.7,554.05,0
1,0,0,0,5,1,0,1,0,0,0,2,2,2,0,1,2,96.1,453.4,1
0,0,0,1,15,1,0,1,0,0,0,0,0,0,0,0,0,69.0,994.8,1
1,0,1,1,11,1,0,2,1,1,1,1,1,1,2,0,3,19.65,225.75,0
0,0,1,0,48,0,1,0,2,0,2,0,0,2,0,1,0,45.3,2145.0,1
0,1,0,0,20,1,0,1,0,0,0,0,0,2,0,1,2,81.45,1671.6,0
0,0,1,0,72,1,2,1,0,2,2,2,2,2,1,1,0,108.5,8003.8,0
0,0,1,1,8,1,0,1,0,2,0,0,2,0,0,1,2,83.55,680.05,1
1,0,1,1,72,1,2,1,0,0,0,0,0,2,2,1,1,84.5,6130.85,0
0,0,0,0,15,1,2,1,0,2,0,0,2,2,0,1,2,100.15,1415.0,0
1,0,0,0,72,1,2,0,0,2,2,2,2,2,2,1,0,88.6,6201.95,0
1,0,0,1,1,1,2,1,0,0,0,0,0,0,0,1,2,74.35,74.35,1
1,0,1,1,63,1,2,1,0,2,2,0,2,2,2,1,0,104.8,6597.25,0
0,0,0,0,2,1,0,0,0,2,0,0,2,0,0,1,2,59.0,114.15,0
0,0,1,0,2,1,0,1,2,0,0,0,0,0,0,1,2,74.4,139.4,1
1,1,1,0,61,1,2,0,0,2,0,0,0,2,1,0,0,64.05,3902.6,0
1,0,0,0,1,1,0,2,1,1,1,1,1,1,0,0,3,20.4,20.4,0
1,0,0,0,22,0,1,0,0,2,2,0,0,2,1,1,0,43.75,903.6,1
1,0,1,0,28,1,0,0,2,2,0,2,0,0,0,0,3,60.9,1785.65,0
0,0,1,0,70,1,0,2,1,1,1,1,1,1,2,0,0,19.8,1397.65,0
0,1,0,0,5,0,1,0,0,2,0,0,0,0,0,0,2,28.45,131.05,1
0,0,0,0,12,1,2,1,2,2,2,0,0,2,0,1,0,99.7,1238.45,1
1,0,0,0,34,1,2,1,2,2,2,2,2,2,1,0,1,116.25,3899.05,0
0,1,1,0,71,1,2,1,2,0,0,0,0,0,2,1,1,80.7,5676.0,0
0,0,1,1,70,1,2,0,2,0,0,0,0,2,1,0,0,65.2,4543.15,0
0,0,1,1,52,1,0,1,2,0,2,2,0,0,0,1,0,84.05,4326.8,0
1,0,0,1,69,1,2,0,2,2,2,2,2,0,2,1,1,79.45,5502.55,0
0,1,0,0,20,1,2,1,0,2,2,0,0,2,0,1,2,94.1,1782.4,1
1,0,0,1,11,1,2,1,0,0,2,0,0,0,0,1,3,78.0,851.8,0
1,0,1,0,2,1,0,1,0,0,0,2,2,2,0,1,2,94.2,167.5,1
0,0,1,1,6,1,2,1,0,0,0,2,0,0,0,1,2,80.5,502.85,1
0,0,0,0,1,1,0,2,1,1,1,1,1,1,0,0,3,19.85,19.85,0
1,1,1,1,20,1,0,1,2,0,2,2,0,2,1,0,1,94.3,1818.3,0
1,0,0,0,61,1,2,1,2,0,2,0,2,2,0,1,2,106.45,6300.15,0
0,1,1,0,5,1,2,1,0,0,0,0,0,0,0,1,2,74.35,334.8,1
0,0,0,0,56,1,2,1,0,2,0,2,2,2,0,1,0,105.45,5916.95,0
1,0,0,0,30,1,2,1,2,2,2,2,0,0,0,1,1,95.0,2852.4,0
1,0,0,0,40,1,2,1,0,0,2,2,2,2,0,0,0,104.8,4131.95,1
0,0,0,0,28,1,0,0,2,0,0,2,0,0,1,0,3,54.3,1546.3,0
0,1,1,0,5,1,0,1,0,0,0,0,0,0,0,0,2,70.05,302.6,0
0,1,1,0,27,1,0,1,2,0,0,0,0,0,0,1,0,75.2,1929.35,1
1,0,0,0,12,1,0,2,1,1,1,1,1,1,0,0,1,20.05,265.45,0
1,0,1,1,67,1,2,1,0,2,2,0,2,2,1,1,2,105.4,6989.45,0
1,1,1,0,29,1,2,0,0,0,0,0,0,0,0,1,2,51.6,1442.0,0
1,0,1,1,55,1,2,1,0,0,0,0,0,2,0,0,0,85.5,4713.4,0
0,0,0,0,23,1,2,1,0,0,0,0,0,0,0,0,0,75.6,1758.6,1
1,0,1,0,34,1,2,1,0,0,2,0,2,2,0,1,2,100.05,3480.0,1
1,0,0,0,52,1,0,1,2,0,2,0,2,0,1,0,2,91.25,4738.3,0
1,1,1,1,72,1,2,1,2,2,2,2,2,2,2,1,1,115.75,8399.15,0
1,0,1,1,58,1,2,1,0,2,0,2,2,0,1,1,1,94.7,5430.35,0
1,0,1,1,35,1,0,2,1,1,1,1,1,1,2,0,3,19.6,686.95,0
0,1,0,0,56,1,2,1,0,2,2,2,2,0,2,1,0,99.9,5706.3,0
0,0,1,1,24,1,0,2,1,1,1,1,1,1,2,1,1,21.1,490.65,0
1,0,1,1,70,1,0,2,1,1,1,1,1,1,2,0,1,20.05,1360.25,0
1,0,0,0,2,1,0,1,0,0,0,0,2,0,0,1,2,79.95,174.45,0
1,1,1,1,68,1,2,1,0,0,2,2,2,2,1,1,1,107.15,7379.8,0
0,0,0,0,1,1,2,1,0,0,0,0,0,2,0,1,2,85.0,85.0,1
1,0,0,0,12,1,2,1,0,0,2,0,2,0,0,1,2,89.55,1021.75,0
0,0,1,0,63,1,2,1,0,2,0,0,0,0,0,1,0,81.55,5029.05,0
0,0,1,1,33,1,0,0,2,2,2,0,0,0,1,1,3,58.45,1955.4,0
0,0,1,0,69,1,0,1,0,2,0,0,2,2,1,1,1,95.65,6744.2,0
0,0,1,1,60,1,0,0,0,2,2,2,2,2,2,1,0,80.6,4946.7,0
0,0,1,1,72,1,2,1,2,2,2,2,2,2,2,1,0,113.1,8248.5,0
0,0,0,0,11,1,2,0,0,0,0,0,0,2,0,1,3,58.95,601.6,0
0,0,0,0,1,1,0,2,1,1,1,1,1,1,0,0,3,19.55,19.55,0
1,0,0,0,10,1,2,1,0,0,0,0,2,0,0,1,0,86.05,834.1,1
1,0,0,0,13,0,1,0,2,0,0,2,2,0,0,1,1,45.55,597.0,1
1,0,1,1,34,1,0,1,0,0,0,0,0,2,1,1,0,78.95,2647.2,0
1,0,1,1,39,1,0,1,0,2,0,0,2,0,0,1,3,86.3,3266.0,1
0,0,0,0,65,1,2,1,0,2,0,2,2,2,1,1,0,105.05,6744.25,0
1,1,1,0,50,1,2,1,2,2,2,0,2,0,1,1,0,101.9,5265.5,0
1,0,0,0,15,1,0,2,1,1,1,1,1,1,0,0,3,19.75,311.6,0
1,0,1,1,72,1,2,1,2,2,2,0,2,2,2,1,0,110.3,7966.9,0
0,0,1,1,72,1,2,1,2,2,2,2,2,2,2,1,0,115.6,8220.4,0
1,0,1,1,55,1,0,2,1,1,1,1,1,1,2,0,0,19.35,1153.25,0
0,0,1,1,23,1,2,2,1,1,1,1,1,1,2,1,1,25.6,514.75,0
1,0,0,0,32,1,2,1,0,2,0,0,0,0,0,1,0,80.35,2596.15,1
0,0,1,1,56,1,2,0,2,0,2,0,0,2,1,1,0,68.75,3808.0,0
0,0,0,0,1,1,0,2,1,1,1,1,1,1,0,0,0,19.9,19.9,0
1,0,0,0,38,1,0,0,2,2,0,2,2,0,1,0,3,70.6,2708.2,0
1,0,0,0,11,1,0,1,0,0,0,0,0,0,0,0,2,70.2,760.05,0
1,0,0,0,1,1,0,0,0,0,0,2,0,0,0,1,2,49.3,49.3,0
1,0,1,0,56,1,2,1,0,2,0,2,2,2,1,1,2,107.25,6033.3,0
1,0,1,0,3,1,2,2,1,1,1,1,1,1,0,1,3,23.6,89.05,0
1,0,1,1,7,1,0,0,2,0,0,0,2,2,0,0,1,69.7,516.15,0
1,0,1,1,59,1,2,1,0,0,2,0,2,2,2,1,1,99.5,5861.75,0
1,0,0,0,7,1,0,0,0,0,2,2,2,0,0,0,0,64.3,445.95,0
1,0,1,1,71,1,0,0,2,0,2,2,0,2,2,1,1,70.85,4973.4,0
1,0,1,1,15,1,0,1,2,0,0,2,2,2,1,0,2,101.9,1667.25,0
1,0,1,0,71,1,2,0,2,2,0,2,2,0,2,0,1,73.5,5357.75,0
0,0,0,0,35,1,2,1,0,0,2,0,2,2,0,1,2,100.25,3527.6,1
0,0,0,0,11,0,1,0,0,2,2,2,0,0,1,1,1,40.4,422.6,0
0,0,1,1,60,1,0,2,1,1,1,1,1,1,2,1,1,19.25,1103.25,0
1,1,0,0,47,1,2,0,0,2,0,2,0,0,2,0,0,59.6,2754.0,0
0,0,0,0,11,1,0,0,0,0,2,2,0,2,1,0,1,64.9,697.25,0
1,0,1,0,56,1,2,1,0,2,0,0,2,2,1,0,1,100.3,5614.45,1
0,1,1,0,28,1,2,1,0,2,2,2,2,2,0,1,2,110.85,3204.4,0
1,0,1,0,61,1,0,0,2,2,0,2,2,2,2,1,3,81.05,4747.65,0
1,0,1,1,31,1,2,1,2,0,2,0,2,0,1,0,0,98.05,3082.1,0
1,0,0,0,9,1,0,1,0,0,0,0,0,0,0,1,2,70.5,597.9,0
1,1,1,0,35,1,2,1,2,2,0,0,0,2,0,1,2,94.55,3365.4,0
1,0,0,0,2,1,0,2,1,1,1,1,1,1,0,1,3,19.65,38.8,0
0,0,1,1,12,1,0,2,1,1,1,1,1,1,0,0,3,19.0,233.55,1
0,0,0,0,1,1,0,1,2,0,0,0,0,0,0,0,3,75.3,75.3,1
0,1,0,0,4,1,2,1,0,0,2,0,2,0,0,1,2,89.2,346.2,1
0,0,1,1,1,1,0,2,1,1,1,1,1,1,0,1,3,19.0,19.0,0
0,0,0,0,3,1,0,2,1,1,1,1,1,1,0,1,3,20.0,61.7,0
0,1,0,0,1,1,2,1,0,0,0,0,2,0,0,1,2,85.7,85.7,1
1,0,0,0,52,1,0,0,2,2,0,0,2,0,2,1,1,63.25,3342.45,0
1,0,1,1,5,1,0,2,1,1,1,1,1,1,1,0,3,20.1,85.1,0
1,0,1,0,72,1,2,1,2,2,2,0,0,2,2,1,2,99.15,7422.1,0
1,0,1,1,71,1,2,0,2,2,2,2,2,2,2,0,2,90.4,6668.05,0
1,0,1,0,72,1,2,1,2,0,2,2,2,2,2,1,1,111.9,8071.05,0
1,0,1,1,46,1,2,2,1,1,1,1,1,1,1,0,2,24.9,1174.8,0
1,0,1,1,63,1,2,0,2,2,2,0,2,2,2,0,1,83.5,5435.0,0
1,0,0,0,30,1,0,1,2,2,2,0,0,0,0,1,1,84.3,2438.6,0
1,0,0,0,1,1,0,0,0,0,0,0,0,0,0,0,3,45.6,45.6,0
0,0,0,0,12,1,2,0,2,0,2,2,0,0,0,1,3,61.65,713.75,1
1,0,0,0,16,0,1,0,2,2,2,2,2,0,2,0,3,54.85,916.15,0
1,0,0,0,4,1,2,0,0,0,0,2,0,2,0,0,3,65.55,237.2,0
1,0,1,0,51,1,2,1,0,2,0,0,0,2,1,1,1,90.35,4614.55,0
1,0,1,0,65,1,0,2,1,1,1,1,1,1,2,1,1,20.4,1414.45,0
1,0,0,0,16,1,0,1,0,0,0,2,0,0,0,1,1,74.55,1170.5,0
1,0,0,0,2,1,0,2,1,1,1,1,1,1,1,0,3,19.95,47.7,0
0,0,1,1,66,1,2,1,0,0,0,0,0,0,1,1,0,74.25,4859.25,0
1,0,0,0,46,1,2,1,0,2,2,2,2,2,2,0,2,108.65,4903.2,0
0,0,0,0,32,1,2,1,2,0,2,2,2,2,1,1,0,109.55,3608.0,0
1,0,1,0,72,1,2,0,2,0,2,2,2,2,2,0,1,86.65,6094.25,0
1,0,1,1,38,1,0,0,2,0,2,2,2,2,2,0,1,81.0,3084.9,0
1,0,0,1,51,1,0,0,0,0,0,2,0,0,1,0,1,47.85,2356.75,0
1,0,1,1,72,1,2,1,2,2,2,2,2,2,2,0,0,114.55,8306.05,0
0,1,1,0,65,1,2,1,2,0,2,0,2,2,0,0,0,105.25,6786.4,1
1,0,1,1,9,0,1,0,0,2,0,0,0,0,0,1,2,29.95,248.95,1
0,0,1,1,9,1,0,0,2,2,2,2,0,0,0,0,3,65.0,663.05,1
1,0,0,1,66,1,0,2,1,1,1,1,1,1,2,0,3,20.55,1357.1,0
0,1,0,0,44,1,2,1,2,2,2,0,2,2,1,1,1,109.8,4860.35,0
1,0,0,0,50,1,2,0,0,0,2,2,0,2,2,0,0,69.5,3418.2,0
0,0,0,0,15,1,2,0,0,0,0,0,0,0,0,0,3,48.85,631.4,0
1,0,0,0,8,0,1,0,0,0,0,0,0,0,0,1,1,25.25,186.3,0
0,1,0,0,66,1,2,1,0,0,2,2,2,2,1,1,1,102.85,6976.75,0
0,0,0,0,57,1,2,1,2,2,0,2,0,0,0,1,0,87.55,4884.85,0
0,0,0,0,7,1,2,1,0,2,0,0,0,0,0,1,0,78.55,522.95,0
1,1,1,1,10,0,1,0,0,0,0,0,0,2,0,1,0,34.55,362.6,0
0,0,0,0,62,1,2,1,2,2,2,0,0,0,1,1,2,92.05,5755.8,0
1,0,1,1,40,1,0,1,0,0,2,0,2,0,1,1,2,85.05,3355.65,0
0,0,0,0,20,1,0,2,1,1,1,1,1,1,2,0,3,19.7,406.95,0
0,0,0,0,7,1,0,2,1,1,1,1,1,1,0,0,0,20.0,137.6,1
0,0,1,0,25,1,0,1,0,0,0,2,2,2,0,1,2,95.15,2395.7,0
1,0,1,0,23,1,2,1,0,2,2,0,0,0,0,0,2,84.25,1968.1,0
0,1,1,0,66,1,2,1,0,2,2,0,2,2,1,0,1,104.6,6819.45,0
0,1,0,0,72,1,2,1,0,2,2,2,2,2,2,0,2,111.65,7943.45,0
1,1,1,0,49,1,2,1,0,2,0,0,0,2,0,0,1,90.05,4547.25,1
1,1,1,1,43,1,2,1,0,2,2,2,2,2,0,1,0,110.75,4687.9,1
0,0,1,0,46,1,2,0,2,0,0,0,0,0,0,0,0,55.0,2473.95,0
1,0,1,1,72,1,2,0,2,2,2,2,2,2,2,0,1,89.85,6562.9,0
1,0,0,0,10,1,0,2,1,1,1,1,1,1,1,0,3,20.35,176.3,0
0,0,0,0,40,0,1,0,2,0,0,2,2,2,1,1,0,54.55,2236.2,0
0,0,1,1,65,1,2,1,0,2,2,0,2,2,0,1,2,105.5,6985.65,1
1,0,0,0,31,1,0,1,0,0,2,2,2,2,2,0,0,99.45,3109.9,0
0,0,1,0,68,1,2,0,2,2,2,2,0,0,2,0,1,70.9,4911.35,0
1,1,1,1,56,1,2,1,2,0,2,0,2,2,1,1,0,104.55,5794.65,1
1,0,1,0,10,1,2,1,0,0,0,0,0,2,0,1,2,85.25,855.3,1
1,0,1,1,68,1,2,2,1,1,1,1,1,1,2,0,0,25.4,1620.2,0
0,0,1,1,43,1,0,0,0,0,0,0,2,0,0,0,2,56.15,2499.3,1
1,0,0,0,1,1,0,1,0,0,0,0,2,2,0,1,2,89.55,89.55,1
0,1,0,0,49,1,0,1,0,2,2,0,0,2,1,1,0,89.85,4287.2,0
0,0,1,1,15,1,2,2,1,1,1,1,1,1,0,1,2,25.25,394.85,0
1,1,1,0,20,1,2,1,0,0,0,0,2,2,0,1,2,94.55,1899.65,1
1,0,0,0,1,1,0,0,0,0,0,0,0,0,0,1,3,45.7,45.7,1
1,0,1,1,50,1,2,0,0,0,2,2,2,0,1,1,2,69.65,3442.15,0
0,1,0,0,2,1,2,1,0,2,0,0,0,2,0,0,2,89.5,161.5,1
1,1,0,0,24,1,0,1,0,0,0,0,0,0,0,0,1,70.0,1732.6,0
0,0,0,0,3,1,0,1,0,0,0,0,0,0,0,1,0,69.55,222.3,1
0,0,0,0,1,1,0,1,0,0,2,0,0,0,0,1,3,74.6,74.6,1
1,0,1,1,35,1,0,2,1,1,1,1,1,1,2,0,3,20.1,655.3,0
0,0,0,0,17,1,2,2,1,1,1,1,1,1,0,0,3,24.8,475.25,0
0,1,0,0,8,1,0,2,1,1,1,1,1,1,0,0,2,19.65,164.3,1
1,0,0,0,10,1,0,1,0,0,0,2,2,2,0,1,1,95.1,865.1,0
1,0,1,1,68,1,2,0,2,2,2,2,2,2,2,1,1,88.85,6132.7,0
1,0,1,0,45,1,0,0,2,2,2,0,2,2,1,0,0,78.8,3597.5,0
1,0,1,1,2,1,0,2,1,1,1,1,1,1,1,0,3,19.85,35.9,1
1,0,1,0,37,1,0,2,1,1,1,1,1,1,0,0,0,20.35,697.65,0
0,0,0,0,4,0,1,0,0,0,0,0,0,0,0,1,3,24.25,96.05,1
0,0,0,0,10,1,0,0,0,0,0,0,0,0,0,0,3,45.25,428.7,0
1,0,0,0,1,1,0,2,1,1,1,1,1,1,0,0,3,20.05,20.05,0
1,0,1,1,65,1,2,0,2,2,0,0,0,2,2,1,3,69.55,4459.15,0
0,0,1,1,57,1,0,2,1,1,1,1,1,1,2,0,0,19.5,1167.6,0
0,0,0,0,3,1,0,1,0,0,2,0,0,0,0,1,3,74.75,238.1,0
0,0,0,0,2,1,0,1,0,0,0,0,0,0,0,0,2,69.65,145.15,1
1,0,0,0,49,0,1,0,0,0,2,0,0,0,0,1,0,30.2,1453.1,0
0,0,0,0,4,1,0,0,0,0,0,0,0,0,0,0,3,45.65,191.05,1
0,0,1,0,70,0,1,0,0,2,2,2,2,2,2,0,0,57.8,4039.3,0
0,0,1,1,53,1,0,2,1,1,1,1,1,1,1,1,0,19.85,1039.45,0
1,0,1,1,53,1,2,2,1,1,1,1,1,1,2,0,1,25.55,1336.1,0
0,0,0,0,1,1,2,1,0,0,0,0,0,0,0,1,3,75.05,75.05,1
1,0,0,0,22,1,2,2,1,1,1,1,1,1,0,1,1,24.85,493.4,0
1,1,0,0,52,0,1,0,0,2,0,0,2,2,0,1,2,49.15,2550.9,1
1,1,0,0,65,1,2,1,2,0,2,2,2,2,2,1,2,110.35,7246.15,0
0,0,0,0,48,1,2,2,1,1,1,1,1,1,1,0,0,24.55,1203.95,0
0,0,0,0,2,0,1,0,0,0,0,0,0,2,0,1,2,34.7,62.25,1
1,0,0,0,3,1,2,1,0,2,2,0,2,2,0,0,3,107.95,313.6,0
1,0,1,0,45,1,2,1,0,2,0,0,0,0,0,0,0,81.4,3775.85,0
1,0,1,1,1,1,0,1,0,0,0,0,0,2,0,0,2,80.0,80.0,1
0,0,1,1,61,1,0,0,0,0,2,2,2,2,2,1,0,73.8,4616.05,0
1,0,0,0,3,1,0,0,2,0,0,2,2,0,0,1,1,64.4,195.65,0
0,1,0,0,40,1,2,1,0,0,2,2,2,2,1,1,1,103.75,4188.4,0
0,0,0,0,1,1,0,1,0,0,0,0,0,0,0,0,3,71.1,71.1,0
0,0,0,0,1,1,0,0,0,0,0,2,0,0,0,1,2,49.9,49.9,0
1,0,0,0,51,1,2,2,1,1,1,1,1,1,1,1,0,24.6,1266.4,0
1,1,0,0,2,1,0,0,2,0,0,0,0,0,0,1,2,49.25,91.1,1
1,0,0,0,52,0,1,0,0,2,0,0,0,0,1,0,3,30.1,1623.4,0
1,0,0,0,51,1,2,1,0,0,0,0,0,2,0,0,0,83.4,4149.45,0
1,0,0,0,1,1,0,2,1,1,1,1,1,1,0,1,3,20.45,20.45,0
1,0,1,1,31,1,2,0,2,2,0,2,0,2,1,1,0,75.25,2344.5,0
1,0,0,1,47,1,0,2,1,1,1,1,1,1,1,0,1,20.55,1013.05,0
0,0,0,0,3,1,2,1,0,0,0,0,0,0,0,1,1,75.1,270.7,1
0,1,0,0,22,1,0,2,1,1,1,1,1,1,1,1,3,20.05,417.0,0
0,0,1,0,1,1,0,2,1,1,1,1,1,1,0,1,3,20.65,20.65,0
1,0,1,0,72,1,2,0,0,2,2,2,2,2,2,1,0,85.15,6316.2,0
1,0,1,1,3,1,0,0,0,0,2,0,0,0,0,1,2,50.15,168.15,1
1,1,1,1,47,1,0,1,0,2,0,0,2,0,1,1,0,84.95,4018.05,0
1,0,1,1,72,1,2,0,2,0,2,2,0,0,2,1,1,66.5,4811.6,0
1,0,1,1,66,1,2,0,0,0,2,0,2,0,2,1,0,63.3,4189.7,0
1,0,0,0,35,1,2,1,0,0,0,0,2,0,0,0,2,83.15,2848.45,0
1,0,0,0,29,1,2,1,0,0,0,0,0,2,0,1,2,84.9,2516.2,0
0,0,0,0,2,1,0,2,1,1,1,1,1,1,0,1,3,20.55,33.6,0
1,0,0,0,4,1,0,0,0,2,0,0,0,0,0,0,3,49.25,208.45,0
0,0,0,0,25,1,0,1,2,2,0,0,0,0,0,1,0,79.85,2015.35,1
0,0,0,0,65,1,0,0,2,2,0,2,0,0,2,1,3,59.6,3739.8,0
1,1,0,0,27,1,2,1,0,2,0,2,2,2,1,1,0,104.65,2964.0,0
1,0,1,0,29,1,0,1,0,0,2,0,0,0,0,1,1,75.3,2263.4,0
1,0,1,1,29,1,2,0,0,2,2,0,2,2,0,0,1,80.1,2211.8,0
1,0,0,0,1,1,0,2,1,1,1,1,1,1,0,0,3,19.55,19.55,1
0,0,1,0,20,1,0,1,0,0,2,2,0,0,0,1,3,81.0,1683.7,0
0,0,0,0,58,1,2,2,1,1,1,1,1,1,2,1,1,24.7,1519.0,0
0,0,0,1,14,1,2,1,2,0,0,2,0,0,0,1,3,86.0,1164.05,0
1,0,1,0,72,1,2,2,1,1,1,1,1,1,2,0,3,25.4,1710.9,0
1,0,0,0,46,1,2,1,2,0,0,0,2,0,0,1,1,89.15,4245.55,0
0,0,1,0,71,0,1,0,0,2,2,2,2,2,2,0,0,58.25,4145.9,0
1,0,0,0,32,1,2,1,0,0,0,0,0,2,0,1,0,85.65,2664.3,0
0,0,0,0,26,0,1,0,0,0,2,0,2,2,0,1,1,50.35,1277.5,0
1,1,1,0,68,1,2,1,0,0,2,0,0,0,0,1,1,80.35,5589.3,0
1,0,1,1,2,1,0,2,1,1,1,1,1,1,1,0,3,20.2,34.75,0
1,0,1,1,61,1,0,2,1,1,1,1,1,1,2,0,1,20.55,1305.95,0
0,0,1,1,4,1,2,1,0,0,0,0,0,2,0,1,2,85.95,381.3,1
1,0,0,0,3,1,0,0,0,0,0,0,0,0,0,1,2,45.35,141.5,1
1,1,1,0,33,1,2,1,0,0,0,0,2,2,0,1,2,94.5,3105.55,1
1,1,1,0,9,1,0,2,1,1,1,1,1,1,0,1,3,21.25,204.55,0
0,0,0,0,22,1,2,2,1,1,1,1,1,1,2,0,3,26.25,605.9,0
0,0,1,1,5,1,0,1,0,0,0,0,2,0,0,1,2,80.85,356.1,0
0,1,0,0,30,1,2,1,2,2,2,0,0,0,0,0,1,91.7,2758.15,1
1,0,0,0,65,1,2,0,0,2,2,2,0,2,2,1,1,74.2,4805.65,0
0,0,0,0,45,1,2,1,0,0,2,2,0,0,0,1,2,87.25,3941.7,1
1,0,0,0,5,1,0,2,1,1,1,1,1,1,0,0,3,20.35,92.75,0
1,0,1,1,25,1,0,1,0,2,0,0,0,0,0,1,2,75.5,1901.05,0
0,0,1,1,72,1,2,1,2,0,0,0,0,0,2,0,0,79.05,5730.7,0
0,0,1,0,27,1,2,1,0,0,2,0,0,2,0,0,0,90.15,2423.4,0
1,0,1,1,32,0,1,0,0,0,2,0,2,2,0,0,1,50.6,1653.45,0
0,0,0,0,30,1,2,1,0,2,2,2,2,2,1,0,1,110.45,3327.05,0
1,0,1,0,70,1,0,1,2,2,2,2,0,2,2,0,1,101.0,7085.5,0
1,1,0,0,42,1,2,1,0,2,0,0,0,0,0,1,0,79.35,3344.1,0
0,1,1,0,72,1,2,0,2,2,2,2,2,2,2,1,0,89.85,6697.35,0
0,0,0,0,47,1,2,0,2,0,2,2,0,0,2,1,3,65.0,2879.9,0
0,0,0,0,2,1,0,1,2,0,2,0,0,0,0,1,2,80.45,137.1,0
1,0,0,0,10,1,2,1,2,0,0,0,2,2,0,0,2,98.55,1008.55,1
0,0,1,1,61,1,2,2,1,1,1,1,1,1,2,1,3,24.1,1551.6,0
0,0,0,0,5,1,0,0,0,0,0,0,0,0,0,1,1,44.05,202.15,0
0,1,1,0,72,1,2,1,0,2,2,2,2,2,2,1,1,110.8,7882.25,0
1,1,1,1,72,1,2,1,2,2,2,2,2,2,2,1,0,114.95,8196.4,0
0,1,0,0,3,1,0,1,0,0,2,0,0,0,0,0,3,75.05,202.9,0
1,0,1,0,48,1,0,2,1,1,1,1,1,1,2,0,3,19.25,855.1,0
0,0,0,0,63,1,0,1,0,0,2,2,2,0,1,1,1,90.05,5817.0,0
0,0,0,0,27,1,0,0,2,2,0,0,0,0,0,1,3,56.7,1652.95,0
1,0,1,1,70,1,0,0,2,2,2,0,2,2,2,1,1,80.15,5600.15,0
1,0,1,1,7,1,0,0,2,0,2,2,0,2,0,1,1,71.35,515.75,0
0,0,1,0,2,1,0,1,2,2,0,0,2,0,0,0,2,90.35,190.5,0
1,1,0,0,20,1,2,1,0,0,2,0,2,2,0,1,2,98.55,1842.8,1
1,0,0,0,66,1,0,2,1,1,1,1,1,1,2,0,0,19.7,1253.8,0
0,0,0,0,3,1,0,2,1,1,1,1,1,1,0,0,3,19.85,57.2,0
0,0,0,1,15,1,0,1,0,2,0,0,0,2,0,1,0,85.9,1269.55,1
0,0,1,1,72,1,2,1,2,2,0,2,0,0,2,1,0,90.35,6563.4,0
1,0,0,0,1,1,0,2,1,1,1,1,1,1,0,0,3,20.8,20.8,0
0,0,0,0,22,1,0,1,0,0,0,0,2,2,0,0,2,89.25,1907.85,1
1,0,1,0,3,1,0,1,0,0,0,0,0,0,0,1,2,70.3,208.85,1
0,0,1,1,72,1,2,0,2,0,2,2,0,0,2,0,0,66.85,4758.8,0
1,0,1,1,65,1,0,2,1,1,1,1,1,1,2,0,3,19.9,1292.6,0
0,0,0,0,11,0,1,0,0,0,0,0,2,0,0,1,3,35.8,363.15,0
1,0,0,0,22,1,2,1,0,2,0,0,0,0,0,1,3,78.85,1600.25,0
1,0,0,0,14,1,0,2,1,1,1,1,1,1,1,0,0,20.4,275.7,0
1,0,0,0,41,1,0,1,0,0,0,2,0,0,0,1,2,74.25,3089.1,0
1,0,1,0,17,1,0,0,2,2,0,0,0,2,1,0,3,64.8,1175.6,0
1,0,0,0,11,1,0,2,1,1,1,1,1,1,0,1,1,20.45,237.3,0
1,0,0,0,15,1,2,1,0,0,0,0,2,2,0,1,2,93.35,1444.65,1
0,0,0,0,1,1,0,2,1,1,1,1,1,1,0,0,3,19.9,19.9,1
0,0,1,0,5,1,0,1,2,0,2,0,0,2,0,1,3,88.9,454.15,1
1,0,1,0,33,1,0,1,0,0,2,0,2,2,1,1,2,95.8,3036.75,1
0,0,1,0,72,1,2,1,2,2,2,0,2,2,2,1,1,110.65,8065.65,0
0,0,1,1,3,0,1,0,0,2,0,0,0,2,0,0,3,40.3,92.5,0
1,0,0,0,2,1,2,1,0,2,0,0,0,0,0,1,2,82.0,184.65,1
0,0,1,0,59,1,2,1,2,2,2,2,0,2,1,1,1,107.0,6152.3,0
1,0,0,0,2,1,0,0,0,0,0,0,0,0,0,0,2,45.35,89.5,1
1,0,1,1,71,1,0,0,0,2,0,2,2,2,2,1,1,73.35,5154.5,0
0,0,1,1,5,1,0,0,0,0,0,0,0,0,0,0,3,44.8,220.45,0
1,0,1,1,27,1,0,0,2,2,0,0,0,0,0,1,1,54.75,1510.3,0
0,0,0,0,1,1,0,0,0,0,0,2,0,0,0,1,2,52.2,52.2,1
1,0,0,1,63,0,1,0,2,2,0,2,0,0,1,1,0,40.6,2588.95,0
0,1,0,0,46,1,2,1,2,2,2,0,2,2,1,1,2,110.0,4874.8,1
1,0,1,1,72,1,2,0,2,0,0,0,0,0,2,0,0,55.3,3983.6,0
0,0,1,0,34,1,2,0,2,0,0,2,0,0,0,1,0,60.85,2003.6,0
0,0,1,1,24,1,2,0,2,2,0,0,2,2,1,0,2,78.4,1832.4,0
1,0,0,0,72,1,2,0,2,2,2,2,0,0,2,0,0,69.65,4908.25,0
0,0,1,1,60,0,1,0,2,0,2,2,2,2,2,0,1,59.85,3590.2,0
1,0,0,0,68,1,2,0,2,2,2,0,0,2,1,1,1,76.9,5023.0,0
0,0,1,1,8,1,0,2,1,1,1,1,1,1,2,1,3,19.85,146.6,0
0,0,0,1,34,1,0,0,2,0,2,2,2,0,2,0,1,67.65,2339.3,0
0,0,0,0,6,0,1,0,0,0,0,0,2,2,0,0,1,45.0,298.7,0
1,0,1,0,2,1,0,0,0,2,0,2,0,2,0,1,3,64.2,143.65,0
1,0,0,0,31,1,2,1,0,0,0,2,0,0,1,0,1,81.7,2548.65,0
0,0,1,1,20,1,2,2,1,1,1,1,1,1,0,1,0,25.55,507.4,0
0,0,1,1,1,1,0,2,1,1,1,1,1,1,0,0,2,20.0,20.0,0
1,0,0,0,62,1,2,1,0,0,2,0,2,2,1,1,2,96.75,6125.4,1
0,1,1,0,70,1,2,1,0,0,0,0,0,0,2,1,1,75.65,5411.4,0
0,0,0,0,10,1,2,1,0,0,0,2,2,2,0,1,2,98.5,1058.25,1
1,0,1,1,39,1,2,2,1,1,1,1,1,1,2,1,3,23.8,903.8,0
0,0,1,0,46,1,0,0,0,2,0,2,2,0,2,1,1,64.2,3009.5,0
1,0,0,0,6,1,0,1,0,2,0,0,2,0,0,1,2,85.35,489.45,1
0,0,1,1,72,1,2,0,0,0,2,0,2,2,2,1,0,76.8,5468.45,0
1,0,0,0,18,1,0,0,0,0,2,2,0,0,0,0,1,55.2,1058.1,0
1,0,1,0,71,1,2,1,2,0,2,2,2,2,2,1,1,108.55,7616.0,0
1,0,1,0,40,1,2,1,0,2,0,0,2,2,0,1,2,101.3,4113.1,1
1,0,0,0,1,1,0,1,0,0,0,0,0,0,0,1,2,69.55,69.55,1
1,0,0,0,58,1,2,1,0,2,2,0,2,2,1,1,0,103.25,6017.65,1
1,0,0,0,70,1,2,1,2,0,0,2,2,2,2,1,1,104.0,7250.15,1
0,0,1,0,42,1,2,2,1,1,1,1,1,1,2,0,2,25.25,1108.2,0
1,0,1,1,34,0,1,0,2,0,0,0,0,0,1,0,0,30.4,938.65,0
1,1,0,0,5,1,0,2,1,1,1,1,1,1,0,0,0,20.05,94.15,0
0,0,0,0,25,1,2,1,0,0,0,0,2,0,0,1,3,84.6,2088.05,0
0,0,0,0,2,1,0,1,0,0,2,0,0,2,0,1,3,86.2,178.7,1
0,0,1,1,55,1,0,1,0,2,2,2,2,2,1,1,0,103.7,5656.75,0
1,0,1,0,21,1,2,1,0,2,2,2,2,2,0,1,2,111.2,2317.1,1
1,0,1,0,70,1,2,1,2,2,0,2,0,0,2,1,1,88.0,5986.45,0
0,0,1,0,61,1,2,1,0,0,2,2,2,2,0,1,2,106.35,6751.35,0
1,0,1,1,43,1,0,0,2,0,2,2,2,2,2,1,1,79.15,3566.6,0
1,0,0,0,47,1,2,1,0,2,2,0,2,2,1,1,2,103.1,4889.3,0
1,0,0,0,5,1,0,0,0,0,2,2,2,0,0,1,1,63.95,318.1,0
0,0,0,0,62,1,2,2,1,1,1,1,1,1,2,1,1,25.8,1563.95,0
0,0,1,1,16,1,0,1,0,2,2,0,2,0,0,1,1,89.45,1430.25,1
1,1,1,0,7,1,2,1,0,0,0,0,2,2,0,1,0,95.6,644.35,1
0,0,1,1,14,1,2,2,1,1,1,1,1,1,0,0,3,25.55,372.45,0
1,0,1,1,60,1,0,1,0,2,2,0,2,0,1,0,2,90.95,5453.4,1
1,0,1,1,34,0,1,0,0,0,2,2,2,0,0,1,2,44.85,1442.6,0
0,0,1,0,50,1,2,1,2,2,0,2,2,2,1,0,2,108.55,5610.7,1
1,0,1,1,38,1,2,2,1,1,1,1,1,1,2,0,1,25.05,963.95,0
0,0,1,1,70,1,0,0,2,2,2,2,0,2,1,0,1,74.1,5222.3,0
0,0,1,1,37,1,2,1,0,2,0,0,2,0,0,1,2,88.8,3340.55,0
0,1,0,0,4,1,0,1,0,0,0,0,2,0,0,1,2,78.85,292.8,1
1,1,1,1,60,1,2,1,2,2,0,0,0,2,0,1,2,93.25,5774.55,0
1,0,1,1,62,1,0,0,2,0,2,2,0,2,1,0,1,71.4,4487.3,0
1,0,0,0,1,1,0,0,0,0,0,0,0,0,0,0,3,44.4,44.4,1
1,0,0,0,36,1,0,0,2,0,2,2,2,2,0,1,1,79.2,2854.95,0
1,0,0,0,44,1,0,2,1,1,1,1,1,1,2,0,1,20.4,905.55,0
0,1,0,0,55,1,2,1,0,0,2,0,2,2,1,1,2,100.0,5509.3,1
0,0,1,0,72,1,2,1,2,0,2,0,2,2,2,1,1,105.0,7589.8,0
0,0,1,1,12,1,0,2,1,1,1,1,1,1,1,0,0,19.8,229.6,1
0,0,0,0,13,0,1,0,2,0,0,0,0,0,0,1,0,30.85,394.1,0
1,0,0,0,1,1,0,1,0,0,0,0,2,2,0,1,2,89.9,89.9,1
0,0,1,1,15,1,0,2,1,1,1,1,1,1,1,0,3,20.55,295.95,0
0,0,0,0,65,1,0,0,2,2,2,2,2,2,2,1,0,84.85,5459.2,0
0,0,1,1,12,0,1,0,2,0,0,2,0,0,1,0,1,33.15,444.75,0
1,0,1,0,72,1,2,0,2,2,2,2,2,2,2,1,1,92.0,6782.15,0
0,0,1,1,72,1,2,0,2,2,2,2,2,2,2,0,1,89.8,6510.45,0
0,0,1,1,72,1,2,1,2,2,2,2,2,2,2,1,0,115.8,8476.5,0
1,0,0,1,52,1,2,0,2,2,0,2,2,2,2,1,3,85.15,4461.85,0
1,0,0,0,2,1,2,2,1,1,1,1,1,1,0,0,3,24.85,62.0,0
0,0,0,0,5,1,0,0,2,0,0,2,2,0,0,1,2,64.35,352.65,0
0,0,0,0,68,1,0,2,1,1,1,1,1,1,2,0,1,20.5,1424.9,0
0,0,0,1,62,1,2,1,0,0,2,0,2,2,1,1,2,100.15,6413.65,1
1,0,0,0,72,1,2,0,2,2,0,2,2,2,2,0,1,86.05,6309.65,0
1,0,0,0,1,1,0,0,0,2,0,0,0,0,0,0,2,50.8,50.8,1
0,0,1,0,66,1,2,1,2,2,0,2,0,0,1,0,2,89.0,5898.6,0
1,0,1,1,72,0,1,0,2,2,2,2,2,2,2,1,1,64.8,4719.75,0
1,0,0,0,26,1,0,2,1,1,1,1,1,1,1,0,1,19.8,457.3,0
1,0,1,1,64,1,2,1,2,0,2,0,0,2,2,0,0,93.4,5822.3,0
1,1,1,0,20,1,0,1,0,2,0,0,0,0,0,1,2,73.65,1463.5,1
0,0,0,0,3,1,0,1,0,2,0,0,2,2,0,1,2,95.1,307.4,1
1,0,0,0,22,1,2,1,0,0,0,0,2,2,0,1,1,94.65,2104.55,1
1,0,1,0,4,1,0,1,0,0,2,2,0,0,0,1,3,80.6,319.15,1
1,0,1,0,62,0,1,0,0,0,0,2,2,0,2,1,0,39.0,2337.45,0
0,0,0,0,5,1,0,2,1,1,1,1,1,1,0,1,3,20.5,104.3,0
1,0,1,0,59,1,2,1,0,0,0,0,0,2,1,0,2,85.55,5084.65,1
1,0,0,1,3,1,2,2,1,1,1,1,1,1,2,1,3,26.4,121.25,0
0,0,1,0,72,1,2,1,2,0,2,2,2,0,2,1,0,98.2,7015.9,0
1,0,1,1,57,1,0,1,0,2,2,0,2,2,1,1,1,97.55,5598.0,0
1,0,0,1,66,1,0,2,1,1,1,1,1,1,2,0,1,19.95,1269.1,0
0,0,0,0,60,0,1,0,0,2,0,0,2,2,0,1,2,50.8,3027.4,1
1,0,0,1,45,1,2,1,0,0,2,0,2,2,2,0,0,99.7,4634.35,0
0,0,0,0,3,0,1,0,0,0,0,0,2,0,0,1,1,34.8,113.95,0
0,0,0,0,15,1,0,1,2,0,2,2,2,2,0,0,2,105.1,1582.75,1
0,0,0,1,51,0,1,0,2,0,2,2,2,2,1,0,0,60.15,3077.0,0
0,0,0,0,60,1,2,0,2,0,2,2,0,0,1,0,2,64.75,4039.5,0
1,0,0,0,33,1,2,0,0,2,0,0,0,0,0,1,0,54.65,1665.2,0
1,0,0,0,10,1,0,1,2,2,2,2,2,2,0,1,2,110.1,1043.3,1
1,1,0,0,26,1,0,2,1,1,1,1,1,1,1,0,1,19.3,504.2,0
0,0,0,0,6,1,0,1,0,0,2,0,0,2,0,0,2,83.9,497.55,1
0,0,1,0,67,1,2,1,2,0,2,2,2,2,1,1,2,111.25,7511.65,0
0,0,1,1,49,0,1,0,2,0,0,2,0,0,1,1,1,35.8,1782.0,0
1,0,0,0,1,1,0,2,1,1,1,1,1,1,0,1,3,20.05,20.05,0
0,1,0,0,7,1,0,1,0,0,2,0,2,0,0,1,2,84.35,609.65,0
0,1,0,0,27,1,2,1,2,2,2,0,2,2,1,1,0,110.5,2857.6,0
1,0,1,1,37,1,0,1,0,0,0,0,2,2,1,0,1,91.2,3247.55,0
0,0,1,1,63,1,2,1,2,2,2,0,2,0,0,1,2,100.55,6215.35,1
1,0,1,1,31,1,2,1,2,0,2,2,0,0,0,0,2,89.3,2823.0,0
1,0,1,1,50,1,2,1,0,2,2,0,2,2,0,1,0,103.85,5017.9,1
1,1,0,0,32,1,2,1,0,0,2,0,0,0,0,1,1,81.1,2619.25,0
0,0,0,0,1,0,1,0,0,0,0,0,0,0,0,0,2,24.6,24.6,1
0,0,1,0,63,1,2,1,0,0,0,2,0,0,1,1,1,81.2,4965.1,0
1,0,0,0,30,1,2,1,2,2,0,0,0,2,0,1,1,94.3,2679.7,0
1,0,1,0,71,1,2,1,2,2,2,2,2,2,2,1,0,116.1,8310.55,0
0,0,0,0,53,1,2,1,0,2,2,0,2,2,2,0,2,105.55,5682.25,0
0,0,0,0,12,1,0,1,2,0,0,2,2,2,0,1,0,98.9,1120.95,1
1,0,1,0,50,1,2,1,2,2,0,0,0,2,0,1,1,94.4,4914.9,0
0,0,0,0,2,1,0,2,1,1,1,1,1,1,0,0,3,19.5,27.55,0
0,0,0,0,9,1,2,1,0,0,2,0,2,2,0,0,1,98.3,923.5,1
1,0,0,0,17,1,0,1,2,0,0,0,2,2,0,0,2,93.85,1625.65,1
0,0,1,0,56,1,0,1,2,2,2,0,2,2,1,1,1,105.6,6068.65,0
1,0,1,1,67,1,0,0,2,2,2,0,2,2,2,0,1,81.35,5398.6,0
1,1,0,0,9,1,2,1,0,0,2,0,2,2,0,1,2,100.5,918.6,1
1,0,0,0,4,1,0,0,0,0,0,0,2,0,0,1,2,56.4,234.85,0
1,0,0,0,19,1,0,0,0,2,0,2,0,2,1,1,0,65.35,1231.85,0
0,0,0,1,8,1,0,2,1,1,1,1,1,1,0,0,3,19.95,170.9,0
0,0,0,0,71,1,2,1,0,2,2,2,2,2,2,1,2,111.25,7984.15,0
1,1,0,0,10,1,0,1,0,2,0,0,0,0,0,1,2,72.85,688.65,1
0,1,0,0,15,1,2,1,0,2,0,0,2,0,0,0,1,89.0,1288.3,0
1,0,1,1,72,1,2,1,2,0,2,0,2,2,1,1,0,106.1,7848.5,0
1,0,0,0,12,1,0,2,1,1,1,1,1,1,1,0,1,20.05,267.0,0
1,0,1,1,72,1,2,2,1,1,1,1,1,1,2,1,0,25.2,1798.9,0
1,1,1,0,1,1,2,1,0,0,0,0,0,0,0,1,2,73.55,73.55,1
0,1,0,0,23,1,0,1,2,0,0,0,0,0,0,1,0,75.4,1643.55,0
1,0,0,0,72,0,1,0,2,2,2,2,2,2,2,1,0,65.55,4807.45,0
0,0,0,0,26,1,2,1,0,0,2,0,0,0,0,1,2,80.7,2193.0,0
0,0,0,0,21,1,0,1,0,2,2,2,2,2,1,1,3,104.55,2239.4,0
1,0,1,0,60,1,2,2,1,1,1,1,1,1,1,0,0,24.15,1505.9,0
1,0,0,0,12,1,0,2,1,1,1,1,1,1,0,0,3,20.45,255.35,0
1,0,1,0,16,1,2,1,0,0,0,0,0,0,0,1,2,75.4,1189.4,0
0,0,1,0,63,1,2,0,2,2,0,0,2,2,1,1,1,79.7,4786.15,0
0,1,0,0,22,1,0,1,2,2,0,0,0,0,0,0,2,81.7,1820.9,0
0,0,1,1,32,1,0,0,2,2,2,2,0,2,0,0,0,76.3,2404.15,0
0,1,0,0,3,1,2,1,0,2,0,0,0,0,0,1,2,79.4,205.05,1
0,0,0,0,13,1,0,1,0,2,2,0,0,0,0,1,2,81.15,952.3,1
0,0,1,1,68,1,2,1,0,2,0,2,2,2,2,1,1,103.75,7039.45,0
0,0,1,1,30,1,0,1,0,0,2,0,0,2,1,0,2,86.45,2538.05,0
0,0,0,0,16,1,0,1,0,2,0,0,0,0,0,0,0,75.1,1212.85,0
1,0,0,0,33,1,0,1,0,2,0,2,0,0,2,0,0,80.6,2651.1,0
1,0,1,0,72,1,0,2,1,1,1,1,1,1,2,0,1,19.3,1304.8,0
0,1,0,0,4,1,2,1,0,0,0,0,0,2,0,1,2,84.6,360.1,1
0,0,0,0,12,0,1,0,2,0,0,2,0,0,1,1,3,33.6,435.45,0
0,1,1,0,4,1,2,1,0,0,0,0,2,0,0,1,2,83.25,308.05,0
0,0,0,0,6,1,2,1,2,0,0,0,0,0,0,1,2,79.05,434.5,1
0,0,1,0,65,1,2,1,0,2,2,2,2,2,1,1,1,108.05,7118.9,0
0,0,0,0,15,1,0,2,1,1,1,1,1,1,0,0,3,19.9,320.45,0
0,0,0,1,24,1,0,2,1,1,1,1,1,1,1,0,0,21.05,531.55,0
0,0,0,1,13,0,1,0,0,2,0,0,0,0,0,0,2,30.15,382.2,0
1,0,0,0,24,1,0,1,0,0,0,0,0,2,0,1,1,79.85,2001.0,0
0,0,1,0,72,0,1,0,2,2,2,2,2,2,2,0,0,65.5,4919.7,0
0,0,1,1,54,1,2,1,2,2,0,0,2,2,0,1,0,104.1,5645.8,0
0,0,0,0,3,1,2,1,0,0,0,0,0,0,0,0,0,74.4,215.8,1
1,0,1,1,4,1,0,2,1,1,1,1,1,1,0,1,3,20.5,77.6,0
0,1,1,1,32,1,2,1,0,0,2,0,2,0,0,1,3,91.35,2896.55,0
1,1,0,0,35,1,2,1,0,0,2,0,2,2,0,1,2,99.05,3395.8,1
1,0,1,1,35,1,0,2,1,1,1,1,1,1,2,0,0,20.5,759.35,0
1,1,0,0,2,1,0,0,0,0,0,0,0,0,0,0,3,44.95,85.15,1
0,0,0,0,8,1,0,1,0,2,0,0,0,0,0,0,2,75.6,535.55,0
1,0,0,0,22,1,0,0,2,0,0,2,0,0,0,0,3,55.1,1253.15,0
0,0,0,0,15,1,0,0,2,0,2,2,0,0,0,0,2,58.95,955.15,0
1,0,0,0,22,1,2,1,0,0,0,0,2,2,0,1,2,95.1,2162.6,0
1,0,1,0,1,1,0,0,0,0,0,0,0,0,0,0,1,44.7,44.7,1
0,0,1,1,71,1,2,2,1,1,1,1,1,1,2,0,0,25.45,1813.35,0
1,0,0,0,4,1,0,0,2,0,2,0,0,0,0,0,2,56.75,245.15,0
1,0,0,0,25,1,2,0,2,2,2,2,0,2,0,0,0,81.75,2028.8,0
0,0,1,1,32,1,0,1,0,2,0,0,2,0,0,1,2,86.1,2723.75,0
1,1,1,0,7,0,1,0,2,0,0,0,0,0,0,0,0,29.8,220.45,0
1,0,0,0,17,1,0,2,1,1,1,1,1,1,1,1,3,20.5,365.8,0
1,1,1,0,8,1,0,0,2,0,0,0,2,0,0,0,0,60.9,551.95,0
0,1,0,0,56,1,2,0,2,0,2,2,0,2,2,0,0,73.25,4054.2,0
1,0,0,0,1,1,0,0,0,0,0,0,0,0,0,1,3,45.7,45.7,1
1,1,0,0,8,1,0,1,2,0,0,2,2,2,0,0,1,100.3,832.35,1
1,0,0,0,7,1,0,2,1,1,1,1,1,1,0,0,2,19.25,112.3,1
1,0,0,1,3,1,0,2,1,1,1,1,1,1,0,0,3,20.85,60.65,0
0,0,0,0,71,1,0,0,2,2,2,2,2,0,2,0,1,77.35,5550.1,0
0,0,0,0,2,1,2,1,0,0,0,0,2,2,0,1,2,96.0,174.8,1
0,0,0,0,1,1,0,1,0,0,0,0,2,2,0,0,2,90.55,90.55,1
1,0,1,0,49,1,2,1,2,2,0,0,2,0,0,1,0,93.85,4733.1,0
1,0,0,0,58,1,0,0,0,2,2,2,2,0,2,0,0,70.1,4048.95,0
1,1,1,0,44,0,1,0,0,2,0,0,0,0,0,1,2,30.35,1359.7,1
0,0,1,1,59,1,0,0,0,2,0,2,2,2,2,1,1,75.95,4542.35,0
1,0,0,0,71,1,2,1,2,0,2,2,2,2,2,1,2,108.05,7532.15,1
1,0,0,0,1,1,0,1,0,0,0,0,0,0,0,1,2,69.9,69.9,1
0,0,0,0,11,1,2,1,0,0,0,0,0,0,0,0,2,75.25,888.65,0
1,1,1,0,62,1,2,1,0,2,2,0,2,2,1,1,2,103.75,6383.35,1
0,0,1,1,35,1,0,0,2,0,0,2,0,0,1,1,0,54.95,1916.0,0
0,0,0,0,20,1,0,2,1,1,1,1,1,1,0,1,0,19.5,413.0,0
1,0,1,1,40,1,0,2,1,1,1,1,1,1,2,0,3,19.6,808.95,0
0,0,0,0,39,1,0,0,2,0,0,0,0,0,1,1,2,47.85,1886.4,0
1,0,0,0,1,1,2,1,0,0,0,0,0,2,0,1,2,86.6,86.6,1
0,0,1,1,72,1,2,2,1,1,1,1,1,1,2,0,0,23.75,1679.25,0
0,1,1,0,33,1,2,1,0,2,0,0,0,0,0,1,0,80.6,2656.5,1
0,0,0,0,12,1,0,0,0,0,0,0,0,0,0,0,0,43.8,540.95,0
1,0,0,0,1,1,0,2,1,1,1,1,1,1,0,0,0,19.75,19.75,0
1,0,0,1,27,1,0,2,1,1,1,1,1,1,0,0,3,19.15,537.35,0
1,0,1,1,34,1,0,2,1,1,1,1,1,1,1,0,1,19.6,678.8,0
0,0,1,0,56,1,0,1,2,0,2,0,0,0,2,0,0,80.3,4513.65,0
0,0,0,0,58,1,2,2,1,1,1,1,1,1,2,0,1,24.35,1423.85,0
0,0,1,1,22,1,2,2,1,1,1,1,1,1,2,0,1,25.25,555.4,0
0,0,1,1,10,1,2,2,1,1,1,1,1,1,2,0,1,26.1,225.55,0
1,0,0,0,13,1,0,2,1,1,1,1,1,1,2,0,1,20.0,268.45,0
0,0,0,0,35,1,2,1,0,2,0,2,0,0,0,0,1,85.3,2917.5,1
0,0,0,0,34,1,0,1,0,0,0,0,0,0,0,1,1,70.0,2416.1,1
0,1,0,0,4,1,2,1,0,0,0,0,2,2,0,1,2,94.3,424.45,1
1,0,1,0,72,1,0,2,1,1,1,1,1,1,2,0,0,20.7,1492.1,0
1,0,0,0,2,1,0,0,0,0,0,2,2,2,0,0,2,70.3,132.4,0
0,0,0,0,7,1,0,1,0,0,2,0,2,2,0,1,2,95.35,660.9,1
1,1,1,0,27,1,2,1,0,0,0,0,0,0,0,1,2,75.5,1893.95,1
1,0,1,1,4,1,0,1,0,0,0,0,0,0,0,1,3,69.55,284.9,0
0,0,0,0,37,1,0,2,1,1,1,1,1,1,2,0,3,19.85,784.25,0
1,0,0,0,21,1,0,2,1,1,1,1,1,1,0,0,3,20.0,417.7,0
0,1,1,0,53,1,2,1,0,0,0,0,2,2,1,1,1,95.85,5016.25,0
0,0,0,0,18,1,2,1,0,0,0,2,0,2,0,1,2,90.1,1612.75,1
0,0,0,0,2,1,0,1,0,0,0,0,0,0,0,0,2,68.95,119.75,1
1,0,1,1,32,1,2,1,2,0,0,0,2,2,0,1,1,99.55,3204.65,1
1,1,1,0,23,1,0,2,1,1,1,1,1,1,1,1,2,20.75,485.2,0
1,0,0,0,3,1,0,0,2,0,0,0,0,0,0,1,3,50.15,160.85,0
0,0,1,1,71,0,1,0,2,2,0,2,2,2,2,0,3,58.65,4145.25,0
1,0,0,0,9,1,0,1,0,0,0,2,2,2,0,1,0,95.9,827.45,0
0,0,0,0,1,1,0,0,0,2,0,0,0,0,0,0,2,49.5,49.5,0
1,0,1,1,18,1,0,0,0,0,2,0,0,2,0,0,2,57.45,990.85,1
1,0,1,1,12,1,0,0,0,0,0,0,0,2,1,0,1,53.65,696.35,1
1,0,1,0,71,1,2,0,2,2,2,2,0,2,2,1,3,80.1,5585.4,0
0,0,0,0,64,1,2,2,1,1,1,1,1,1,1,1,0,24.4,1601.2,0
1,0,0,0,4,0,1,0,0,0,0,2,0,2,0,1,2,40.05,162.45,0
0,0,0,0,23,1,0,2,1,1,1,1,1,1,0,1,3,19.5,470.2,0
0,0,1,1,39,1,0,0,2,0,0,0,0,0,0,0,1,51.05,2066.0,0
1,0,1,0,28,1,0,0,2,0,0,2,0,0,1,0,3,54.35,1426.45,0
0,1,0,0,5,1,0,1,0,2,0,0,2,0,0,1,2,84.7,392.5,0
0,1,1,0,45,1,0,1,0,0,2,0,0,2,0,1,2,86.1,3861.45,0
1,0,0,0,37,1,0,1,0,0,0,0,0,0,0,1,3,70.35,2552.9,0
0,1,1,0,60,1,0,1,2,2,2,2,2,2,2,1,0,110.0,6668.35,0
1,1,0,0,8,1,2,1,0,0,2,0,2,2,0,1,2,100.6,819.4,1
0,0,0,0,47,1,2,1,2,0,2,0,2,0,1,0,1,94.9,4615.25,0
1,0,1,1,26,1,2,1,0,0,0,0,2,0,0,1,2,83.75,2070.6,1
0,1,1,1,3,1,0,1,2,0,0,2,2,0,0,1,3,88.3,273.75,1
0,0,1,1,50,1,0,1,0,0,0,0,0,0,0,1,0,69.75,3557.7,0
1,0,1,1,27,1,2,0,0,0,0,2,2,2,0,0,0,71.6,1957.1,0
0,1,0,0,8,1,0,1,0,0,2,0,2,2,0,1,2,92.1,729.95,1
0,0,1,0,62,1,2,2,1,1,1,1,1,1,2,0,0,23.65,1416.75,0
0,0,1,0,71,1,0,0,2,0,2,2,2,2,2,0,0,81.85,5924.4,0
1,0,0,0,66,1,2,2,1,1,1,1,1,1,2,0,3,25.1,1697.7,0
1,0,1,1,68,1,2,1,2,2,2,2,2,2,2,1,0,114.7,7849.85,0
0,0,0,0,13,0,1,0,0,0,2,0,2,2,0,0,2,49.15,649.4,0
1,0,1,0,56,1,0,1,0,0,0,0,0,2,1,1,2,80.9,4557.5,0
1,0,1,0,38,1,0,1,2,2,0,0,0,0,0,1,2,79.45,3013.05,1
1,1,0,0,14,1,0,1,0,0,0,0,2,2,0,0,1,90.45,1266.1,1
0,0,0,1,16,1,0,2,1,1,1,1,1,1,1,1,0,19.3,360.35,0
0,0,1,1,14,1,0,1,0,0,0,0,0,0,0,0,2,70.2,1046.5,0
1,0,1,1,32,1,0,1,0,0,0,0,0,0,0,1,0,69.75,2347.9,1
0,0,0,0,8,1,0,0,2,0,0,2,0,0,1,0,0,54.25,447.75,0
0,0,1,1,43,1,2,1,0,0,2,0,2,2,0,1,0,99.3,4209.95,0
0,0,0,0,52,1,2,0,2,0,2,2,2,0,1,0,1,74.0,3877.65,0
1,0,0,0,3,1,0,0,0,0,0,2,0,0,0,1,3,50.25,152.3,0
1,0,0,0,29,1,0,2,1,1,1,1,1,1,1,1,3,19.8,572.2,0
0,0,0,0,1,1,0,2,1,1,1,1,1,1,0,0,3,19.65,19.65,1
1,1,0,0,12,0,1,0,0,0,2,2,0,2,0,1,2,43.65,526.95,1
0,0,1,1,16,0,1,0,0,0,0,0,0,2,0,1,1,35.5,552.7,0
0,0,0,0,40,1,2,0,0,0,2,2,2,2,1,1,3,80.75,3208.65,0
0,0,0,0,5,0,1,0,0,0,2,0,0,2,0,0,2,39.5,210.75,1
1,0,1,0,40,1,2,1,0,0,0,0,2,2,0,1,0,97.1,3706.95,1
0,0,0,0,36,1,0,2,1,1,1,1,1,1,1,0,3,19.55,620.75,0
0,0,0,0,5,1,0,1,0,0,0,0,0,2,0,1,2,80.0,412.5,1
0,0,0,0,10,1,0,1,2,0,0,0,2,0,0,1,3,84.7,832.05,1
1,0,1,1,2,1,0,1,0,0,0,0,2,2,0,1,0,89.55,185.55,1
1,0,0,0,23,1,2,1,0,0,0,2,2,0,0,1,2,90.6,1943.2,1
1,0,1,1,26,1,0,2,1,1,1,1,1,1,1,1,0,20.05,505.9,0
0,1,1,0,72,1,2,1,2,2,2,0,2,2,2,1,2,112.4,8046.85,0
0,0,1,0,34,1,0,0,0,0,0,2,0,0,0,0,0,50.2,1815.3,0
1,0,0,0,10,1,0,0,2,0,0,2,2,0,0,0,0,62.25,612.95,0
0,0,0,0,14,1,0,0,2,0,0,2,0,0,1,0,3,55.7,795.15,0
0,0,0,0,23,1,2,1,2,0,0,0,2,0,0,1,0,90.05,2169.8,1
1,0,1,0,47,1,0,2,1,1,1,1,1,1,2,0,3,19.65,973.1,0
1,0,1,0,24,1,0,1,2,0,0,2,0,2,0,1,2,89.25,2210.2,0
1,0,1,0,49,1,2,1,0,2,0,0,2,2,0,1,0,99.05,4853.75,1
1,1,0,0,20,1,0,0,2,0,0,2,0,0,1,0,3,54.0,1055.9,0
0,0,0,0,2,1,0,1,0,0,0,0,0,0,0,0,0,69.75,144.55,1
0,0,0,0,2,1,0,0,0,2,0,0,0,0,0,1,1,49.05,91.1,1
1,0,0,0,22,0,1,0,0,0,2,2,2,2,2,0,0,56.75,1304.85,0
1,0,0,0,7,1,2,1,0,0,2,0,2,2,0,1,0,98.05,713.0,1
1,0,0,0,1,1,0,2,1,1,1,1,1,1,0,0,3,21.1,21.1,0
0,0,1,1,59,1,2,1,0,2,0,2,0,2,0,1,0,96.65,5580.8,0
0,0,1,1,58,1,2,2,1,1,1,1,1,1,1,1,1,24.5,1497.9,0
0,0,0,0,41,1,2,1,2,2,2,2,2,2,0,1,0,114.5,4527.45,1
0,1,0,0,59,1,2,1,0,2,0,0,0,0,2,1,1,79.2,4590.35,0
0,0,1,1,3,1,0,1,0,0,0,0,0,0,0,1,2,69.55,200.2,0
1,0,0,0,32,1,0,2,1,1,1,1,1,1,2,1,0,20.05,614.45,0
1,1,1,0,46,1,2,1,0,0,2,0,2,2,0,1,2,98.85,4564.9,0
1,0,0,0,2,1,0,1,0,0,0,0,0,2,0,1,2,80.95,171.15,1
0,0,1,1,52,1,0,2,1,1,1,1,1,1,1,0,1,19.6,1012.4,0
0,1,0,0,13,1,0,1,0,0,2,0,0,0,0,1,2,74.3,940.35,1
0,1,0,0,11,1,0,1,0,0,0,0,2,2,0,0,0,89.7,1047.7,1
1,0,0,0,32,1,2,1,2,0,0,2,0,0,0,0,0,87.65,2766.4,0
1,1,1,0,17,1,2,1,0,0,2,0,2,2,0,1,1,100.45,1622.45,1
0,0,0,0,16,1,2,1,0,0,0,0,0,0,0,1,1,74.75,1129.35,0
0,0,0,0,51,1,2,1,2,2,2,0,2,2,1,0,0,107.45,5680.9,0
1,0,0,0,29,1,0,0,0,0,2,2,2,2,1,1,0,75.35,2243.9,0
1,0,1,0,70,1,0,0,2,2,2,2,0,0,2,0,1,64.95,4523.25,0
0,0,1,1,71,1,2,1,2,0,2,2,0,2,2,0,2,100.45,7159.7,0
1,0,1,1,41,1,2,0,0,2,2,0,2,0,1,0,0,68.5,2839.95,0
1,0,0,0,1,1,0,1,0,0,0,0,2,0,0,1,2,80.55,80.55,0
0,0,1,0,7,1,0,0,2,0,2,2,2,2,0,0,0,81.25,580.1,0
1,0,1,1,25,1,0,1,0,0,0,0,2,2,1,1,2,90.4,2178.6,1
1,0,1,1,67,1,2,1,2,2,0,2,0,0,1,0,2,89.55,6038.55,0
1,0,1,1,5,1,2,0,0,0,0,2,0,0,0,1,3,55.7,259.4,0
1,0,0,1,15,1,2,2,1,1,1,1,1,1,0,1,2,24.8,324.15,0
0,0,1,1,20,1,0,2,1,1,1,1,1,1,0,0,2,20.0,417.65,0
1,0,1,1,3,1,0,0,0,2,2,0,0,0,0,1,3,56.15,168.15,1
1,0,1,1,54,1,2,1,0,2,0,2,2,2,1,1,2,105.2,5637.85,0
1,0,0,0,42,1,0,2,1,1,1,1,1,1,1,1,3,19.55,839.4,0
0,0,1,0,9,1,0,1,0,0,0,0,0,2,0,1,2,79.75,769.1,0
0,0,0,0,63,1,2,1,0,2,0,0,2,2,2,0,0,97.45,6253.0,0
0,0,1,0,69,1,2,2,1,1,1,1,1,1,2,0,0,24.25,1641.8,0
0,0,0,0,69,1,2,2,1,1,1,1,1,1,2,0,1,24.6,1678.05,0
1,0,1,0,40,1,0,0,0,2,0,0,0,0,0,1,3,50.15,2058.5,0
1,0,0,0,60,0,1,0,2,2,2,0,0,0,2,0,0,39.6,2424.5,0
0,0,0,0,4,1,0,1,2,0,2,2,0,2,0,1,0,94.4,387.2,1
0,1,0,0,71,1,2,0,2,2,2,2,2,2,2,0,3,89.85,6293.45,0
0,0,1,0,37,1,2,1,0,0,2,0,0,0,0,1,1,78.95,2839.65,1
1,0,1,0,32,1,2,1,0,2,0,0,2,2,0,1,1,98.85,3145.9,0
1,0,0,0,39,1,2,0,0,0,0,2,0,0,2,1,1,53.85,2200.7,0
0,0,0,0,38,1,2,2,1,1,1,1,1,1,1,1,2,24.25,914.4,0
1,0,0,0,52,1,2,1,0,0,2,0,0,2,2,1,1,89.45,4577.75,0
0,0,1,1,48,1,2,1,2,2,0,0,2,2,0,1,1,105.25,4997.5,0
1,0,1,1,70,0,1,0,2,0,2,2,2,2,2,0,0,59.5,4144.8,0
1,0,0,0,20,1,0,1,0,0,0,0,0,0,0,0,1,70.55,1493.55,0
0,0,0,0,50,1,2,0,2,0,2,2,2,2,1,1,1,82.5,4179.1,0
0,0,0,0,19,0,1,0,0,0,0,0,2,2,1,1,1,44.85,893.55,1
1,0,1,1,25,1,0,0,2,2,2,0,0,0,1,1,0,61.6,1611.0,0
1,0,0,0,12,1,0,0,0,2,0,0,0,0,0,1,0,49.05,593.05,0
1,1,1,0,39,1,2,1,0,2,2,0,2,2,0,1,2,105.65,4284.8,1
1,0,0,0,7,1,0,1,0,0,2,0,0,0,0,0,3,74.65,544.55,1
0,0,1,1,23,1,0,0,2,2,2,2,0,0,1,1,3,66.25,1533.8,0
1,0,0,0,27,1,0,2,1,1,1,1,1,1,0,1,2,19.4,529.8,0
1,1,0,0,47,1,2,1,0,0,0,0,2,0,0,1,1,86.05,3865.6,0
1,0,1,1,26,1,0,2,1,1,1,1,1,1,2,1,1,19.15,515.75,0
0,0,1,0,14,1,2,0,2,0,0,0,2,0,0,1,0,64.7,941.0,1
0,1,1,0,11,1,2,1,0,0,2,2,2,2,0,1,0,104.05,1133.65,1
1,0,0,1,2,1,0,2,1,1,1,1,1,1,0,0,3,19.25,48.35,0
0,0,1,1,26,1,0,1,2,2,0,0,0,0,0,0,2,81.95,2070.05,0
0,1,1,0,72,1,2,1,2,2,2,2,2,2,2,1,0,114.65,8333.95,0
0,0,1,1,63,1,0,2,1,1,1,1,1,1,2,0,1,20.0,1209.25,0
1,0,1,1,71,1,0,2,1,1,1,1,1,1,2,0,3,19.8,1396.25,0
1,0,1,1,11,1,2,0,2,0,0,0,2,0,0,1,0,65.15,723.35,0
1,1,1,0,14,1,0,2,1,1,1,1,1,1,1,0,3,19.65,228.65,0
0,0,0,1,13,1,2,0,2,2,2,2,2,2,2,0,1,88.95,1161.75,0
1,0,0,1,6,1,0,2,1,1,1,1,1,1,0,1,3,20.2,98.35,0
1,1,1,1,11,1,2,1,0,0,0,0,0,0,0,1,1,75.2,775.3,0
1,0,1,0,18,1,2,0,0,2,0,0,0,0,0,0,1,56.8,1074.65,0
1,0,0,0,1,0,1,0,0,0,0,0,0,2,0,1,2,35.55,35.55,1
0,0,1,0,32,1,0,1,2,0,0,0,0,0,0,1,0,75.5,2324.7,0
1,0,0,0,29,0,1,0,2,0,0,2,0,0,1,0,3,35.6,1072.6,0
0,0,0,0,3,1,2,0,0,0,0,0,2,0,0,1,2,60.25,170.5,0
0,0,0,0,2,1,2,1,0,0,0,0,2,2,0,1,2,95.15,196.9,1
1,0,1,1,13,1,0,1,0,0,2,0,2,2,0,1,3,96.65,1162.85,1
0,0,0,0,41,0,1,0,0,2,0,0,0,2,0,1,2,40.35,1677.85,0
0,0,0,0,1,1,0,2,1,1,1,1,1,1,0,0,2,18.85,18.85,0
1,0,0,0,7,1,0,0,0,0,0,0,2,0,0,0,3,54.85,370.4,0
0,0,1,0,52,1,0,0,2,0,2,0,2,0,1,1,3,64.3,3410.6,0
0,0,1,1,45,1,2,2,1,1,1,1,1,1,2,1,0,24.65,1138.8,0
1,0,1,0,70,1,2,0,0,2,2,2,2,0,2,0,1,76.1,5264.25,0
0,0,0,0,53,1,0,2,1,1,1,1,1,1,2,0,3,18.7,1005.7,0
0,1,1,0,62,1,2,1,0,2,2,0,2,0,1,1,1,97.95,5936.55,0
0,0,1,0,60,1,2,1,2,2,0,0,0,2,0,1,1,94.1,5475.9,0
0,1,1,0,3,1,0,1,0,0,0,0,2,0,0,1,2,80.4,224.05,1
0,1,1,0,23,1,0,1,2,0,0,0,2,2,0,1,2,95.1,2326.05,0
1,0,0,1,1,0,1,0,0,2,0,0,0,0,0,1,3,31.35,31.35,1
0,0,0,0,67,1,0,0,2,0,2,2,0,2,1,1,0,72.35,4991.5,0
0,0,0,0,12,1,2,1,0,2,0,0,2,0,0,1,0,89.75,1052.4,1
0,1,1,0,71,1,2,0,2,2,2,2,0,2,2,1,0,82.7,5831.2,0
1,0,0,0,25,1,0,2,1,1,1,1,1,1,1,0,1,19.9,510.8,0
0,0,0,0,5,1,2,0,2,0,0,0,0,0,0,1,2,53.8,283.95,0
1,0,0,0,26,1,2,0,0,0,0,0,0,0,1,1,1,51.55,1295.4,0
1,0,1,1,1,1,0,2,1,1,1,1,1,1,1,0,3,19.65,19.65,0
1,1,0,0,70,0,1,0,0,2,2,0,2,0,1,1,1,44.05,3011.65,0
1,0,1,1,72,1,2,1,2,2,2,2,2,2,2,1,2,114.0,8093.15,0
1,0,1,0,60,1,0,1,0,2,0,0,2,2,1,1,2,94.4,5610.25,1
0,1,1,1,32,1,2,1,0,2,0,0,2,2,0,1,2,100.4,3217.65,0
1,0,0,0,1,1,0,2,1,1,1,1,1,1,0,1,2,19.85,19.85,1
0,0,0,0,14,1,2,0,0,2,0,0,0,0,1,1,3,54.25,773.2,0
0,0,0,0,13,1,2,1,2,0,0,0,0,0,0,1,1,80.0,1029.35,0
0,0,0,0,6,1,2,1,0,2,2,2,2,2,0,1,1,109.9,669.45,1
0,0,0,0,46,1,2,0,2,0,2,0,2,2,2,0,3,79.2,3593.8,0
1,0,0,0,15,1,0,1,0,0,2,2,2,2,0,1,2,101.35,1553.95,1
1,1,1,0,43,1,2,1,0,2,0,2,2,0,0,1,2,94.3,3953.15,0
1,0,0,0,39,1,0,0,0,0,0,2,0,0,2,1,0,49.8,1971.15,0
1,1,0,0,21,1,0,0,0,0,2,0,2,0,0,1,0,60.05,1236.15,1
1,0,0,0,57,0,1,0,2,0,2,0,2,2,0,1,2,53.75,3196.0,0
0,0,1,0,53,1,0,1,0,0,0,2,2,2,1,1,2,93.45,4872.2,0
1,0,1,1,18,1,0,1,2,0,2,0,2,0,0,1,3,87.9,1500.5,0
0,0,0,0,1,1,2,0,0,0,0,0,0,2,0,1,2,60.15,60.15,1
0,0,1,0,58,1,2,0,2,0,0,2,0,0,1,1,0,61.05,3478.75,0
0,1,0,0,71,1,2,1,0,0,2,0,2,2,2,0,0,104.05,7413.55,0
0,0,0,0,35,1,0,1,0,0,2,2,2,2,1,1,2,99.25,3532.0,0
1,0,0,0,3,1,0,1,0,0,2,0,0,2,0,0,1,85.7,256.75,0
1,0,0,0,38,1,2,1,2,2,0,0,2,2,1,1,2,104.85,3887.25,0
1,0,1,1,35,1,2,0,2,2,2,2,0,0,2,1,1,69.15,2490.15,0
1,0,0,0,7,1,2,1,0,0,2,0,2,0,0,1,2,90.45,593.45,1
0,0,0,0,47,1,0,0,0,0,2,2,2,2,2,0,3,74.45,3510.3,0
0,0,0,0,14,1,0,0,0,2,0,0,0,0,0,0,2,50.45,765.45,0
0,1,1,0,20,1,0,0,0,2,0,0,0,2,0,1,2,60.0,1259.35,0
1,0,1,0,66,1,2,0,2,2,0,2,2,2,2,0,2,85.25,5538.35,0
1,0,1,0,15,1,0,2,1,1,1,1,1,1,0,1,1,19.45,340.85,0
0,0,0,0,42,1,0,2,1,1,1,1,1,1,2,1,0,20.75,844.45,0
0,0,1,0,17,1,2,1,2,0,0,0,0,0,0,0,2,78.9,1348.95,0
1,0,0,0,37,1,2,1,0,2,0,2,2,2,1,1,1,104.5,3778.0,0
0,0,0,0,12,1,0,0,0,2,0,0,0,0,0,1,2,49.4,611.65,0
1,0,1,0,53,1,0,1,0,2,0,0,2,2,1,1,0,94.25,4867.95,1
0,0,0,0,60,1,2,2,1,1,1,1,1,1,2,0,3,25.0,1505.05,0
1,0,1,1,18,0,1,0,0,0,0,0,0,0,0,0,1,25.55,467.85,0
1,0,0,0,1,1,2,1,0,0,0,0,0,0,0,1,2,74.9,74.9,1
0,0,0,0,3,1,0,1,0,0,0,0,0,0,0,1,2,70.15,194.2,0
0,0,0,1,9,1,0,0,0,0,0,2,2,2,0,1,1,69.4,571.45,0
0,0,0,0,1,1,0,1,0,0,0,0,2,0,0,1,2,80.25,80.25,1
1,0,1,0,56,1,2,1,2,2,2,0,0,0,1,1,2,93.15,5253.95,0
1,0,1,1,17,1,0,1,0,0,0,0,0,0,0,1,2,69.0,1149.65,1
0,0,1,1,11,1,2,0,0,0,0,2,0,2,0,1,2,66.35,740.8,1
1,0,0,0,7,1,0,1,0,0,0,0,0,0,0,1,2,69.55,521.35,0
0,0,1,1,69,1,0,2,1,1,1,1,1,1,2,0,0,20.2,1412.65,0
1,0,0,0,19,1,2,1,0,0,0,0,0,2,0,1,0,86.0,1532.45,1
0,0,1,1,3,1,0,1,0,0,0,0,0,2,0,1,2,80.3,250.05,1
1,0,1,1,54,1,0,2,1,1,1,1,1,1,2,0,1,20.4,1090.6,0
1,0,1,0,62,1,2,2,1,1,1,1,1,1,1,1,1,23.75,1446.8,0
1,0,0,0,24,1,2,1,0,2,0,0,2,0,0,1,1,90.55,2282.55,1
0,0,1,1,62,1,2,0,0,0,0,0,2,2,0,1,1,70.45,4300.45,0
1,0,0,0,17,1,2,0,2,0,0,0,0,2,0,0,0,65.75,1111.2,0
1,0,0,0,9,0,1,0,0,0,0,0,0,0,0,1,3,24.6,190.1,0
1,0,1,1,64,1,0,0,2,0,2,2,2,0,2,0,3,69.25,4447.75,0
0,0,0,0,2,1,2,1,0,0,0,0,0,0,0,1,2,75.9,143.35,1
1,0,1,1,1,1,0,0,0,0,0,0,0,0,0,1,3,45.85,45.85,1
0,0,1,0,16,0,1,0,0,0,0,2,2,2,0,1,2,49.95,810.2,1
0,0,1,0,72,1,2,2,1,1,1,1,1,1,2,0,0,24.65,1830.05,0
1,0,0,0,30,1,2,1,2,2,2,0,0,0,1,0,0,90.4,2820.65,0
0,0,1,0,49,1,2,1,2,0,0,0,2,2,0,1,3,100.85,4847.35,0
1,0,1,0,61,1,2,0,2,0,2,2,0,2,2,0,1,75.35,4729.3,0
1,0,1,1,47,1,2,1,0,2,0,0,2,0,0,0,2,87.2,4017.45,0
1,0,0,0,20,1,0,0,2,0,2,0,0,2,0,0,1,64.4,1398.6,0
1,0,1,1,34,1,0,1,0,0,0,0,2,0,0,0,2,78.3,2564.3,1
0,0,1,1,70,1,2,2,1,1,1,1,1,1,2,0,0,24.7,1685.9,0
1,0,0,1,54,1,0,1,2,2,0,2,2,2,1,1,2,105.85,5826.65,0
1,1,1,0,61,1,2,1,0,2,2,2,2,0,1,1,3,98.3,6066.55,0
1,0,0,0,3,1,2,1,0,0,0,0,0,0,0,1,2,76.95,228.4,1
1,0,0,0,13,1,0,2,1,1,1,1,1,1,1,0,3,19.45,270.2,0
0,1,0,0,16,1,2,1,0,0,0,0,2,2,0,1,2,96.15,1529.2,1
0,0,1,1,3,1,0,0,0,2,0,0,2,0,0,1,1,58.7,168.6,0
1,0,0,0,25,1,0,2,1,1,1,1,1,1,0,1,3,20.15,536.35,0
1,0,0,0,30,1,2,0,2,0,0,0,0,2,0,1,3,64.5,1888.45,0
0,0,1,0,21,0,1,0,2,0,0,0,0,0,0,0,2,28.5,629.35,0
1,0,0,0,1,1,0,0,0,0,0,0,0,0,0,0,2,45.3,45.3,1
0,0,0,0,15,1,0,2,1,1,1,1,1,1,0,0,0,19.4,289.3,1
1,1,1,0,23,1,0,1,0,0,0,0,2,2,0,1,2,90.45,2117.25,0
0,0,1,1,45,1,2,1,2,2,0,0,2,2,0,1,2,105.15,4730.9,0
0,0,1,1,24,1,2,1,0,2,2,0,0,0,1,0,0,83.15,2033.05,0
0,0,0,0,11,1,2,1,0,0,0,2,2,0,0,0,2,90.15,987.95,1
1,0,0,0,1,1,0,0,0,0,0,0,0,0,0,0,3,45.05,45.05,1
0,0,1,0,56,1,2,1,0,0,2,2,2,2,2,0,0,103.2,5744.35,0
0,0,0,0,1,1,0,1,0,2,0,0,0,0,0,0,2,75.8,75.8,1
1,0,0,0,1,1,0,2,1,1,1,1,1,1,0,0,2,19.45,19.45,0
0,0,0,0,7,1,0,1,0,0,0,0,0,2,0,1,2,79.3,523.15,1
0,1,1,0,55,1,0,1,0,0,2,2,2,0,2,0,1,88.8,4805.3,0
0,0,0,0,2,0,1,0,0,0,0,2,0,0,0,1,2,30.9,59.05,1
0,0,1,1,72,1,2,0,2,0,2,2,2,2,2,1,1,85.9,6110.75,0
0,1,0,0,45,0,1,0,0,0,0,0,0,2,1,0,2,34.2,1596.6,0
0,0,0,0,47,1,0,2,1,1,1,1,1,1,2,0,3,20.15,1046.2,0
0,1,0,0,46,1,0,1,0,2,0,0,2,2,1,0,1,95.25,4424.2,1
1,0,0,0,2,1,0,0,0,2,0,0,0,0,0,1,3,50.3,92.75,0
0,0,1,0,2,1,0,1,2,0,0,2,0,0,0,1,2,80.15,194.55,0
0,0,1,0,12,1,0,0,0,2,0,0,0,0,0,1,2,51.25,612.1,0
0,1,1,0,68,1,2,1,0,2,0,0,0,2,0,1,0,89.6,6127.6,1
1,0,1,1,69,1,0,1,0,0,0,2,2,2,2,1,1,95.2,6671.7,0
1,1,0,1,56,1,0,1,2,0,0,0,2,2,1,0,1,94.8,5264.3,0
0,1,0,0,4,1,2,1,2,0,0,0,0,0,0,1,2,80.25,303.7,0
1,0,1,0,64,1,2,0,0,2,2,2,2,0,2,1,0,76.1,4818.8,0
1,0,1,0,59,1,2,1,2,2,2,0,2,2,1,1,2,110.15,6448.05,1
1,0,1,1,62,1,2,1,2,2,2,2,2,2,2,0,0,115.55,7159.05,0
1,0,1,1,63,1,2,2,1,1,1,1,1,1,2,0,1,24.65,1574.5,0
0,0,0,0,53,0,1,0,2,2,2,2,2,0,1,1,2,53.6,2879.2,0
1,0,1,1,5,1,0,2,1,1,1,1,1,1,0,0,3,19.45,86.05,0
1,1,1,0,49,1,2,1,2,2,2,0,0,0,0,1,2,88.2,4159.45,0
0,0,1,1,62,1,2,1,2,0,0,0,2,2,2,1,0,101.15,6638.35,0
0,0,1,0,55,1,0,0,2,2,0,2,0,0,2,0,3,56.8,3112.05,0
0,1,1,0,71,1,0,1,2,2,2,2,2,0,2,1,2,99.4,7168.25,0
0,0,1,1,72,1,0,2,1,1,1,1,1,1,2,1,1,20.1,1326.25,0
1,0,1,1,36,0,1,0,2,0,2,2,2,2,1,0,1,60.7,2234.55,0
1,0,1,0,25,1,0,2,1,1,1,1,1,1,1,1,0,20.95,495.15,0
0,1,1,0,72,1,2,1,2,2,2,2,2,2,2,1,0,114.85,8317.95,0
0,0,0,0,36,1,0,2,1,1,1,1,1,1,1,1,0,19.25,679.8,0
1,0,0,0,1,1,0,0,0,0,0,0,2,2,0,1,3,62.8,62.8,0
0,0,1,0,72,1,2,1,2,0,2,0,2,2,2,1,2,105.5,7544.0,0
1,0,1,1,59,1,0,2,1,1,1,1,1,1,2,0,3,19.85,1188.25,0
1,1,1,0,7,1,0,1,0,0,0,0,2,2,0,1,2,89.5,676.7,1
0,0,0,0,1,1,0,0,0,0,2,2,2,2,1,0,1,74.1,74.1,0
0,0,1,1,30,1,2,1,0,2,2,2,2,2,0,1,2,107.5,3242.5,0
1,0,0,0,64,1,0,2,1,1,1,1,1,1,2,0,3,19.55,1240.15,0
1,0,0,0,63,1,2,0,2,2,2,2,0,0,1,0,0,68.8,4111.35,0
1,1,1,0,72,1,2,0,2,2,2,0,2,2,2,0,1,84.45,5899.85,0
1,0,1,0,8,1,0,1,2,0,0,0,0,0,0,0,2,75.0,632.95,1
0,0,0,0,62,1,2,0,0,2,2,2,2,2,2,0,0,84.5,5193.2,0
1,0,1,1,67,1,2,1,0,2,2,2,2,2,2,1,0,111.2,7530.8,0
1,0,0,0,6,1,0,0,0,0,0,0,0,0,0,0,2,44.75,270.95,1
0,0,1,1,70,1,2,0,2,0,0,2,2,2,2,1,0,80.6,5460.2,0
0,1,0,0,20,1,0,1,0,0,0,0,2,0,0,0,0,80.7,1614.2,0
0,0,0,0,5,1,2,1,0,0,0,0,0,0,0,0,2,75.6,402.5,0
0,0,1,1,24,0,1,0,2,2,2,0,2,2,1,0,2,57.6,1367.75,0
0,0,1,0,11,1,0,0,0,0,0,0,0,0,0,1,2,44.05,483.7,1
1,0,1,0,72,1,2,1,0,2,2,2,2,2,2,1,1,110.6,7962.2,0
0,0,1,1,66,1,0,0,2,2,0,2,0,0,2,1,1,58.2,3810.8,0
0,0,1,1,45,1,0,0,2,0,2,2,2,2,2,1,3,81.0,3533.6,0
0,0,1,1,69,1,0,2,1,1,1,1,1,1,2,0,0,19.7,1396.9,0
1,1,1,0,15,1,2,1,0,0,0,0,0,2,0,1,0,85.6,1345.55,1
0,0,0,0,28,1,0,0,0,0,2,0,2,0,0,1,0,59.55,1646.45,0
0,0,0,0,70,1,2,1,2,2,2,2,2,2,1,0,1,115.55,8127.6,1
0,0,0,0,36,1,0,0,2,2,2,2,0,2,1,1,3,75.55,2680.15,0
1,1,0,0,16,1,2,1,0,0,0,0,2,0,0,1,2,86.6,1281.0,1
0,0,0,0,18,1,2,1,0,0,0,0,2,0,0,1,2,85.2,1553.9,1
0,0,1,0,34,1,2,1,0,0,0,0,2,2,0,1,2,97.65,3207.55,1
1,0,1,1,42,0,1,0,0,2,2,0,0,2,1,1,1,45.1,2049.05,0
1,0,0,0,48,1,2,0,2,0,0,2,0,2,1,1,0,70.95,3629.2,0
1,0,1,0,47,1,2,1,0,2,2,2,2,2,0,1,2,109.55,5124.55,1
0,0,1,1,39,1,2,1,0,2,2,2,0,0,1,1,2,89.55,3474.45,1
0,0,1,1,11,1,0,2,1,1,1,1,1,1,2,0,1,20.9,202.3,0
1,0,0,0,7,1,0,2,1,1,1,1,1,1,0,1,3,19.95,147.5,0
0,0,0,0,3,1,2,2,1,1,1,1,1,1,0,0,3,24.6,86.35,0
1,0,0,0,8,1,0,0,2,0,2,0,0,2,0,1,2,66.7,579.0,0
1,0,0,1,1,1,0,2,1,1,1,1,1,1,0,1,3,19.45,19.45,1
1,0,1,1,32,1,0,1,2,2,2,0,0,2,1,0,3,94.8,3131.55,0
1,0,1,1,60,1,0,0,2,2,2,2,0,0,1,1,0,65.85,3928.3,0
0,0,1,0,10,1,0,2,1,1,1,1,1,1,0,1,0,19.95,187.75,0
0,0,1,0,71,1,2,2,1,1,1,1,1,1,2,1,0,24.65,1710.15,0
0,0,1,1,4,1,0,2,1,1,1,1,1,1,0,0,3,20.35,76.35,1
0,1,0,0,1,1,0,1,0,0,0,0,0,0,0,1,2,69.25,69.25,1
0,0,1,1,43,0,1,0,2,2,0,2,2,0,1,1,0,51.25,2151.6,0
1,0,1,0,59,1,2,1,0,0,2,0,2,2,1,1,0,99.5,5961.1,1
0,0,1,0,23,1,0,0,0,0,2,2,0,0,0,0,2,54.25,1221.55,0
0,0,1,0,72,1,0,2,1,1,1,1,1,1,2,0,0,19.4,1496.45,0
1,0,1,0,22,1,0,0,2,0,0,2,0,0,1,1,1,56.25,1292.2,0
0,0,0,0,1,0,1,0,0,0,0,0,0,0,0,1,3,25.15,25.15,0
1,0,0,0,69,1,2,2,1,1,1,1,1,1,2,0,0,23.95,1713.1,0
1,0,0,0,50,0,1,0,2,0,0,2,0,0,1,1,3,35.4,1748.9,0
0,1,0,0,1,0,1,0,0,0,0,0,0,0,0,1,2,25.2,25.2,1
1,0,0,0,2,1,0,0,0,0,0,0,0,0,0,1,3,45.0,96.45,1
0,0,1,0,15,1,0,1,0,2,0,0,0,0,0,0,0,75.35,1114.55,0
1,0,0,0,31,1,0,2,1,1,1,1,1,1,2,0,0,20.4,609.1,0
1,0,0,0,1,1,0,2,1,1,1,1,1,1,0,0,3,20.15,20.15,1
1,0,1,0,66,1,2,1,0,2,2,0,2,2,0,1,1,105.0,7133.25,1
1,0,0,1,3,1,0,0,0,0,0,0,2,0,0,1,1,54.7,169.45,1
0,0,0,0,8,1,0,2,1,1,1,1,1,1,2,0,3,20.0,141.6,0
1,0,1,1,64,1,0,0,2,0,2,0,2,2,1,1,1,73.05,4688.65,0
0,0,1,0,28,1,0,2,1,1,1,1,1,1,0,0,3,20.5,563.05,0
0,0,1,0,57,1,2,1,0,0,2,0,2,2,1,1,1,100.75,5985.0,0
0,0,1,1,14,1,2,1,0,0,2,0,0,2,0,1,2,87.25,1258.6,1
1,0,0,0,19,1,0,2,1,1,1,1,1,1,2,1,3,19.95,373.5,0
1,0,1,0,10,1,0,1,0,0,0,0,2,0,0,1,2,79.95,857.2,1
0,0,1,0,51,0,1,0,0,2,0,0,2,2,0,1,2,49.65,2553.35,0
0,0,1,0,67,1,2,0,2,2,2,0,0,0,2,0,3,65.65,4322.85,0
1,0,1,1,11,1,0,2,1,1,1,1,1,1,0,1,2,20.45,250.8,0
1,0,1,1,72,0,1,0,2,0,2,2,2,2,2,0,0,60.95,4549.05,0
1,0,1,1,66,1,0,2,1,1,1,1,1,1,1,1,2,20.35,1359.5,0
0,0,0,0,18,1,2,1,0,0,0,2,2,0,0,1,2,88.35,1639.3,1
0,0,0,0,9,1,0,2,1,1,1,1,1,1,0,1,2,19.5,178.85,0
0,0,0,0,9,1,2,1,0,0,0,0,0,0,0,1,1,75.2,633.85,0
1,0,1,0,48,1,2,1,2,2,2,0,2,2,0,1,0,111.45,5315.1,0
1,0,0,0,10,1,0,1,0,0,0,0,0,0,0,0,3,70.15,735.5,0
0,0,0,0,9,1,2,1,0,0,0,0,2,2,0,1,2,94.75,889.9,1
0,1,0,0,13,1,2,1,0,0,0,0,2,2,0,1,2,95.05,1290.0,1
1,0,0,0,4,1,2,1,0,2,0,0,0,0,0,0,2,78.45,330.05,1
1,0,0,0,4,1,0,1,0,0,0,0,0,0,0,1,2,70.2,237.95,1
0,0,1,0,72,1,2,0,2,2,2,2,2,2,2,0,0,92.0,6474.4,0
0,0,1,1,51,1,0,0,2,2,2,2,2,2,2,0,1,85.5,4421.95,0
1,0,1,0,59,0,1,0,0,2,0,0,0,2,0,1,0,41.05,2452.7,1
1,0,1,0,10,1,2,1,0,0,0,0,2,0,0,1,2,85.6,813.85,1
1,1,1,0,61,1,2,1,0,2,0,0,0,0,0,1,2,82.15,4904.85,0
1,0,0,0,54,1,0,1,2,0,2,2,0,0,1,0,2,84.4,4484.05,0
0,0,0,0,33,1,2,0,2,2,0,0,0,0,0,1,3,60.9,2033.85,0
0,0,0,0,27,1,0,2,1,1,1,1,1,1,2,1,0,20.25,538.2,0
0,1,0,0,1,1,0,1,0,0,0,0,2,0,0,1,2,79.2,79.2,1
1,0,0,0,23,1,0,1,0,2,0,0,2,2,0,0,3,95.3,2192.9,0
1,0,0,1,1,1,0,2,1,1,1,1,1,1,0,0,3,19.85,19.85,0
1,0,1,1,45,1,0,0,2,2,2,2,2,2,2,1,3,84.35,3858.05,0
0,0,1,1,39,1,0,2,1,1,1,1,1,1,2,1,0,19.85,854.8,0
1,0,0,0,5,1,0,0,0,0,2,0,2,2,1,1,3,70.0,347.4,1
1,0,1,1,72,1,2,0,2,2,2,2,2,0,2,0,0,82.3,5815.15,0
0,0,1,1,58,1,2,0,0,2,0,0,2,0,0,1,0,66.8,3970.4,0
0,0,0,0,70,0,1,0,2,2,2,2,0,0,2,1,0,44.6,3058.15,0
1,0,1,1,61,1,0,1,0,2,0,2,2,2,1,1,0,98.45,6145.2,0
1,0,0,0,2,1,0,1,0,0,0,0,0,0,0,0,3,70.7,129.2,0
0,0,1,1,46,1,2,2,1,1,1,1,1,1,1,0,3,24.95,1165.9,0
0,0,0,0,1,1,2,0,0,0,0,0,0,0,0,1,0,49.95,49.95,1
0,0,1,0,22,1,0,1,0,0,0,0,0,0,0,1,2,69.25,1554.0,1
0,0,0,0,48,1,0,1,2,0,2,2,2,2,2,1,1,102.5,4904.25,0
1,0,0,0,64,1,2,0,0,2,2,2,2,2,2,0,1,86.55,5632.55,0
1,0,1,1,72,1,2,2,1,1,1,1,1,1,2,0,0,24.3,1643.25,0
0,0,1,1,12,1,0,0,0,0,2,0,2,0,0,1,1,58.35,740.55,0
0,1,1,0,34,1,2,1,0,2,2,0,0,2,0,1,2,94.25,3217.55,1
0,0,1,1,72,1,0,0,2,2,2,0,0,2,2,0,1,68.75,4888.2,0
1,0,1,0,29,1,2,1,0,2,2,0,0,0,0,1,2,85.8,2440.25,0
1,0,1,1,33,1,0,2,1,1,1,1,1,1,1,0,1,20.1,620.55,0
0,0,0,0,1,1,0,2,1,1,1,1,1,1,0,0,3,20.35,20.35,0
0,0,1,1,62,1,2,1,0,2,2,2,2,2,1,1,2,110.8,6840.95,0
1,0,1,0,41,1,2,0,0,0,2,0,2,2,1,1,2,73.0,3001.2,1
0,0,0,0,64,1,2,1,0,0,2,0,2,2,1,1,1,100.05,6254.2,1
0,0,0,0,4,1,0,1,0,0,2,0,0,2,0,1,1,82.85,319.6,0
0,0,0,0,24,1,2,1,2,0,0,2,0,0,0,1,2,84.35,1938.05,0
0,0,1,1,14,1,0,2,1,1,1,1,1,1,1,0,3,19.55,294.5,0
1,0,0,1,3,1,0,2,1,1,1,1,1,1,0,0,3,19.95,58.3,0
0,1,0,0,4,1,0,1,0,2,2,0,2,2,0,1,1,99.8,442.85,1
0,0,0,1,18,0,1,0,0,0,0,0,0,2,0,1,2,35.0,553.0,1
1,0,0,0,8,1,0,0,0,0,0,0,2,2,0,1,2,66.25,546.45,0
0,0,0,0,35,1,2,2,1,1,1,1,1,1,2,0,0,23.3,797.1,0
0,0,0,0,1,1,2,1,0,0,0,0,0,0,0,0,2,76.0,76.0,1
1,0,0,1,66,1,2,2,1,1,1,1,1,1,2,1,1,25.3,1673.8,0
1,0,0,1,8,0,1,0,2,0,0,2,0,2,2,1,3,44.55,343.45,0
0,0,1,0,71,1,2,1,2,0,2,0,2,2,1,1,1,104.1,7412.25,0
0,0,1,1,43,1,2,1,0,0,2,0,0,2,0,1,0,92.55,4039.0,0
0,1,0,0,2,1,2,1,0,0,0,0,2,2,0,1,2,93.85,170.85,1
1,1,0,0,29,1,0,1,0,2,2,0,2,2,0,1,0,101.45,2948.6,0
0,0,1,0,15,1,0,1,0,0,2,0,2,0,0,1,2,84.3,1308.4,1
1,0,1,1,65,1,2,1,2,2,2,2,0,0,2,0,1,94.55,6078.75,0
1,0,0,0,35,1,2,1,0,0,2,2,2,0,0,0,2,95.5,3418.2,0
1,0,0,0,64,1,0,1,2,2,0,0,2,2,1,1,1,100.3,6603.8,0
0,0,1,1,58,0,1,0,0,0,2,2,2,2,2,1,1,55.5,3166.9,0
0,1,0,0,18,1,0,0,0,2,0,0,0,0,0,1,1,49.85,865.75,0
1,0,1,1,67,1,2,1,0,2,0,0,0,2,0,1,0,89.55,6373.1,0
1,0,1,1,63,1,0,2,1,1,1,1,1,1,2,1,3,19.15,1177.05,0
0,0,1,0,60,1,2,1,0,2,0,0,2,2,0,1,2,99.8,5985.75,0
1,1,0,0,9,1,2,1,0,0,0,0,0,2,0,1,1,84.4,732.5,1
0,0,1,1,70,1,2,1,2,2,2,2,2,2,2,1,1,113.05,7869.05,0
1,0,1,0,15,1,2,1,0,0,2,0,2,2,0,1,2,101.1,1504.05,1
0,0,0,1,48,1,0,2,1,1,1,1,1,1,1,0,3,19.95,936.7,0
1,0,1,0,12,1,0,0,0,0,2,2,2,2,0,1,2,74.15,741.4,0
1,1,1,0,71,1,2,1,2,2,2,2,0,0,1,1,2,92.0,6585.2,0
1,1,0,0,44,1,0,1,0,0,2,0,0,0,0,0,2,73.85,3122.4,0
1,0,0,0,1,1,2,0,0,0,0,0,0,0,0,1,2,50.45,50.45,1
1,0,1,1,45,1,2,2,1,1,1,1,1,1,2,0,3,24.45,1088.25,0
0,0,0,0,23,1,2,2,1,1,1,1,1,1,1,0,1,24.8,615.35,0
0,0,1,0,43,1,2,0,0,0,0,2,2,0,1,1,0,64.85,2908.2,0
1,0,0,0,35,1,0,2,1,1,1,1,1,1,0,0,0,20.75,739.9,0
1,0,1,0,9,1,0,0,2,2,0,2,2,0,0,1,3,68.95,593.85,0
1,0,0,0,12,1,2,1,0,0,0,2,2,2,0,1,3,99.95,1132.75,1
0,1,1,0,65,1,2,1,2,2,2,0,2,2,0,1,1,109.4,7227.45,0
0,0,0,0,2,1,2,1,0,0,2,0,2,0,0,1,2,91.4,193.6,1
1,0,0,0,27,1,2,0,0,0,0,0,0,0,0,0,3,49.0,1291.35,0
0,0,0,0,40,1,0,0,0,0,2,0,0,0,1,1,3,50.25,2023.55,0
0,1,0,0,5,1,0,1,0,0,2,0,0,0,0,1,1,75.55,349.65,1
1,0,1,1,8,1,0,2,1,1,1,1,1,1,1,0,1,19.9,153.95,0
0,1,1,0,58,1,2,1,0,2,0,0,2,2,1,1,0,97.8,5458.8,0
0,0,1,1,52,1,0,1,2,0,2,0,2,2,1,0,2,100.3,5244.45,0
1,0,1,0,3,1,0,0,0,0,2,2,0,0,0,1,3,55.8,154.55,0
1,0,0,1,41,1,0,1,2,2,2,2,2,2,2,1,2,111.15,4507.15,0
1,0,0,0,20,1,2,1,0,0,0,2,2,2,0,1,3,98.55,2031.95,0
1,0,0,1,1,1,2,0,0,0,0,0,0,0,0,1,2,50.05,50.05,0
1,0,0,1,4,1,2,1,0,0,0,2,0,0,0,0,1,80.8,332.45,1
1,0,0,0,23,1,0,2,1,1,1,1,1,1,0,0,2,20.85,473.9,0
0,1,0,0,6,1,0,2,1,1,1,1,1,1,0,0,0,19.5,106.8,0
1,0,1,1,8,1,0,2,1,1,1,1,1,1,0,1,3,19.35,152.6,0
1,0,0,0,18,1,2,0,2,0,2,0,2,0,0,0,3,69.5,1199.4,0
1,1,0,0,52,0,1,0,2,0,0,0,2,2,0,1,1,48.8,2555.05,0
1,0,0,0,31,1,0,1,0,2,0,0,2,2,0,1,2,94.5,2979.2,0
1,0,1,1,29,1,0,2,1,1,1,1,1,1,0,1,3,20.65,654.85,0
0,0,1,0,36,1,2,1,2,2,2,2,0,2,2,1,1,106.05,3834.4,0
0,0,1,0,16,1,2,1,0,2,0,0,2,2,0,1,2,100.0,1534.75,1
1,0,1,0,42,1,2,1,0,0,2,2,2,2,1,1,2,108.3,4586.15,0
1,0,0,0,1,1,0,2,1,1,1,1,1,1,0,0,2,20.55,20.55,1
0,0,0,0,60,1,0,1,0,2,2,0,2,2,2,1,2,99.65,5941.05,0
1,0,0,0,5,1,2,1,0,2,2,0,0,0,0,1,2,85.3,424.15,1
1,0,1,0,22,1,2,1,2,0,0,2,2,0,0,0,1,95.9,2234.95,0
1,0,1,0,36,1,0,2,1,1,1,1,1,1,1,0,3,20.0,666.75,0
0,0,0,0,4,1,0,1,0,0,0,0,0,0,0,0,2,70.4,281.0,1
1,0,0,0,9,1,0,0,2,0,0,2,0,2,0,0,3,64.95,547.8,0
1,0,1,1,1,1,0,1,0,2,0,0,0,0,0,0,1,74.6,74.6,0
1,0,1,1,12,1,0,0,2,0,0,0,0,0,0,1,2,49.2,571.15,0
0,0,0,0,23,1,2,0,0,0,0,2,2,2,1,1,3,73.75,1756.6,0
1,0,0,0,62,1,2,1,2,2,0,0,0,2,1,1,0,92.3,5731.45,0
1,0,0,0,37,1,2,1,0,0,0,2,2,2,0,0,0,98.8,3475.55,1
0,0,0,0,8,1,0,2,1,1,1,1,1,1,0,0,3,19.2,156.85,0
1,0,1,0,31,1,2,1,0,0,2,0,2,0,0,0,1,88.65,2683.2,0
1,0,1,1,13,1,2,1,0,0,0,0,0,0,0,1,1,74.4,896.75,1
0,0,0,0,24,1,2,1,0,0,2,0,2,2,0,1,2,98.75,2407.3,1
1,0,1,1,45,1,2,1,0,2,2,0,0,2,0,1,0,95.95,4456.65,0
0,1,1,0,69,1,2,1,0,2,0,2,2,2,2,0,1,105.4,6998.95,0
1,0,0,0,2,1,0,2,1,1,1,1,1,1,0,0,3,20.25,36.8,0
1,0,1,1,61,1,2,1,2,2,0,0,2,2,1,1,2,106.0,6547.7,1
1,0,0,0,41,1,2,1,0,2,2,0,2,2,0,1,2,104.7,4346.4,1
0,0,0,0,44,0,1,0,0,0,2,0,2,2,1,1,2,49.05,2265.0,0
1,0,0,0,39,0,1,0,0,0,2,2,0,0,1,0,3,35.55,1309.15,0
1,0,1,1,72,0,1,0,2,2,2,2,2,2,2,1,1,65.1,4754.3,0
0,1,0,0,13,1,0,1,0,0,2,0,2,2,0,1,2,96.85,1235.55,0
0,0,1,1,51,1,0,0,2,2,0,2,0,2,1,1,1,69.75,3562.5,0
0,1,1,0,71,1,0,1,0,2,2,0,2,2,2,1,2,99.2,7213.75,0
1,1,0,0,22,1,2,1,0,0,0,0,2,2,0,1,2,96.7,2082.95,1
0,0,0,0,2,1,0,0,0,2,0,2,0,0,0,1,1,55.05,102.75,1
0,0,0,0,56,1,2,1,0,2,2,0,2,2,1,1,2,106.8,5914.4,0
1,0,0,0,1,1,0,0,2,0,0,0,0,0,0,0,3,51.25,51.25,0
0,0,1,1,23,1,0,0,2,2,0,2,0,0,1,1,3,57.75,1282.85,0
0,1,1,0,66,1,2,0,0,2,2,0,2,0,1,1,0,70.85,4738.85,0
0,0,0,0,1,1,0,2,1,1,1,1,1,1,0,0,3,19.55,19.55,0
1,1,0,0,19,1,2,1,0,2,0,0,2,0,0,1,2,88.2,1775.8,1
1,0,0,0,11,1,0,1,2,0,2,0,0,0,0,1,0,79.5,795.65,0
0,0,1,1,8,1,0,2,1,1,1,1,1,1,1,1,3,19.75,145.0,1
0,0,1,1,52,1,2,1,2,2,2,0,0,2,0,0,0,98.15,4993.4,0
1,0,0,0,3,1,0,2,1,1,1,1,1,1,0,1,2,20.25,61.45,0
0,0,1,1,51,1,0,1,2,2,0,0,0,0,0,1,0,79.15,4018.55,0
1,1,0,0,15,1,2,1,0,0,0,0,0,0,0,0,2,75.65,1146.65,1
1,1,1,0,64,1,2,1,0,2,2,0,0,2,0,1,2,94.25,6081.4,0
0,0,0,0,37,0,1,0,0,0,2,0,0,2,0,1,1,40.2,1478.85,0
1,0,0,0,13,1,0,2,1,1,1,1,1,1,2,0,3,19.95,243.65,0
1,0,1,0,49,1,2,0,2,0,0,0,0,0,1,1,2,55.35,2633.95,0
0,1,0,0,45,1,2,1,0,0,2,0,2,2,1,1,0,102.15,4735.35,0
0,0,0,0,18,1,0,1,0,0,0,0,0,0,0,1,2,71.1,1247.75,0
1,1,0,0,1,1,2,1,0,0,0,0,0,0,0,1,2,74.7,74.7,1
1,0,1,0,68,0,1,0,2,0,2,0,2,2,2,1,0,54.1,3794.5,0
1,0,0,0,54,1,0,2,1,1,1,1,1,1,2,0,1,19.65,1008.7,0
0,1,1,1,23,1,0,1,0,2,2,0,0,2,0,1,0,88.45,2130.55,0
1,0,0,0,17,1,0,1,0,0,2,0,0,0,0,1,2,76.65,1313.55,1
1,0,1,0,71,1,2,0,2,2,2,2,0,2,2,0,1,80.4,5727.15,0
0,0,1,1,67,1,0,2,1,1,1,1,1,1,2,1,0,19.25,1372.9,0
0,0,1,1,14,1,2,1,0,0,0,0,2,0,0,1,2,84.8,1203.9,0
0,1,0,0,1,0,1,0,0,0,0,0,0,0,0,1,3,25.8,25.8,1
0,0,0,1,63,1,0,2,1,1,1,1,1,1,2,0,1,19.5,1215.1,0
0,0,0,0,41,1,2,0,0,0,2,2,0,2,1,1,2,68.6,2877.05,0
0,0,1,0,17,1,2,1,0,0,0,0,2,2,0,0,2,92.6,1579.7,0
1,0,1,0,56,1,2,1,2,0,0,0,2,2,1,1,2,100.55,5514.95,0
0,0,0,0,5,1,0,2,1,1,1,1,1,1,0,0,1,20.55,96.1,0
0,0,0,0,2,0,1,0,2,2,0,0,0,2,0,1,2,42.6,72.4,1
0,0,1,0,3,1,0,2,1,1,1,1,1,1,0,1,3,19.6,55.25,0
1,0,0,0,37,1,2,0,2,2,2,2,0,0,1,0,2,67.45,2443.3,0
0,0,0,0,29,1,0,0,2,2,2,0,0,2,0,1,0,68.85,1970.5,1
1,0,0,0,8,1,0,0,0,0,0,0,0,0,0,0,3,43.55,335.4,0
0,0,0,0,63,1,2,1,0,2,2,2,2,2,0,1,1,109.85,7002.95,0
0,0,1,1,7,1,0,2,1,1,1,1,1,1,0,0,3,20.65,158.95,0
0,0,0,0,3,1,0,1,0,2,0,0,2,2,0,0,2,95.4,293.15,0
1,0,1,1,72,1,0,2,1,1,1,1,1,1,2,0,0,21.0,1493.75,0
0,0,0,0,19,1,0,0,0,0,0,0,0,2,0,1,2,56.2,1093.4,0
0,0,1,0,59,1,0,2,1,1,1,1,1,1,2,0,0,18.4,1057.85,0
1,0,1,1,2,1,0,1,0,0,2,2,0,2,0,0,1,90.0,190.05,1
0,0,1,1,35,1,2,2,1,1,1,1,1,1,0,1,2,25.75,882.55,0
1,0,0,0,14,1,0,2,1,1,1,1,1,1,0,0,1,19.6,300.4,0
0,0,0,0,14,1,0,1,0,0,2,0,0,0,0,0,2,75.35,1025.95,1
0,0,1,1,69,1,0,2,1,1,1,1,1,1,2,0,1,19.8,1436.95,0
1,1,1,0,7,1,2,0,2,2,0,2,0,0,0,0,2,64.2,475.0,0
1,0,1,1,69,1,0,0,2,2,2,2,2,0,2,1,0,75.75,5388.15,0
0,0,1,1,72,1,2,0,0,2,0,2,2,2,2,1,2,78.95,5730.15,0
1,0,0,0,8,1,2,1,0,2,0,0,2,2,0,0,2,100.85,819.55,1
0,0,1,1,4,1,0,0,2,0,0,0,0,0,0,0,2,50.3,217.1,0
1,0,1,1,63,1,0,1,0,2,2,0,0,0,0,1,1,80.3,4896.35,0
1,0,0,0,72,1,0,2,1,1,1,1,1,1,2,0,0,19.85,1434.1,0
0,0,0,0,46,1,0,2,1,1,1,1,1,1,2,1,2,21.1,937.1,0
0,0,1,0,5,1,0,1,0,0,0,0,0,0,0,0,2,69.95,330.15,1
1,0,1,0,30,1,0,0,0,0,2,0,0,0,0,1,3,50.0,1474.9,0
1,0,0,0,63,1,2,1,0,2,2,0,2,2,2,1,0,104.75,6536.5,0
0,0,0,0,60,1,0,2,1,1,1,1,1,1,2,0,0,19.85,1128.1,0
0,0,1,0,63,1,2,1,0,2,2,0,2,2,1,1,2,107.5,6873.75,1
1,0,1,1,25,1,0,1,0,0,0,2,2,0,0,0,2,85.9,2199.05,0
1,0,0,0,1,1,0,0,0,0,0,0,0,0,0,1,3,45.85,45.85,1
1,1,1,0,6,1,2,1,0,0,2,0,0,0,0,1,2,80.8,457.1,0
1,0,0,0,22,1,2,2,1,1,1,1,1,1,2,0,3,25.25,566.5,0
0,0,1,1,31,1,2,0,0,2,0,2,2,2,2,0,0,80.55,2471.6,0
0,0,1,1,39,1,0,1,0,0,2,2,0,0,0,1,0,81.5,3107.3,0
1,0,0,0,26,1,0,2,1,1,1,1,1,1,0,0,3,20.9,518.3,0
0,0,1,0,53,1,0,1,2,2,2,0,2,2,1,1,0,106.1,5769.75,1
0,0,0,0,1,1,0,1,0,2,0,2,2,0,0,0,2,91.7,91.7,1
1,0,0,0,12,1,2,0,2,2,0,2,0,0,0,1,2,67.25,832.3,0
0,0,0,0,16,1,2,1,0,2,2,0,0,2,0,1,1,95.6,1555.65,1
0,0,0,0,2,1,0,2,1,1,1,1,1,1,0,0,3,20.35,45.3,0
1,0,0,1,39,0,1,0,2,0,0,2,2,0,1,0,0,45.05,1790.6,0
1,0,0,0,1,1,2,1,0,0,0,0,0,0,0,1,2,74.95,74.95,1
0,0,1,1,7,0,1,0,2,0,0,2,0,0,0,0,3,34.65,246.6,0
1,1,0,0,4,1,0,1,0,0,0,0,0,0,0,0,2,69.35,261.65,0
1,1,0,0,10,1,2,1,0,0,0,0,2,2,0,1,2,95.35,898.35,1
0,0,0,0,55,1,0,1,0,2,2,0,0,0,0,1,2,81.55,4509.5,0
1,0,1,1,72,1,0,0,0,2,2,0,2,2,2,1,0,75.4,5480.25,0
0,0,1,0,10,1,0,0,0,0,2,0,2,2,0,1,1,67.8,653.15,0
1,1,0,0,11,1,2,1,0,2,2,2,2,2,0,1,2,111.4,1183.05,0
0,0,1,1,15,1,0,0,0,0,0,0,0,0,0,0,2,46.3,639.45,0
0,0,1,1,23,1,0,2,1,1,1,1,1,1,2,0,0,20.4,478.75,0
1,0,0,1,1,1,0,2,1,1,1,1,1,1,0,0,3,20.05,20.05,0
0,1,0,0,3,1,0,0,0,0,0,0,0,0,0,0,2,45.0,127.1,1
1,0,1,1,47,1,0,1,2,2,2,0,0,2,1,1,2,96.1,4391.45,0
0,0,0,1,15,1,0,2,1,1,1,1,1,1,1,0,3,19.65,270.6,0
1,0,0,0,66,1,0,1,0,2,2,0,2,2,0,0,2,99.5,6710.5,1
0,1,1,0,68,1,0,0,0,2,2,2,0,0,1,1,0,60.65,3975.9,0
0,0,1,1,17,1,0,1,0,0,2,2,2,2,1,0,0,98.6,1704.95,1
0,0,0,0,7,1,0,0,0,0,0,2,2,0,0,1,3,59.5,415.95,1
1,1,1,0,12,1,0,1,0,0,0,0,0,2,0,1,2,80.45,950.2,1
0,1,1,0,21,1,2,0,0,2,2,0,0,2,1,0,0,71.7,1497.05,0
1,0,0,0,21,0,1,0,0,2,0,2,0,0,0,1,3,36.0,780.15,0
0,0,1,1,56,1,2,0,2,0,0,0,2,0,1,0,0,65.2,3512.15,0
0,0,1,1,6,1,2,0,0,0,0,0,0,0,0,1,1,48.95,273.25,0
0,1,0,0,65,0,1,0,0,2,2,0,2,2,2,1,0,53.5,3517.9,0
1,0,1,0,42,1,2,0,2,0,0,2,2,2,1,0,1,80.45,3375.9,0
0,0,1,1,68,1,2,1,2,0,2,2,2,2,2,1,0,109.05,7508.55,0
1,0,1,1,48,1,2,2,1,1,1,1,1,1,2,0,0,26.3,1245.05,0
0,1,0,0,50,1,2,1,0,2,0,2,2,2,1,1,2,106.8,5347.95,0
0,1,0,0,7,1,0,0,0,2,2,0,2,0,0,1,2,64.95,493.65,0
0,0,1,1,63,1,0,2,1,1,1,1,1,1,2,0,2,19.35,1263.85,0
1,0,0,0,17,1,0,2,1,1,1,1,1,1,0,0,1,21.1,385.55,0
0,0,1,1,42,1,0,1,0,0,0,0,2,0,0,1,1,77.95,3384.0,1
1,0,1,1,4,1,0,2,1,1,1,1,1,1,0,0,3,18.85,84.2,0
0,0,0,1,62,1,2,2,1,1,1,1,1,1,2,0,0,26.0,1638.7,0
1,1,0,0,2,1,0,1,0,2,0,0,0,0,0,1,2,74.7,165.4,1
0,0,1,0,2,1,0,1,0,0,0,0,0,0,0,1,2,70.35,120.25,0
1,0,1,0,48,1,2,1,2,2,2,0,2,0,2,1,0,96.9,4473.45,0
1,0,1,0,27,1,0,2,1,1,1,1,1,1,2,0,0,19.55,520.55,0
0,0,1,1,70,1,0,0,0,2,2,2,2,2,2,1,0,80.4,5717.85,0
1,1,0,0,1,1,2,1,0,0,2,0,2,0,0,1,2,88.8,88.8,1
1,0,1,0,46,1,2,1,0,2,2,0,2,0,1,1,2,94.65,4312.5,0
1,0,0,0,30,1,0,1,0,0,0,0,2,2,0,1,2,90.25,2755.35,1
0,0,0,0,15,1,2,0,2,0,0,0,0,2,0,1,0,64.65,994.55,1
1,0,1,1,69,1,2,1,0,2,2,0,2,0,1,0,1,95.75,6511.25,0
1,0,0,0,65,1,0,2,1,1,1,1,1,1,2,1,1,19.55,1218.65,0
1,1,1,1,72,1,0,1,2,0,2,2,2,2,2,1,1,104.1,7447.7,0
1,1,1,0,13,1,0,1,0,2,0,2,0,2,0,1,0,89.05,1169.35,1
1,0,0,0,17,1,0,2,1,1,1,1,1,1,1,1,3,20.1,279.5,0
1,0,1,0,51,1,2,1,2,0,2,2,2,2,1,1,2,111.55,5720.35,0
1,0,1,1,51,1,0,0,2,2,0,2,0,0,2,0,1,60.5,3121.45,0
0,0,1,0,72,1,2,0,2,2,2,2,2,2,2,1,0,90.95,6468.6,0
1,0,1,1,67,1,2,1,0,2,2,0,0,0,1,0,2,87.4,5918.8,1
1,0,0,0,34,1,0,2,1,1,1,1,1,1,0,0,3,19.7,675.6,0
1,0,1,0,67,0,1,0,2,2,0,2,0,2,2,1,0,50.95,3521.7,0
0,0,1,0,49,1,0,2,1,1,1,1,1,1,1,1,0,20.05,923.1,0
1,0,1,1,53,1,0,2,1,1,1,1,1,1,2,1,3,19.4,1110.35,0
1,0,0,0,27,1,2,0,0,0,2,2,0,0,0,0,2,59.45,1611.65,0
0,1,0,0,23,1,0,1,0,2,0,0,2,2,0,1,2,94.75,2293.6,1
1,0,0,0,69,1,2,0,2,2,2,2,0,2,2,1,1,81.5,5553.25,0
0,0,1,1,2,0,1,0,0,0,0,2,0,0,0,0,0,29.05,44.75,0
0,0,0,0,35,1,2,1,0,0,0,0,2,0,0,1,2,86.45,3029.1,1
0,0,1,0,46,1,0,0,2,2,0,2,0,2,1,0,3,70.6,3231.05,0
0,0,0,0,54,1,2,1,0,2,0,0,2,2,2,1,0,97.2,5129.45,0
0,0,1,0,56,1,2,1,0,2,0,0,2,2,1,1,2,98.25,5508.35,1
0,0,1,0,9,1,0,1,0,0,2,0,0,0,0,1,0,75.75,655.9,1
1,0,0,0,20,1,2,0,2,0,0,2,0,0,0,0,0,59.2,1191.2,0
1,0,0,0,11,1,0,1,0,2,0,0,0,0,0,1,3,75.9,866.4,0
0,1,1,0,30,1,2,1,0,2,0,0,2,0,0,1,2,90.05,2627.2,0
1,0,1,0,68,1,0,0,2,2,2,0,0,2,2,0,0,70.95,4741.45,0
1,1,1,0,38,1,2,1,0,2,2,0,2,2,0,1,2,102.6,4009.2,0
0,1,1,0,17,1,2,1,2,0,2,0,0,0,0,1,0,85.35,1463.45,1
1,0,0,0,48,1,2,1,0,2,2,0,2,2,1,1,1,106.1,5082.8,1
0,0,0,0,1,1,0,0,0,0,0,0,0,0,0,0,2,43.8,43.8,0
1,0,1,1,63,0,1,0,2,2,2,0,2,2,2,0,2,59.0,3707.6,0
0,0,0,0,3,1,0,0,0,0,2,0,2,2,1,1,2,69.95,220.45,0
0,0,0,0,48,1,2,2,1,1,1,1,1,1,1,0,0,24.35,1133.7,0
1,0,0,0,66,0,1,0,0,0,0,2,0,0,1,0,1,29.45,1983.15,0
0,0,1,1,68,1,2,1,0,2,2,0,0,0,2,1,1,84.4,5746.75,0
1,1,0,0,17,1,0,0,0,0,0,0,0,0,0,1,2,45.05,770.6,1
0,0,1,1,7,1,0,2,1,1,1,1,1,1,1,0,3,20.65,134.05,0
1,0,1,0,72,1,2,0,2,2,2,2,2,2,2,1,0,87.1,6230.1,0
0,0,1,0,29,1,0,2,1,1,1,1,1,1,0,0,3,19.85,573.05,0
1,0,1,0,37,1,0,1,0,0,2,2,0,2,0,1,2,90.35,3419.3,0
0,0,0,0,34,1,2,1,2,2,2,0,2,2,0,1,3,109.8,3587.25,1
0,1,0,0,42,1,2,1,0,0,0,0,2,0,0,1,2,84.65,3541.35,1
0,0,1,1,59,1,2,0,2,2,0,2,0,0,1,0,3,65.5,3801.3,0
1,0,1,1,11,1,0,1,0,0,0,0,2,0,0,1,0,79.5,868.5,1
1,1,1,1,60,1,2,1,2,0,0,0,0,0,0,1,2,80.95,4859.1,0
0,0,0,0,27,1,0,0,0,2,0,2,0,0,0,1,3,56.15,1439.35,0
0,0,0,0,1,1,2,1,0,0,0,0,0,2,0,0,3,85.8,85.8,1
1,1,0,0,1,1,0,1,0,0,0,0,2,0,0,1,2,79.1,79.1,1
1,0,1,0,17,0,1,0,2,0,2,0,0,0,0,0,3,34.4,592.75,0
1,0,1,0,58,1,0,2,1,1,1,1,1,1,2,0,3,20.75,1185.95,0
1,0,1,1,1,1,0,2,1,1,1,1,1,1,1,0,3,18.8,18.8,0
0,0,1,1,3,1,0,0,0,0,0,0,0,0,0,0,3,44.3,134.5,1
0,0,0,0,53,1,2,1,2,2,2,0,0,0,0,0,2,90.8,4921.2,0
1,0,0,0,35,1,2,2,1,1,1,1,1,1,0,1,2,25.6,901.25,0
1,0,1,1,50,1,2,1,2,0,2,0,2,2,0,0,1,105.95,5341.8,1
1,0,1,1,68,1,2,0,0,2,0,2,0,2,2,0,1,70.8,4859.95,0
1,0,1,0,47,1,2,2,1,1,1,1,1,1,0,0,2,25.4,1139.2,0
0,1,1,0,65,1,2,1,0,2,2,0,2,2,0,1,0,108.8,7082.45,0
1,0,0,0,5,1,0,1,0,0,0,0,0,0,0,1,2,69.75,324.6,1
1,0,1,0,51,1,2,1,0,0,0,0,2,2,0,1,2,94.65,4812.75,1
0,0,0,0,46,1,2,1,0,0,0,0,2,2,0,0,0,96.05,4399.5,1
0,0,0,0,9,1,2,1,0,0,0,0,0,0,0,1,2,76.85,663.55,0
0,0,0,0,8,1,0,2,1,1,1,1,1,1,2,0,3,20.25,174.65,0
1,0,0,0,14,1,2,2,1,1,1,1,1,1,1,1,1,24.8,321.7,0
0,0,0,0,45,1,2,1,2,2,2,2,2,2,0,1,2,115.65,5125.5,0
0,0,0,0,8,1,2,1,0,0,0,0,0,0,0,1,1,74.6,548.9,0
1,1,0,1,1,1,0,0,0,0,2,0,0,0,0,1,3,50.15,50.15,1
1,0,1,1,66,1,0,1,2,2,2,0,2,2,1,1,0,103.15,7031.3,0
1,0,1,1,72,1,2,0,2,2,2,2,0,0,2,0,1,72.1,5016.65,0
0,0,1,0,41,1,2,1,2,2,2,2,2,2,0,1,0,113.6,4594.95,1
0,0,1,1,23,1,2,2,1,1,1,1,1,1,2,0,3,25.1,611.45,0
0,0,0,0,29,1,0,1,0,0,0,0,2,0,0,1,2,78.9,2384.15,1
0,0,0,0,4,1,2,1,2,0,0,0,0,0,0,1,2,80.15,319.85,0
1,0,1,1,6,1,2,2,1,1,1,1,1,1,2,0,3,25.4,153.3,0
0,1,1,0,67,1,2,1,2,2,2,2,0,2,1,1,1,105.4,7035.6,0
1,1,0,1,7,1,0,0,0,0,0,0,0,0,0,1,3,45.75,344.2,0
1,0,1,1,56,1,2,2,1,1,1,1,1,1,1,1,3,24.45,1431.65,0
0,0,1,0,72,1,2,2,1,1,1,1,1,1,2,0,1,25.0,1849.2,0
1,0,1,0,72,1,2,0,2,2,2,0,2,2,2,1,2,85.25,6083.1,0
1,0,1,1,23,1,0,2,1,1,1,1,1,1,2,0,1,19.6,426.65,0
0,0,0,1,35,1,2,0,0,0,0,0,0,0,0,0,3,50.15,1655.35,0
1,1,1,0,27,1,0,1,0,0,0,0,0,0,0,1,2,70.55,1943.9,0
0,0,1,1,26,1,2,0,0,2,0,2,0,0,0,1,2,60.05,1616.15,1
1,0,1,1,12,1,2,2,1,1,1,1,1,1,1,0,3,26.4,314.95,0
0,0,0,0,40,1,0,2,1,1,1,1,1,1,2,0,3,20.15,804.85,0
1,0,1,1,7,0,1,0,2,2,2,0,2,2,0,0,3,58.85,465.7,0
1,0,1,1,70,1,2,1,2,2,0,0,2,0,0,1,1,97.55,6669.05,0
1,0,1,1,60,1,0,2,1,1,1,1,1,1,2,0,1,19.65,1161.75,0
1,0,1,1,39,0,1,0,0,0,0,0,0,0,1,1,1,25.25,947.75,0
1,0,1,0,72,1,2,1,2,2,2,2,2,2,2,0,1,114.45,8375.05,0
0,0,0,0,1,0,1,0,0,0,0,0,2,0,0,1,2,34.7,34.7,1
1,0,1,1,54,1,2,0,0,2,0,2,2,0,1,1,2,70.7,3770.0,0
1,0,0,0,3,1,2,1,0,0,0,0,0,2,0,1,2,85.3,264.8,1
0,0,1,1,63,1,0,0,2,2,2,2,2,0,2,0,1,75.55,4707.85,0
1,0,1,1,71,1,2,1,0,2,0,2,0,0,2,1,2,84.8,6152.4,0
0,0,0,0,42,1,0,2,1,1,1,1,1,1,1,1,3,20.65,958.1,0
1,0,0,0,47,1,0,2,1,1,1,1,1,1,2,0,0,20.45,943.0,0
0,0,1,1,66,1,2,1,0,2,2,0,2,2,1,1,1,102.45,6615.15,1
0,0,1,0,21,1,2,1,2,0,2,0,2,2,0,1,0,104.4,2200.25,1
1,0,0,0,11,0,1,0,0,2,0,2,0,0,0,1,2,35.65,425.1,0
1,0,0,1,1,1,2,1,0,0,2,0,2,2,0,1,2,99.75,99.75,1
0,1,1,0,55,1,2,1,0,2,2,2,0,0,0,0,2,90.45,5044.8,0
1,0,0,0,69,1,2,1,0,2,2,2,2,0,2,1,1,97.65,6743.55,0
0,1,0,0,3,1,0,1,0,0,2,0,0,0,0,0,2,73.85,196.4,0
1,0,0,0,4,1,0,0,0,0,2,2,2,2,0,1,2,74.4,299.7,1
1,1,0,0,30,1,2,0,0,0,2,2,2,0,2,1,1,69.1,2093.9,0
0,0,0,0,5,1,2,1,0,0,2,2,0,0,0,1,2,82.75,417.75,0
0,0,1,0,71,1,2,2,1,1,1,1,1,1,2,1,1,24.4,1725.4,0
0,0,0,0,29,1,2,0,0,2,0,0,0,0,1,1,2,55.25,1620.2,0
1,0,1,0,52,1,2,0,0,2,0,2,0,0,0,0,0,61.35,3169.55,0
1,0,0,0,68,1,2,0,2,2,2,0,0,2,1,0,1,76.75,5233.25,0
0,0,1,1,46,1,0,2,1,1,1,1,1,1,2,0,3,19.4,967.85,0
1,0,0,0,8,1,0,0,0,0,0,0,0,2,0,1,1,54.75,438.05,0
1,0,1,0,72,1,0,2,1,1,1,1,1,1,2,0,1,19.7,1421.9,0
0,0,0,0,17,1,0,2,1,1,1,1,1,1,1,0,0,19.9,323.15,0
1,0,0,0,3,1,0,1,0,2,2,2,2,2,0,1,2,107.95,318.6,0
0,1,0,0,2,1,0,1,0,2,0,0,2,0,0,1,0,83.8,163.7,0
0,0,0,0,9,1,0,1,2,0,0,0,0,0,0,1,1,74.25,639.65,1
0,0,0,0,51,0,1,0,0,2,2,0,2,2,1,1,1,56.4,2928.5,0
0,0,1,1,6,1,0,2,1,1,1,1,1,1,2,0,3,20.1,100.35,0
0,0,1,0,3,1,2,1,0,0,0,0,2,2,0,0,2,94.9,273.2,0
0,1,0,0,17,1,2,1,0,0,0,0,2,2,0,1,2,94.2,1608.15,0
1,0,1,0,30,1,2,0,0,0,0,0,0,0,0,0,2,49.9,1441.95,0
1,0,0,0,31,1,2,0,0,2,0,2,2,0,0,1,2,71.05,2168.15,0
0,0,0,0,45,1,0,0,2,0,2,2,2,2,2,0,0,81.65,3618.7,0
1,0,1,0,64,1,2,1,2,2,2,0,0,0,1,0,0,89.45,5692.65,0
1,0,0,0,1,1,2,0,0,0,0,0,2,0,0,1,2,59.85,59.85,1
0,1,0,0,1,1,0,1,0,0,0,0,0,0,0,1,2,69.6,69.6,1
1,1,1,1,61,1,2,1,0,2,0,0,2,2,1,0,2,99.0,5969.3,0
1,0,0,0,1,1,0,2,1,1,1,1,1,1,0,0,3,19.05,19.05,0
1,0,0,0,9,0,1,0,0,0,0,0,2,2,0,1,2,45.4,418.8,1
1,0,1,1,72,1,2,1,2,2,2,2,2,2,2,0,0,114.45,8100.55,0
0,0,0,0,1,1,0,2,1,1,1,1,1,1,0,0,3,19.5,19.5,1
0,0,1,0,7,1,0,0,0,0,0,0,0,0,0,1,3,44.25,313.45,0
0,0,1,0,66,1,2,1,0,2,2,2,0,0,1,1,0,90.55,6130.95,0
1,0,0,0,1,1,0,1,0,0,0,0,0,0,0,1,2,69.9,69.9,1
1,0,1,1,40,1,0,2,1,1,1,1,1,1,0,1,0,20.4,745.3,0
1,0,0,0,16,1,2,0,0,2,2,0,0,2,0,1,0,71.4,1212.1,0
0,0,0,0,2,1,0,1,0,2,0,0,2,0,0,1,0,87.15,183.75,1
1,0,1,0,67,1,2,2,1,1,1,1,1,1,2,0,1,24.85,1583.5,0
0,0,1,0,41,1,0,1,2,2,2,0,2,2,1,1,0,104.45,4162.05,0
0,0,1,1,56,1,0,2,1,1,1,1,1,1,2,1,1,19.8,1119.9,0
0,0,0,0,72,1,2,1,2,2,2,2,2,2,2,1,0,116.45,8013.55,0
0,0,1,1,3,1,2,1,0,0,0,0,0,2,0,1,0,84.75,264.85,1
0,0,1,0,54,1,0,2,1,1,1,1,1,1,2,0,1,20.05,1102.4,0
1,1,0,0,52,1,2,1,0,2,2,2,2,2,0,1,2,110.75,5832.0,0
0,0,0,0,50,1,0,1,0,0,2,2,0,2,2,1,0,89.7,4304.5,0
1,0,0,0,14,1,2,1,0,0,0,2,2,0,0,1,2,89.95,1178.4,1
1,0,1,0,27,1,0,0,2,0,0,0,0,0,1,0,1,48.7,1421.75,0
0,1,1,0,72,1,2,1,2,2,2,2,0,0,2,1,0,96.6,6827.5,0
1,0,0,0,62,1,0,0,2,2,0,0,2,2,1,1,1,74.3,4698.05,0
0,0,0,0,12,1,0,0,0,2,0,2,0,0,0,1,2,54.3,654.5,0
0,1,0,0,44,1,0,0,0,0,2,2,2,2,1,0,0,74.85,3268.05,0
1,0,1,1,54,1,0,1,0,2,0,2,0,0,2,1,0,79.95,4362.05,0
0,0,0,0,68,1,0,2,1,1,1,1,1,1,2,0,0,20.05,1386.9,0
1,0,0,0,20,1,0,2,1,1,1,1,1,1,0,0,3,19.4,415.4,0
1,0,1,1,50,1,2,0,0,0,2,0,0,0,1,0,0,54.9,2614.1,0
1,0,0,0,58,1,2,2,1,1,1,1,1,1,2,1,1,24.45,1513.6,0
1,0,1,1,35,1,2,1,0,2,0,0,2,0,0,1,0,89.65,3161.6,0
0,0,0,0,2,1,0,0,0,0,0,0,0,0,0,1,2,45.4,80.95,0
1,0,1,1,63,1,2,0,2,0,2,2,0,2,2,0,3,75.7,4676.7,0
0,0,1,0,58,1,2,1,2,2,2,0,2,2,1,1,1,110.65,6526.65,0
0,0,1,1,27,1,0,2,1,1,1,1,1,1,1,1,3,20.55,583.3,0
0,0,1,0,71,1,2,1,2,2,2,2,2,2,2,1,1,115.15,8078.1,0
0,0,0,0,63,1,0,0,0,0,2,0,0,2,1,0,1,58.55,3503.5,0
1,0,1,0,71,1,2,1,0,2,2,0,0,2,0,1,0,93.25,6669.45,0
0,1,0,0,41,1,2,1,2,2,2,0,2,2,0,1,2,113.2,4689.5,1
1,1,0,0,13,1,0,1,0,0,0,0,2,2,0,1,2,90.5,1201.15,1
1,0,0,0,2,1,0,1,0,0,0,0,2,0,0,0,2,79.0,143.65,1
0,0,1,1,68,1,0,2,1,1,1,1,1,1,2,1,0,19.35,1292.65,0
1,0,1,1,1,1,0,0,2,0,0,0,0,0,0,1,3,48.75,48.75,0
1,1,0,0,65,1,2,1,2,0,2,2,2,2,2,1,2,109.05,7108.2,0
1,1,1,0,72,1,2,2,1,1,1,1,1,1,2,1,0,25.0,1802.55,0
0,0,0,0,28,1,2,0,0,0,0,2,0,0,0,1,1,54.9,1505.15,0
1,0,1,1,72,1,2,2,1,1,1,1,1,1,2,0,1,24.75,1859.1,0
0,0,0,0,2,1,0,1,2,2,0,0,2,0,0,1,2,91.15,168.5,0
0,0,0,1,18,1,0,2,1,1,1,1,1,1,1,0,0,20.15,390.85,1
1,1,1,0,60,1,2,1,0,2,2,0,2,2,1,1,2,104.35,6339.45,0
0,1,0,0,26,1,2,0,0,0,0,2,0,2,0,1,2,66.05,1652.4,0
1,0,0,1,1,1,0,1,0,0,0,0,0,0,0,1,2,71.65,71.65,1
0,0,0,0,4,1,0,2,1,1,1,1,1,1,0,0,3,20.35,77.5,1
1,0,1,1,68,1,2,0,2,2,2,2,2,2,2,1,1,92.2,6392.85,0
0,0,0,0,38,1,0,1,0,2,2,2,0,0,0,1,1,84.25,3264.5,1
0,1,1,0,42,1,2,1,2,0,2,0,2,2,1,1,0,105.2,4599.15,0
0,0,1,0,57,1,0,2,1,1,1,1,1,1,2,1,0,19.6,1134.25,0
1,0,1,0,54,0,1,0,0,2,0,0,0,0,0,0,2,30.4,1621.35,0
0,0,0,0,12,1,0,1,0,0,0,0,0,2,0,0,0,78.1,947.3,1
0,0,1,0,44,1,0,0,2,2,2,0,0,0,1,1,3,61.5,2722.2,0
1,0,1,1,42,1,2,0,2,2,0,0,2,0,0,1,0,69.4,3058.3,0
1,0,1,1,72,1,2,2,1,1,1,1,1,1,2,0,0,24.75,1769.6,0
0,0,1,1,71,1,2,0,2,2,2,2,2,2,2,0,3,91.05,6293.75,0
0,0,1,0,19,1,2,1,0,0,2,0,0,2,0,0,3,89.65,1761.05,1
0,0,1,0,23,1,2,0,0,0,0,2,2,2,0,1,1,73.65,1642.75,0
0,0,0,0,30,1,0,2,1,1,1,1,1,1,2,0,1,19.4,578.5,0
1,0,0,0,35,1,2,2,1,1,1,1,1,1,1,0,0,26.2,954.9,0
0,0,0,0,10,1,2,1,2,0,0,0,2,2,0,1,2,98.7,973.25,1
1,0,0,0,1,1,0,0,0,0,0,0,0,0,0,1,0,43.85,43.85,0
1,0,0,0,22,1,0,1,0,0,0,0,0,0,0,1,3,69.7,1490.4,0
1,0,1,1,7,0,1,0,2,2,2,0,0,0,2,0,3,38.55,280.0,0
0,0,0,0,36,0,1,0,2,2,2,2,0,2,2,1,3,53.1,1901.25,0
0,0,1,1,34,1,0,2,1,1,1,1,1,1,0,0,3,20.65,716.4,0
1,0,1,1,72,1,2,0,2,2,2,0,0,0,2,0,1,64.45,4720.0,0
1,0,1,1,36,1,2,2,1,1,1,1,1,1,2,0,1,25.1,930.95,0
0,0,0,0,1,1,0,1,0,0,2,0,0,0,0,0,2,76.35,76.35,1
0,0,0,0,23,1,2,1,0,2,0,0,0,0,0,1,2,79.15,1676.95,1
1,1,1,0,32,1,2,1,0,0,0,0,0,2,0,1,2,85.0,2642.05,1
0,0,1,1,71,1,2,1,2,2,2,2,0,0,1,1,1,95.15,6770.85,0
0,1,0,0,23,1,2,1,0,0,2,0,0,0,0,1,3,79.35,1835.3,0
1,0,1,0,17,1,0,1,0,0,2,0,2,2,1,1,0,96.65,1588.25,0
1,0,0,0,1,1,0,0,0,0,2,2,2,2,0,1,2,75.5,75.5,0
1,0,1,1,12,1,0,2,1,1,1,1,1,1,2,0,3,19.7,258.35,0
0,0,1,0,72,1,0,2,1,1,1,1,1,1,2,0,1,20.5,1502.25,0
1,0,0,0,1,1,0,2,1,1,1,1,1,1,0,0,3,19.2,19.2,0
1,1,1,0,72,1,2,1,0,2,0,0,2,2,2,0,0,98.35,6929.4,0
1,0,1,1,60,1,2,1,0,0,0,0,0,0,0,0,0,74.35,4453.3,0
0,0,1,1,61,0,1,0,0,2,2,2,2,0,2,0,1,51.35,3244.4,0
0,0,1,0,6,1,0,0,0,0,0,0,0,0,0,0,3,45.65,323.45,0
1,1,1,0,32,1,2,1,0,0,0,0,0,2,0,0,2,85.3,2661.1,1
0,0,0,1,31,1,2,1,0,0,0,0,2,0,0,1,1,86.55,2697.4,1
1,0,0,0,19,1,0,1,0,2,0,0,0,0,0,1,1,73.85,1424.5,1
1,0,1,1,72,1,0,2,1,1,1,1,1,1,2,0,0,20.3,1401.15,0
0,0,0,0,32,1,2,0,0,2,0,0,0,0,0,1,2,54.2,1739.6,0
1,0,1,0,65,1,2,1,0,2,0,0,0,2,0,1,2,90.65,5931.0,0
0,0,1,1,45,0,1,0,2,0,0,0,2,2,0,1,0,50.9,2333.85,0
1,0,0,0,42,1,2,2,1,1,1,1,1,1,1,0,2,25.05,949.85,0
1,0,0,0,8,1,2,1,0,0,0,0,0,0,0,1,2,74.85,572.45,0
1,0,0,1,32,1,0,2,1,1,1,1,1,1,2,0,3,20.5,696.8,0
0,1,1,0,22,1,2,0,2,2,0,2,0,0,0,1,3,63.55,1381.8,0
1,1,1,0,57,0,1,0,0,0,0,0,2,2,0,1,2,44.85,2572.95,1
1,0,0,0,1,1,0,0,2,0,0,0,0,0,0,0,2,47.95,47.95,0
1,1,0,0,1,1,0,0,0,0,0,0,0,0,0,0,2,45.1,45.1,1
0,0,1,0,1,1,0,0,0,0,0,0,0,0,0,1,2,45.0,45.0,0
1,0,0,0,24,1,0,1,0,0,0,2,2,2,0,1,2,96.0,2122.45,1
1,0,0,0,1,1,0,2,1,1,1,1,1,1,0,0,0,20.05,20.05,1
1,1,0,0,54,1,2,1,0,2,0,0,0,2,0,1,2,90.05,4931.8,0
0,0,0,0,4,1,2,2,1,1,1,1,1,1,2,1,1,25.3,116.95,0
1,0,1,1,65,1,2,1,2,0,2,2,2,2,2,0,0,108.65,6937.95,1
0,0,1,0,56,1,2,2,1,1,1,1,1,1,1,0,2,24.3,1261.7,0
1,0,0,0,45,1,0,0,2,0,2,0,2,2,0,1,2,75.95,3273.8,0
0,0,1,1,71,1,0,2,1,1,1,1,1,1,2,0,1,19.7,1415.85,0
1,0,1,0,59,1,0,0,2,2,2,0,2,0,1,0,1,66.4,3958.2,0
1,0,0,0,69,0,1,0,0,2,2,0,0,0,1,1,0,35.75,2492.25,0
1,0,0,0,19,1,0,2,1,1,1,1,1,1,1,0,3,18.8,279.2,0
0,0,1,1,55,1,0,2,1,1,1,1,1,1,2,0,1,19.4,1083.0,0
0,0,0,0,38,1,0,2,1,1,1,1,1,1,1,0,3,19.3,755.5,0
1,0,0,0,10,1,0,0,0,0,0,0,0,0,0,1,2,45.55,402.6,1
0,1,1,0,47,1,2,0,2,2,2,0,0,0,0,1,1,67.45,3252.0,0
0,0,1,0,2,0,1,0,0,0,0,0,0,2,0,1,2,35.1,68.75,1
1,0,0,0,1,1,0,0,0,0,0,0,0,0,0,0,1,46.2,46.2,1
0,0,0,0,1,1,0,0,0,0,0,0,0,0,0,0,2,45.15,45.15,1
1,1,0,0,1,0,1,0,0,2,2,0,0,2,0,1,2,43.3,43.3,1
1,0,1,1,46,1,0,2,1,1,1,1,1,1,2,1,3,20.1,936.85,0
0,1,0,0,38,1,0,0,2,2,0,0,0,0,0,1,1,57.15,2250.65,1
0,0,1,0,65,1,0,0,2,0,2,2,0,0,2,0,1,58.9,3857.1,0
0,0,1,0,19,1,0,1,2,0,0,0,0,0,0,1,2,73.2,1441.1,1
1,0,0,0,52,1,0,1,0,2,0,0,0,2,0,1,2,85.35,4338.6,1
1,0,1,1,71,1,0,2,1,1,1,1,1,1,2,0,3,19.45,1378.45,0
0,0,0,0,1,1,0,0,0,0,0,0,0,0,0,0,3,45.95,45.95,1
0,1,0,0,52,0,1,0,0,2,2,2,2,0,0,1,2,50.5,2566.3,0
1,0,1,0,6,1,2,2,1,1,1,1,1,1,1,0,3,25.1,171.0,0
0,1,1,0,26,1,0,0,0,0,2,0,0,2,1,0,3,60.7,1597.4,0
1,1,0,0,48,1,2,1,0,2,0,0,2,2,1,1,2,99.0,4744.35,0
0,0,1,1,64,1,2,1,2,0,0,2,2,2,1,1,0,104.4,6721.6,0
0,0,0,0,3,1,0,1,0,2,0,0,2,0,0,0,2,83.75,247.25,1
1,0,0,0,1,1,0,0,0,0,0,0,0,0,0,1,0,44.05,44.05,0
1,0,1,1,72,1,2,2,1,1,1,1,1,1,2,0,1,24.1,1734.65,0
1,0,0,0,1,1,0,0,0,0,0,0,0,0,0,1,3,45.55,45.55,0
0,0,1,1,51,1,2,1,2,2,0,0,0,2,0,1,2,93.8,4539.35,0
0,0,1,1,41,1,0,2,1,1,1,1,1,1,2,0,0,19.7,804.25,0
0,0,1,1,72,1,0,0,2,2,2,0,2,0,2,1,1,70.65,5011.15,0
0,0,1,0,43,1,2,0,2,2,0,2,2,2,2,0,1,86.45,3574.5,0
1,0,1,0,72,1,2,1,2,2,2,2,2,2,2,1,1,114.1,8086.4,0
1,0,1,0,47,1,2,1,0,0,0,0,2,2,1,1,1,95.2,4563.0,0
1,0,0,0,72,1,2,0,2,2,2,2,2,2,2,0,1,88.55,6362.35,0
1,0,0,0,3,1,0,2,1,1,1,1,1,1,0,1,1,20.75,67.1,0
1,0,0,0,1,1,0,1,0,0,0,0,0,0,0,1,2,70.05,70.05,1
1,0,0,0,2,1,2,1,0,0,0,0,0,2,0,1,2,86.0,165.45,1
1,0,0,0,26,0,1,0,2,2,0,0,0,2,0,1,0,44.65,1156.55,0
1,0,1,1,29,1,0,0,2,0,0,0,0,2,0,1,3,60.2,1834.15,0
0,1,1,0,35,1,2,1,2,2,0,2,2,0,0,1,0,100.5,3653.35,1
1,0,0,0,27,1,0,0,2,2,0,0,0,0,1,0,0,55.45,1477.65,0
1,0,1,1,24,1,0,0,2,2,0,2,0,2,0,1,1,70.3,1706.45,0
1,0,1,1,67,1,0,0,2,0,2,2,0,0,2,1,0,60.4,3953.7,0
0,0,0,0,16,1,2,1,0,0,0,0,0,0,0,0,2,72.65,1194.3,1
0,0,0,0,23,1,0,0,0,2,2,0,0,0,1,0,0,55.8,1327.85,0
1,0,0,0,14,0,1,0,0,2,0,0,0,0,0,1,3,31.1,419.7,0
0,0,1,1,1,1,0,2,1,1,1,1,1,1,0,1,2,21.0,21.0,1
0,1,0,0,1,1,0,0,0,0,0,0,0,0,0,0,3,45.1,45.1,1
1,1,0,0,4,0,1,0,0,2,0,0,2,2,0,1,1,50.95,207.35,0
1,0,0,1,16,1,2,0,2,2,0,0,0,2,0,1,2,69.1,1083.7,0
0,0,1,0,46,0,1,0,0,0,0,0,2,2,0,1,2,43.95,2007.85,0
1,0,0,1,68,1,2,0,2,2,0,2,2,2,2,1,0,86.5,5882.75,0
1,0,0,0,38,1,2,0,2,2,2,2,0,0,0,0,2,69.95,2657.55,0
1,1,1,0,30,1,0,0,0,2,0,0,0,0,0,1,0,50.4,1527.5,1
0,1,0,0,5,1,0,1,0,0,0,0,0,2,0,0,2,78.95,378.4,1
1,0,0,0,17,1,0,1,0,2,2,0,0,2,0,1,1,90.95,1612.2,0
1,0,1,1,4,1,0,2,1,1,1,1,1,1,2,0,3,19.9,76.65,0
0,0,0,0,12,1,0,2,1,1,1,1,1,1,1,0,2,20.15,260.7,0
1,0,1,1,72,1,2,0,2,2,2,2,2,2,2,1,1,90.6,6441.85,0
1,0,0,0,3,1,0,1,0,0,0,0,2,2,0,1,2,92.0,266.8,0
1,0,0,0,56,1,2,1,0,2,0,2,0,2,0,1,2,94.45,5124.6,1
0,0,0,0,41,1,2,2,1,1,1,1,1,1,1,1,3,24.85,962.25,0
1,0,0,0,40,0,1,0,0,2,0,2,0,0,1,0,1,36.0,1382.9,0
0,0,0,0,7,1,0,0,2,2,0,2,2,2,0,1,2,78.5,571.05,0
1,0,0,0,69,1,0,2,1,1,1,1,1,1,2,0,1,19.95,1399.35,0
1,0,1,1,7,1,0,2,1,1,1,1,1,1,1,0,3,20.65,150.0,0
0,0,1,1,5,0,1,0,0,2,0,0,0,0,0,1,2,30.5,167.2,0
0,0,1,1,72,1,2,1,2,2,2,2,2,0,2,0,1,106.1,7657.4,0
1,0,1,1,44,1,0,2,1,1,1,1,1,1,1,1,0,20.5,865.05,0
0,0,0,0,65,1,2,1,0,2,2,0,2,0,1,1,2,95.5,6153.85,0
0,0,0,0,3,1,2,0,0,0,0,2,2,0,0,0,2,64.6,174.2,0
1,0,0,0,24,1,0,0,0,0,0,2,0,0,0,1,1,51.1,1269.6,0
0,0,0,0,44,1,2,1,0,2,2,0,0,0,0,1,0,84.8,3862.55,1
0,1,1,0,72,1,2,0,2,2,2,2,2,2,2,0,1,89.1,6352.4,0
1,0,0,0,24,1,0,0,2,0,0,2,0,0,0,0,2,54.95,1348.5,0
1,0,0,0,1,1,0,0,0,0,2,0,0,0,0,0,3,50.9,50.9,1
1,0,1,0,22,1,0,2,1,1,1,1,1,1,0,1,0,20.45,471.55,0
1,0,1,1,70,1,2,0,0,2,2,2,2,2,2,1,1,85.95,5931.75,0
1,0,1,1,25,1,2,0,0,0,0,0,2,0,0,0,2,60.35,1404.65,0
1,0,1,1,37,1,0,2,1,1,1,1,1,1,2,0,0,19.8,726.1,0
0,1,1,1,22,1,2,1,0,0,0,0,2,0,0,0,0,85.35,1961.6,0
0,0,1,1,59,1,2,0,0,0,2,2,2,0,2,1,0,72.1,4194.85,0
1,0,1,1,49,1,2,1,0,0,2,0,2,2,0,1,2,99.8,4872.45,1
1,0,1,1,47,1,2,1,0,0,2,2,2,2,0,1,0,107.35,5118.95,1
0,0,1,1,31,1,0,2,1,1,1,1,1,1,0,1,3,19.55,658.95,1
1,0,1,1,1,1,0,1,0,0,0,0,0,2,0,1,2,81.05,81.05,0
1,0,0,0,3,1,0,2,1,1,1,1,1,1,0,1,2,20.5,76.95,0
0,0,1,0,53,1,2,1,0,2,2,2,2,2,1,1,0,111.8,5809.75,0
1,0,0,0,1,1,0,2,1,1,1,1,1,1,0,0,3,20.2,20.2,0
1,0,0,0,20,1,0,2,1,1,1,1,1,1,1,1,3,19.7,415.9,0
0,0,0,0,3,1,0,1,2,2,0,0,0,0,0,1,2,79.1,246.5,1
0,0,0,0,51,1,0,2,1,1,1,1,1,1,1,1,0,19.85,996.95,0
0,0,1,0,51,1,0,0,2,2,0,2,0,0,1,1,0,60.5,3145.15,0
0,0,1,1,13,1,0,2,1,1,1,1,1,1,2,0,3,19.55,265.3,0
0,0,0,0,1,1,0,2,1,1,1,1,1,1,0,0,3,20.9,20.9,0
1,0,0,1,1,1,0,2,1,1,1,1,1,1,0,1,3,21.05,21.05,0
1,0,0,0,63,1,2,0,2,2,2,2,0,0,1,0,2,71.5,4576.3,0
1,0,0,0,3,1,0,0,0,0,0,0,0,2,0,0,3,54.65,189.1,0
1,0,0,0,46,1,0,2,1,1,1,1,1,1,2,0,1,19.2,908.15,0
1,0,0,0,1,1,2,0,0,0,0,0,0,0,0,1,1,49.8,49.8,0
1,0,0,1,8,0,1,0,0,0,0,0,0,0,0,0,3,25.5,215.2,1
0,0,1,1,71,1,0,2,1,1,1,1,1,1,2,0,0,20.5,1500.95,0
1,0,1,1,55,1,2,1,0,0,2,0,2,0,0,1,1,90.4,5099.15,0
0,0,0,0,70,1,2,1,0,2,2,2,0,0,1,1,0,90.25,6385.95,0
0,0,0,0,2,1,0,1,0,0,0,0,0,2,0,0,2,80.75,159.45,1
1,0,1,1,67,1,2,1,2,0,0,2,2,2,2,0,0,104.6,6885.75,0
1,0,1,0,65,1,2,1,0,2,0,0,2,0,0,1,0,91.85,5940.85,1
1,0,1,0,14,1,0,0,0,0,2,0,0,0,0,0,1,50.2,668.85,0
0,0,1,1,20,1,2,1,0,0,2,2,0,2,0,1,0,95.5,1916.2,0
1,0,0,1,1,1,0,1,0,2,0,0,0,0,0,1,2,75.35,75.35,1
1,0,0,0,1,1,2,1,0,0,0,0,0,0,0,1,2,75.45,75.45,1
0,0,1,1,49,1,2,1,0,0,0,0,2,2,0,1,0,95.4,4613.95,0
0,0,0,0,72,1,2,1,2,2,2,0,2,0,2,1,0,101.3,7261.25,0
0,0,1,0,46,1,2,0,2,0,0,0,0,0,0,0,2,53.1,2459.8,0
1,0,0,0,24,1,2,1,0,2,2,0,0,0,0,1,0,84.85,2048.8,0
0,0,1,1,5,0,1,0,0,2,0,2,0,0,0,0,2,34.25,163.55,0
0,0,1,1,33,1,2,1,0,2,2,2,0,0,0,0,1,88.6,2888.7,0
0,0,0,0,42,1,2,0,2,2,0,0,0,0,1,1,0,60.15,2421.6,0
1,0,0,0,23,1,0,1,2,0,2,0,2,2,1,1,1,99.95,2292.75,0
1,0,0,0,8,1,0,1,0,0,0,0,0,0,0,0,0,70.7,553.4,0
1,0,0,0,66,1,0,0,2,2,0,0,0,0,1,1,3,54.8,3465.7,0
1,0,0,0,24,1,0,0,2,0,0,0,0,0,0,1,0,49.55,1210.4,1
1,1,0,0,24,1,2,0,0,2,0,0,0,0,0,0,1,54.8,1291.3,0
1,0,0,0,69,1,2,0,2,2,2,2,0,2,1,1,1,78.6,5356.45,1
0,0,0,0,53,1,0,1,0,2,2,0,2,2,1,1,3,100.3,5200.8,0
0,0,0,0,60,0,1,0,2,0,2,0,2,2,2,0,2,53.6,3237.05,0
0,0,1,0,7,1,0,1,0,0,0,0,2,0,0,1,2,81.1,576.65,1
0,0,0,0,20,1,0,2,1,1,1,1,1,1,1,1,1,19.35,433.75,0
0,0,1,1,23,1,2,1,0,0,0,0,0,2,0,0,2,85.6,1868.4,0
1,0,1,1,72,1,0,0,2,0,2,2,2,2,2,1,2,80.8,5728.55,0
1,0,1,0,11,1,2,1,0,0,0,0,0,0,0,1,2,74.95,825.7,1
1,0,0,0,21,1,0,2,1,1,1,1,1,1,2,0,3,19.6,390.4,0
1,1,0,0,1,1,2,1,0,0,0,0,2,2,0,1,2,93.55,93.55,1
1,1,0,0,31,1,2,1,0,2,0,0,2,0,0,1,2,90.7,2845.15,0
0,0,0,0,57,1,0,0,0,2,2,2,2,0,2,0,3,69.75,3894.4,0
0,0,1,1,45,1,0,2,1,1,1,1,1,1,2,1,0,20.0,886.4,0
1,0,0,0,10,1,2,1,0,2,2,0,0,2,0,1,2,95.25,1021.55,0
0,0,1,0,58,1,2,1,0,0,2,2,2,2,0,1,1,102.1,5885.4,1
1,0,0,1,14,1,0,2,1,1,1,1,1,1,0,0,3,19.95,268.4,0
1,0,1,0,27,1,2,0,2,0,0,2,2,2,1,0,3,80.85,2204.35,0
0,0,1,1,14,1,2,1,0,2,0,0,0,2,0,1,0,90.9,1259.0,1
0,0,1,1,12,0,1,0,0,2,0,0,0,0,0,0,3,29.2,309.1,1
0,0,1,1,69,1,2,1,0,2,0,2,0,2,2,1,0,93.3,6398.05,0
0,0,1,1,25,1,0,1,0,2,2,0,2,0,0,1,0,89.15,2257.75,1
1,1,1,0,58,1,2,1,2,2,2,0,2,2,1,1,2,108.85,6287.25,1
0,0,1,1,35,0,1,0,2,0,0,2,2,0,2,1,1,46.35,1662.05,0
0,1,0,0,16,1,2,1,0,0,0,0,2,0,0,1,2,84.75,1350.15,1
1,0,1,1,45,1,2,0,0,2,2,0,2,2,1,0,1,78.75,3600.65,0
0,0,0,0,17,1,0,1,0,2,0,0,2,0,0,1,2,83.55,1329.15,0
0,0,1,1,1,1,0,0,0,0,0,0,0,0,0,1,2,45.7,45.7,1
1,0,0,0,22,1,0,2,1,1,1,1,1,1,1,0,3,19.6,422.5,0
0,1,0,0,1,1,0,1,0,0,0,0,0,0,0,1,2,69.95,69.95,1
1,0,1,1,67,1,0,0,2,0,2,2,0,2,2,0,3,67.85,4627.65,0
0,0,1,1,67,1,2,1,0,0,2,2,2,2,2,1,0,105.65,6717.9,0
0,0,1,0,2,0,1,0,0,0,0,0,2,2,0,0,2,44.6,97.1,1
1,0,0,0,23,1,2,1,0,0,0,0,0,0,0,1,2,74.95,1710.45,1
0,1,0,0,9,1,0,1,0,0,2,0,0,0,0,0,1,75.5,637.4,0
0,0,0,0,5,1,0,2,1,1,1,1,1,1,0,0,3,20.15,117.95,0
1,0,0,0,54,0,1,0,2,0,0,2,2,0,2,0,1,45.2,2460.55,0
0,0,0,0,57,1,0,1,0,0,2,0,2,2,2,1,2,95.25,5464.65,1
1,0,0,0,24,1,2,1,0,0,2,0,2,0,0,1,3,89.85,2165.05,1
0,0,1,1,49,1,2,1,0,2,0,0,2,2,1,0,3,100.45,4941.8,1
1,0,0,0,5,1,2,0,0,0,0,0,0,0,0,0,2,47.15,223.15,1
1,0,0,0,2,1,0,1,0,0,0,0,0,2,0,1,2,80.2,181.1,1
0,0,0,1,4,1,2,1,0,0,2,2,0,0,0,1,3,87.1,341.45,1
1,0,1,1,70,1,2,0,2,2,2,2,2,0,2,1,0,79.25,5731.85,0
1,0,0,0,5,1,2,1,0,0,0,0,0,0,0,1,0,75.9,357.75,1
1,0,1,1,53,1,2,0,2,0,2,2,2,2,0,0,2,85.7,4616.1,0
0,0,1,0,47,1,2,1,2,2,2,0,2,0,0,1,2,98.75,4533.7,1
0,0,0,1,31,1,0,2,1,1,1,1,1,1,1,0,1,20.1,589.25,0
1,0,1,1,13,1,0,0,0,2,2,2,0,0,0,0,0,61.8,750.1,0
0,0,1,1,28,1,2,0,0,0,0,0,0,0,0,0,3,49.9,1410.25,0
0,0,0,0,10,1,2,1,0,0,0,0,0,2,0,0,2,86.45,830.85,1
1,0,1,0,38,1,0,2,1,1,1,1,1,1,2,0,0,20.4,743.5,0
0,0,0,0,1,1,0,0,0,0,0,0,0,0,0,1,3,45.3,45.3,1
1,0,1,0,67,1,2,1,0,2,2,0,2,2,1,0,2,104.1,7040.85,1
1,0,1,0,52,1,0,0,2,2,0,0,2,2,1,1,3,75.4,3865.45,0
1,0,1,1,62,1,0,1,2,2,2,2,2,2,2,0,3,108.15,6825.65,0
0,0,0,0,16,1,0,1,0,2,0,0,0,2,0,1,2,86.25,1340.1,0
0,1,1,0,5,1,2,1,0,2,0,0,0,0,0,1,2,81.0,371.65,1
1,0,0,0,12,1,0,1,0,0,2,0,2,2,1,0,2,95.7,1184.0,0
0,0,1,1,72,1,2,1,2,2,2,2,2,2,2,1,0,116.85,8477.7,0
1,1,0,0,71,1,2,1,0,2,0,2,2,2,1,0,0,105.75,7382.85,0
0,0,1,0,24,1,0,2,1,1,1,1,1,1,1,0,3,20.15,456.85,0
0,0,0,0,15,1,0,2,1,1,1,1,1,1,2,0,3,19.6,331.6,0
1,0,1,0,67,1,0,1,2,2,0,0,0,2,1,1,1,90.6,6056.15,1
1,0,0,1,2,1,2,0,2,2,0,0,0,0,0,0,0,60.95,134.6,0
0,0,1,1,5,0,1,0,0,0,0,0,0,0,0,0,3,25.05,125.5,0
0,0,1,0,15,1,0,1,0,0,0,0,2,2,0,0,2,88.15,1390.6,1
1,0,0,0,1,1,0,2,1,1,1,1,1,1,0,1,3,20.2,20.2,1
1,0,1,1,41,1,0,0,2,2,2,0,0,0,1,1,0,60.3,2511.3,0
0,0,0,1,43,1,0,0,2,2,0,0,0,2,0,1,2,63.95,2737.05,0
1,1,1,0,1,1,2,1,0,0,0,0,0,0,0,0,2,74.3,74.3,0
0,1,0,0,1,1,0,1,0,0,0,0,0,0,0,1,3,70.6,70.6,0
0,0,1,1,26,1,0,1,0,0,0,0,2,2,0,1,2,90.8,2361.8,1
1,0,0,0,22,1,2,1,0,2,0,0,0,0,0,1,2,79.35,1730.35,1
1,0,1,0,71,1,2,0,2,2,2,2,2,2,2,0,0,90.55,6404.0,0
1,0,0,0,7,1,0,2,1,1,1,1,1,1,2,0,3,19.45,165.35,0
0,1,0,0,28,1,2,0,0,2,2,2,0,0,0,0,0,64.45,1867.6,0
1,1,0,0,16,1,0,1,0,0,0,0,0,0,0,0,2,69.65,1043.3,0
1,0,0,0,7,1,0,2,1,1,1,1,1,1,1,0,3,19.5,128.6,0
0,0,0,0,69,1,2,1,0,2,2,2,2,2,2,1,0,110.5,7455.45,0
0,0,0,1,1,0,1,0,0,0,0,0,0,0,0,0,3,24.7,24.7,0
1,0,0,0,3,1,0,0,2,0,2,0,2,2,0,1,2,77.4,206.15,0
1,1,0,0,21,1,0,1,0,0,2,0,2,2,0,1,0,96.8,2030.3,1
0,0,1,0,69,1,2,1,0,2,2,0,0,0,0,1,0,85.4,5869.4,0
0,0,1,0,71,0,1,0,2,2,2,2,0,0,2,1,0,47.6,3377.8,0
0,0,1,1,69,1,0,2,1,1,1,1,1,1,2,0,3,19.4,1346.2,0
0,0,0,0,48,1,2,1,0,0,2,2,2,2,0,1,2,103.85,4946.05,0
1,0,1,0,47,1,2,1,0,2,2,0,0,0,0,1,0,83.35,4065.0,1
0,0,0,0,2,1,2,0,0,0,0,0,0,0,0,1,2,49.4,106.55,1
1,0,0,0,45,1,2,1,2,0,2,2,2,2,0,1,1,108.45,4964.7,0
1,0,0,0,51,1,2,1,0,2,0,0,0,0,0,0,0,81.0,4085.75,0
0,0,1,0,22,1,2,0,2,0,0,2,2,2,0,1,2,79.2,1742.75,1
1,0,0,0,72,1,2,0,2,2,2,2,2,2,2,0,0,86.65,6224.8,0
1,0,1,1,37,1,2,1,0,2,2,0,2,0,0,1,2,92.95,3415.25,0
1,0,1,1,71,1,2,0,2,2,2,2,2,2,2,0,2,90.35,6325.25,0
1,0,1,1,7,1,0,0,0,0,2,0,0,0,0,0,2,48.7,340.25,1
0,0,0,0,66,1,2,2,1,1,1,1,1,1,2,1,1,25.15,1683.6,0
1,0,1,1,51,1,0,0,2,0,0,2,2,2,1,1,0,76.4,3966.3,0
0,0,1,1,30,1,0,2,1,1,1,1,1,1,1,0,0,19.55,608.5,0
0,0,0,0,34,1,2,1,0,0,0,0,2,0,0,0,2,85.35,2896.6,0
1,0,1,1,64,1,2,2,1,1,1,1,1,1,2,1,3,24.8,1514.85,0
1,1,1,0,65,1,2,1,0,2,2,0,2,2,1,1,0,103.15,6792.45,0
1,0,0,0,47,1,2,1,2,2,0,2,2,0,0,0,3,100.75,4669.2,0
0,0,0,0,1,1,0,1,2,0,0,0,2,2,0,1,2,95.6,95.6,1
0,0,0,0,49,1,2,0,2,2,0,0,0,0,0,1,1,59.75,2934.3,1
0,0,1,1,67,1,2,1,0,2,0,2,2,0,2,0,1,94.1,6302.8,0
1,0,0,1,39,1,0,2,1,1,1,1,1,1,1,0,0,19.35,779.2,0
1,0,0,0,14,1,0,2,1,1,1,1,1,1,0,0,3,19.9,283.75,0
0,1,0,0,43,1,0,1,2,2,0,2,2,2,0,1,1,108.15,4600.7,1
1,1,0,0,56,1,2,1,0,0,2,0,2,2,0,1,2,101.05,5594.0,0
0,0,0,0,14,1,0,0,0,0,0,2,0,2,1,0,1,59.1,772.85,0
0,0,0,0,1,1,0,1,0,0,0,0,0,0,0,0,2,71.35,71.35,1
1,0,1,1,16,1,0,0,2,2,0,0,0,0,1,1,3,55.85,857.8,0
1,0,1,1,70,1,2,1,2,2,0,0,2,2,0,1,2,106.05,7554.05,0
1,1,1,0,72,1,2,0,2,2,2,0,2,2,2,1,1,84.1,5981.65,0
0,0,1,1,23,1,0,1,0,0,2,0,0,0,0,1,1,75.3,1702.9,0
1,0,0,1,21,1,2,2,1,1,1,1,1,1,0,0,3,24.7,467.15,0
0,0,0,0,1,1,0,2,1,1,1,1,1,1,0,1,3,20.15,20.15,1
1,0,0,1,1,1,0,1,0,0,0,0,0,0,0,0,0,69.75,69.75,1
0,1,1,0,32,1,2,1,0,0,0,0,2,2,0,1,2,93.2,2931.0,1
1,0,1,1,17,1,0,1,0,0,0,0,2,0,0,0,2,80.85,1400.85,1
0,0,0,0,4,0,1,0,2,2,0,0,0,0,0,1,2,33.65,137.85,1
0,0,0,0,36,1,2,0,0,0,2,0,0,0,1,0,2,55.8,1941.5,0
0,0,0,0,50,0,1,0,0,2,2,2,0,0,2,0,1,39.7,1932.75,0
0,0,1,1,48,0,1,0,0,0,0,2,0,0,0,1,1,29.5,1423.05,0
0,0,0,1,50,1,0,2,1,1,1,1,1,1,2,0,1,20.15,970.85,0
1,0,1,0,72,1,2,0,2,2,2,2,0,2,2,0,1,79.55,5810.9,0
1,0,0,1,10,1,2,2,1,1,1,1,1,1,0,0,1,24.8,223.9,0
0,0,0,0,18,1,0,2,1,1,1,1,1,1,0,0,3,19.65,391.7,0
1,0,0,0,1,1,0,1,0,0,0,0,2,0,0,1,2,79.95,79.95,1
0,0,0,0,1,1,0,2,1,1,1,1,1,1,0,0,2,19.3,19.3,1
1,0,0,0,9,1,0,1,0,0,2,0,2,2,0,1,2,94.05,811.65,0
1,0,0,0,2,1,2,1,2,0,0,0,0,2,0,0,3,90.75,174.75,0
0,0,1,0,40,1,2,1,0,0,0,2,0,0,0,1,1,78.85,3126.85,0
1,0,1,0,69,1,2,1,0,0,2,0,2,2,1,0,0,99.5,6841.45,0
0,0,1,0,37,1,2,1,2,0,2,2,0,2,1,1,2,99.2,3754.6,1
1,0,0,1,18,1,2,1,0,0,2,0,0,0,0,1,1,80.55,1406.65,0
1,1,1,0,11,1,0,1,0,0,0,0,0,0,0,1,2,70.2,834.7,0
0,0,1,0,8,1,2,1,0,0,0,0,0,2,0,1,1,85.2,627.4,1
0,0,0,0,3,1,2,1,0,0,0,0,0,0,0,0,2,75.25,242.0,1
1,0,1,1,55,1,0,0,2,0,0,0,0,2,1,0,1,59.45,3157.0,0
1,0,1,0,33,1,2,1,0,2,2,0,0,2,0,1,2,93.35,3092.0,0
0,0,0,0,46,1,0,0,0,0,0,0,0,0,0,0,0,44.95,2168.9,0
1,0,0,0,34,1,2,2,1,1,1,1,1,1,2,0,0,26.1,980.35,0
0,0,0,0,3,1,0,2,1,1,1,1,1,1,0,0,2,20.2,65.95,0
1,0,1,1,30,1,0,2,1,1,1,1,1,1,2,0,3,21.25,711.9,0
0,0,0,0,33,1,2,0,2,0,0,2,0,0,1,0,2,59.4,1952.8,0
1,0,1,1,45,1,2,1,0,2,2,0,0,2,1,1,1,95.0,4368.85,0
1,0,0,0,40,1,0,0,2,2,0,2,0,0,0,1,3,61.9,2647.1,0
0,0,0,0,71,1,2,1,2,2,2,2,2,2,2,1,2,118.65,8477.6,0
1,0,0,0,1,1,2,0,0,0,2,0,0,0,0,0,2,54.35,54.35,1
0,0,1,1,72,0,1,0,2,2,2,2,2,2,2,0,0,64.45,4528.0,0
0,0,1,1,22,1,0,1,0,0,0,0,0,2,0,1,2,80.15,1790.65,0
1,0,1,1,46,1,0,2,1,1,1,1,1,1,1,1,0,20.2,845.6,0
0,0,1,1,55,1,0,2,1,1,1,1,1,1,2,0,3,21.0,1210.3,0
1,0,0,0,1,1,0,2,1,1,1,1,1,1,0,0,3,20.45,20.45,0
0,0,0,0,12,1,2,0,0,0,0,2,2,2,1,1,3,75.85,854.45,0
1,0,0,0,31,1,2,1,0,2,0,0,0,0,0,1,2,80.45,2429.1,0
1,0,1,0,5,0,1,0,0,0,0,0,0,0,0,1,2,24.95,100.4,1
0,0,1,1,67,1,2,0,2,0,0,0,2,2,2,1,2,75.5,5229.45,0
1,0,0,0,1,1,0,0,0,0,0,0,0,0,0,0,3,44.45,44.45,0
1,0,1,0,40,0,1,0,2,2,2,0,0,0,1,1,2,42.35,1716.45,1
1,0,1,1,41,1,2,0,2,2,2,0,2,0,0,1,1,74.55,3023.55,0
1,0,0,0,1,1,2,1,0,0,0,0,0,0,0,1,2,75.3,75.3,1
1,0,0,0,51,1,2,1,2,2,0,0,2,0,1,1,2,94.8,4837.6,1
1,0,1,1,42,0,1,0,2,0,2,2,2,0,2,0,1,48.15,2032.3,0
1,0,1,1,23,1,0,2,1,1,1,1,1,1,1,0,3,19.65,436.9,0
0,1,0,0,1,1,0,1,0,0,0,0,0,0,0,1,2,70.55,70.55,1
0,0,0,0,1,1,0,2,1,1,1,1,1,1,0,0,3,20.15,20.15,0
0,0,0,0,56,1,2,1,2,2,0,0,2,2,0,1,1,106.6,5893.95,0
1,0,0,1,15,1,2,1,0,2,0,0,2,0,0,1,2,91.0,1430.05,0
1,0,1,1,12,1,2,2,1,1,1,1,1,1,2,1,0,25.4,313.0,0
0,0,1,1,54,1,0,0,2,0,2,2,0,2,2,0,0,69.95,3871.85,0
0,0,0,0,7,1,0,0,0,0,0,0,2,2,0,1,2,66.85,458.1,0
0,0,1,1,33,1,2,1,0,0,0,0,0,2,0,0,1,86.15,2745.7,1
1,0,1,1,16,1,0,2,1,1,1,1,1,1,0,0,2,20.15,341.35,0
0,0,0,1,21,1,0,0,2,0,2,0,0,2,1,0,3,64.85,1336.8,0
1,1,1,0,30,1,2,0,0,0,2,0,2,2,2,0,2,74.85,2181.75,0
1,0,0,0,3,1,0,0,0,0,0,2,0,0,0,1,3,50.5,147.75,0
1,0,0,0,11,1,0,1,0,0,2,0,0,0,0,0,2,72.9,818.45,0
0,0,0,0,62,1,2,1,2,2,2,2,2,2,1,1,1,115.05,7133.45,0
1,0,0,0,18,1,0,2,1,1,1,1,1,1,0,0,2,19.0,348.8,0
1,0,0,1,6,1,0,2,1,1,1,1,1,1,0,0,3,19.55,128.6,0
0,0,0,0,46,1,2,1,0,0,2,0,2,2,1,1,2,101.1,4674.4,0
1,0,0,0,21,1,2,1,0,0,0,0,0,2,0,1,2,84.1,1737.45,0
1,0,0,0,68,1,2,2,1,1,1,1,1,1,2,1,0,24.15,1498.85,0
0,0,0,0,1,1,2,0,0,0,0,0,0,0,0,1,2,50.1,50.1,0
0,0,1,0,25,1,0,1,0,0,2,0,0,0,0,1,2,74.6,1797.75,0
0,0,0,1,24,1,0,2,1,1,1,1,1,1,2,0,3,19.75,498.1,0
0,0,1,0,30,1,2,1,0,0,0,0,0,2,0,1,2,85.0,2624.25,1
0,0,0,0,2,1,0,1,0,0,0,0,0,2,0,0,2,80.55,184.1,1
1,0,1,0,51,1,2,1,0,2,2,0,2,2,1,1,0,106.8,5498.8,0
0,0,1,1,57,1,2,0,2,0,2,2,2,2,2,1,2,84.5,4845.4,0
0,0,0,0,15,1,2,2,1,1,1,1,1,1,2,0,0,25.05,369.1,0
0,0,1,1,72,1,0,0,2,2,2,2,2,2,2,1,0,83.7,6096.9,0
0,0,0,0,2,1,0,1,0,0,2,0,0,0,0,1,2,75.8,160.75,1
1,0,1,0,28,1,2,1,0,2,2,0,2,0,0,0,1,96.6,2684.35,0
1,1,1,0,29,1,2,1,0,0,2,0,2,2,0,1,2,98.5,3004.15,1
1,0,1,1,70,1,0,1,2,2,2,2,2,0,2,1,1,101.1,6994.8,0
0,0,0,0,13,1,0,2,1,1,1,1,1,1,1,0,3,20.2,273.25,0
0,1,1,0,59,1,2,1,2,2,2,2,0,0,1,1,2,94.05,5483.9,0
1,1,1,0,13,1,2,1,0,0,0,0,2,2,0,1,2,95.25,1233.65,1
1,1,1,0,7,1,2,1,0,0,0,0,0,0,0,1,3,74.4,527.9,1
0,0,1,0,62,1,0,0,2,0,2,2,2,2,2,0,3,81.0,4985.9,0
0,0,0,0,21,1,0,0,2,0,2,2,0,0,1,1,2,60.25,1258.35,0
0,0,0,0,2,1,0,0,0,0,2,0,0,2,0,0,2,60.85,111.4,0
0,0,0,0,1,1,0,0,0,0,0,0,0,0,0,0,1,43.95,43.95,0
1,0,0,0,4,1,0,1,0,0,2,0,0,2,0,0,2,86.05,308.1,0
0,0,0,0,19,1,0,2,1,1,1,1,1,1,1,0,1,20.25,383.65,0
0,0,0,0,30,1,0,1,0,0,0,2,2,0,0,0,2,85.15,2555.9,1
1,0,1,1,67,1,0,2,1,1,1,1,1,1,2,1,1,19.4,1284.2,0
1,1,1,0,72,1,2,1,2,2,2,0,0,2,2,1,1,102.65,7550.3,0
1,0,1,0,53,1,0,2,1,1,1,1,1,1,2,0,1,19.9,1110.05,0
0,0,0,0,5,1,0,2,1,1,1,1,1,1,1,0,2,19.55,99.6,0
1,1,1,0,71,1,0,1,0,2,2,2,0,2,2,1,1,95.5,6707.15,0
0,0,1,1,50,1,2,0,0,2,2,2,2,2,1,1,1,84.15,4164.4,0
1,0,1,1,56,1,2,1,0,0,2,2,2,2,2,1,2,103.2,5873.75,0
1,0,0,0,2,1,0,0,0,0,0,2,0,0,0,1,1,50.2,109.25,0
0,1,0,0,2,1,2,1,0,0,2,0,0,2,0,1,2,88.55,179.25,1
1,0,1,1,24,1,2,0,2,0,0,0,0,0,0,0,2,54.75,1338.15,1
1,0,1,1,46,1,0,2,1,1,1,1,1,1,2,0,1,19.95,862.4,0
1,0,1,0,71,1,2,1,2,2,2,2,2,2,2,1,2,116.25,8564.75,0
0,0,0,0,29,0,1,0,0,0,0,2,0,0,0,1,2,31.2,926.2,0
1,0,1,1,69,1,2,2,1,1,1,1,1,1,2,0,0,24.45,1718.2,0
1,0,1,0,71,1,2,0,0,2,2,2,2,2,2,0,1,84.2,5956.85,0
0,1,0,0,1,1,0,1,0,0,0,0,2,2,0,1,2,91.3,91.3,1
1,1,1,0,56,1,0,0,2,2,2,2,2,2,2,1,0,85.65,4824.45,0
1,0,0,1,56,1,0,2,1,1,1,1,1,1,1,1,3,21.2,1238.65,0
1,0,0,0,1,1,0,1,0,0,0,0,2,0,0,1,2,79.5,79.5,1
0,0,1,0,28,1,2,2,1,1,1,1,1,1,1,0,3,25.55,672.2,0
0,0,1,1,19,1,0,2,1,1,1,1,1,1,0,0,3,20.2,382.2,0
1,0,1,0,66,1,2,0,0,0,0,2,0,2,0,0,2,63.85,4264.6,0
0,0,1,1,17,1,2,0,0,0,2,2,0,0,1,1,3,61.95,1070.7,0
1,0,1,1,52,1,2,2,1,1,1,1,1,1,2,0,3,25.75,1345.85,0
0,0,0,0,19,1,0,0,0,2,0,0,2,0,1,0,2,58.2,1045.25,0
0,0,0,0,36,1,0,0,2,2,2,2,2,2,1,0,0,85.85,3003.55,0
1,1,1,0,7,1,0,1,0,0,0,0,0,0,0,1,3,70.1,467.55,1
1,0,1,1,72,1,2,1,2,2,2,2,0,2,1,1,1,104.9,7537.5,0
1,0,1,1,67,1,2,1,2,2,2,0,2,2,1,1,2,111.3,7482.1,1
1,1,0,0,34,1,0,1,0,2,2,0,2,2,1,1,2,99.85,3343.15,0
1,1,1,0,57,1,2,1,0,2,2,0,0,2,0,1,0,95.25,5427.05,1
0,0,1,0,7,1,0,1,0,0,2,0,2,0,0,1,2,86.25,587.1,1
0,1,1,0,1,1,2,1,0,0,2,0,2,2,0,1,2,100.8,100.8,1
1,0,1,0,8,1,0,2,1,1,1,1,1,1,0,1,0,19.55,161.15,0
0,0,0,0,69,1,2,1,0,0,2,2,2,2,2,0,2,104.0,7028.5,0
0,0,1,0,50,1,2,1,2,0,2,0,2,2,1,1,3,104.4,5232.9,0
1,0,0,0,10,1,0,2,1,1,1,1,1,1,1,0,3,19.5,225.85,0
0,0,1,1,12,1,2,2,1,1,1,1,1,1,2,0,1,25.25,274.7,0
0,0,0,0,14,1,0,1,0,2,0,0,0,2,0,1,2,86.3,1180.95,1
0,0,1,0,70,0,1,0,2,0,2,2,0,2,2,1,0,49.85,3370.2,0
0,1,0,0,64,1,2,1,2,0,2,2,2,2,0,1,0,108.95,7111.3,0
0,0,1,1,66,1,2,0,2,2,2,2,2,2,2,0,1,89.9,5958.85,0
0,0,1,1,71,1,0,0,2,0,2,2,2,2,2,1,1,82.0,5999.85,0
1,1,0,0,20,1,0,1,0,0,0,0,2,2,0,0,2,89.95,1648.45,0
1,0,1,0,72,1,0,0,2,2,0,2,2,2,2,1,0,79.35,5753.25,0
0,0,1,1,71,1,0,0,2,2,2,2,0,0,2,0,1,64.05,4492.9,0
1,0,1,1,38,1,2,1,0,0,2,0,2,2,0,1,1,101.15,3956.7,0
0,0,0,0,28,1,2,1,0,2,0,0,0,2,0,1,2,89.95,2625.55,1
1,1,1,0,17,1,0,1,0,2,0,0,0,0,0,1,2,76.45,1233.4,1
1,0,0,0,33,0,1,0,0,2,0,0,2,0,1,1,2,39.1,1309.0,0
0,0,1,1,23,0,1,0,2,0,0,2,0,0,2,0,3,34.6,813.45,0
1,0,1,1,58,1,0,2,1,1,1,1,1,1,1,1,2,19.55,1108.8,0
0,1,1,0,70,1,2,1,0,2,0,2,2,2,2,1,0,104.45,7349.35,0
1,0,1,0,4,1,0,1,0,0,0,0,0,0,0,0,2,70.5,294.2,0
1,0,1,1,45,1,0,2,1,1,1,1,1,1,2,0,3,20.35,929.2,0
1,0,0,0,10,1,0,1,0,0,0,0,0,0,0,1,2,70.0,740.0,1
1,0,1,1,36,1,0,2,1,1,1,1,1,1,2,0,1,19.45,754.5,0
1,0,0,0,54,1,0,0,2,2,0,2,2,0,0,1,3,69.9,3883.3,0
1,0,1,1,23,1,2,0,0,2,0,2,0,0,2,0,3,59.7,1414.2,0
0,0,1,1,41,1,2,0,2,2,2,0,2,0,1,1,1,78.35,3211.2,0
1,1,0,0,5,1,0,1,0,0,0,0,0,0,0,1,3,71.45,371.6,0
1,0,1,1,27,0,1,0,0,2,2,0,0,2,1,1,1,45.85,1246.4,0
0,0,0,0,1,1,0,1,0,0,0,2,2,2,0,1,2,95.85,95.85,0
0,0,1,1,67,0,1,0,2,0,0,2,0,0,2,0,1,35.7,2545.7,0
0,1,1,1,72,1,2,0,2,2,2,2,2,2,2,1,1,89.55,6448.85,0
0,0,1,1,56,1,2,2,1,1,1,1,1,1,2,1,1,24.95,1468.9,0
1,0,1,1,44,1,2,2,1,1,1,1,1,1,1,0,2,24.85,1013.6,0
0,1,1,0,66,1,2,1,0,2,0,0,2,2,0,1,2,100.8,6690.75,0
0,0,0,0,34,1,2,0,2,2,0,2,0,0,1,1,3,64.4,2088.75,1
0,0,1,0,69,1,2,1,0,0,2,2,2,2,2,0,0,105.35,7240.65,0
0,0,1,1,1,1,2,1,2,0,2,0,2,2,0,1,2,102.45,102.45,1
0,0,0,0,40,1,0,2,1,1,1,1,1,1,2,0,1,19.65,830.25,0
1,0,1,1,30,1,2,0,2,0,0,0,0,0,0,1,0,54.45,1588.7,0
0,0,0,0,11,1,0,0,0,0,0,2,2,2,0,0,3,70.5,829.3,0
0,0,0,0,15,1,0,2,1,1,1,1,1,1,1,0,1,20.1,302.45,0
1,0,0,0,11,1,0,0,0,0,2,0,2,2,0,1,2,69.35,712.25,0
0,0,1,1,64,1,0,2,1,1,1,1,1,1,1,0,0,19.8,1336.65,0
1,1,1,0,72,1,0,0,2,2,2,2,2,0,2,0,0,74.4,5360.75,0
1,1,1,0,72,1,2,1,2,2,2,2,0,0,2,1,0,93.05,6735.05,0
0,0,0,1,1,1,0,0,2,0,0,0,0,0,0,0,3,51.2,51.2,0
0,0,0,1,15,1,0,0,2,2,2,2,0,0,1,0,1,65.6,1010.0,0
0,0,0,0,60,1,2,0,0,0,2,2,2,2,1,0,1,80.55,4847.05,0
1,0,0,0,56,1,0,0,2,0,2,0,0,0,1,0,3,52.7,3019.7,0
0,0,0,0,8,1,0,2,1,1,1,1,1,1,2,0,3,20.85,161.65,0
0,0,0,0,3,1,0,1,0,0,2,2,0,0,0,0,1,80.1,217.55,1
0,0,1,0,49,1,2,0,0,0,0,0,0,0,0,1,1,52.15,2583.75,0
0,0,0,0,2,1,0,1,0,0,0,0,2,0,0,1,2,80.2,146.05,1
0,0,0,0,6,1,0,1,2,2,2,2,0,2,0,1,0,98.15,567.45,1
1,0,0,0,70,1,2,1,2,2,2,2,2,2,2,1,0,114.95,7711.25,0
1,0,0,0,12,1,2,1,0,2,2,2,2,2,0,1,3,112.95,1384.75,1
1,1,1,0,52,1,0,1,2,0,2,2,2,2,1,1,0,104.45,5481.25,0
0,0,1,0,72,1,2,1,2,2,2,2,2,2,2,1,1,113.65,8124.2,0
0,0,0,0,40,1,0,2,1,1,1,1,1,1,2,1,0,20.6,827.3,0
0,0,0,0,1,1,0,1,0,0,0,0,0,0,0,0,3,70.9,70.9,1
0,1,0,0,3,1,0,1,0,0,2,0,2,0,0,1,2,86.85,220.95,1
0,1,0,0,40,1,0,1,0,0,0,0,2,2,0,1,2,91.55,3673.6,0
1,0,0,1,1,1,0,0,0,0,2,0,0,0,0,1,2,49.85,49.85,0
1,0,1,0,30,1,0,2,1,1,1,1,1,1,1,0,1,19.8,576.65,0
1,0,1,1,23,1,0,1,2,0,0,2,2,2,0,1,2,99.85,2331.3,1
1,0,1,1,1,1,2,1,0,0,0,0,0,0,0,1,2,74.5,74.5,1
0,1,1,0,44,1,2,1,0,0,2,2,2,2,0,0,2,104.15,4495.65,0
1,0,0,0,65,1,2,1,0,2,2,2,2,2,0,1,2,109.15,6941.2,1
0,1,0,0,7,1,0,0,2,0,0,0,0,0,0,1,2,48.2,340.35,0
1,1,0,0,72,1,2,2,1,1,1,1,1,1,2,1,1,25.1,1789.9,0
0,1,0,0,8,1,2,1,0,0,0,2,2,2,0,1,1,100.15,908.55,0
0,0,0,0,16,1,2,0,0,0,2,0,0,2,0,1,1,65.2,1043.35,1
1,1,1,1,66,1,2,1,0,0,2,0,2,2,0,1,1,99.5,6822.15,1
1,0,0,0,1,1,0,1,0,0,0,0,0,0,0,1,3,71.55,71.55,1
1,0,0,1,3,1,0,0,2,0,2,0,0,0,0,0,3,55.9,157.55,0
1,0,1,0,53,1,2,1,2,0,2,0,0,2,0,0,2,93.9,5029.2,1
1,1,1,0,8,1,0,0,0,0,2,2,0,2,0,1,1,64.4,581.7,0
1,1,1,0,69,1,2,1,0,2,2,2,2,2,2,1,0,108.4,7318.2,1
0,0,0,0,5,1,0,1,0,2,0,0,2,0,0,1,3,85.3,420.45,0
0,0,1,1,72,1,2,1,2,0,2,2,2,2,2,0,3,107.45,7576.7,0
0,0,1,0,13,0,1,0,0,0,2,0,2,2,0,1,0,48.75,633.4,1
0,0,0,0,4,1,2,1,0,0,0,0,2,0,0,1,2,85.65,321.65,1
0,0,1,1,54,1,2,0,2,2,2,2,2,2,2,0,1,91.3,4965.0,0
1,0,1,0,72,1,2,0,0,2,2,2,2,2,2,0,0,85.95,6151.9,0
1,0,0,0,12,1,2,1,0,2,2,0,2,2,0,1,2,106.7,1253.9,1
1,0,0,0,1,0,1,0,0,0,0,0,0,0,0,1,2,25.15,25.15,1
1,1,0,0,1,1,0,0,0,0,0,0,0,0,0,0,2,45.2,45.2,0
0,0,1,0,54,1,2,1,0,2,2,2,2,2,1,0,2,110.35,5893.15,1
1,0,1,1,69,1,2,1,0,0,2,0,0,0,2,1,1,79.2,5420.65,0
0,0,0,0,48,1,0,0,2,2,0,0,0,0,2,0,1,55.5,2627.35,0
0,0,1,1,48,1,2,1,2,2,0,0,2,2,1,1,1,103.25,5037.55,1
0,0,1,0,8,1,2,1,0,0,0,2,0,2,0,1,2,90.25,743.75,0
1,0,1,1,71,1,2,0,2,2,2,2,2,2,2,1,3,91.25,6589.6,0
1,0,0,0,2,1,0,0,2,0,0,0,0,0,0,1,2,47.8,92.45,1
1,0,1,0,67,1,0,1,2,2,0,0,2,2,1,1,1,100.9,6733.15,0
1,0,1,1,34,1,2,1,0,2,0,0,2,2,0,1,0,97.7,3410.0,0
0,0,0,0,3,1,0,1,0,0,0,0,0,0,0,1,2,69.85,199.85,0
0,0,1,1,9,1,0,0,0,2,0,2,2,0,1,1,3,65.6,593.3,0
1,0,1,1,71,1,0,1,2,2,2,0,2,2,1,1,0,104.65,7288.4,0
1,0,0,0,57,1,2,1,0,0,0,2,2,0,2,1,1,90.45,5229.8,0
1,0,0,0,72,0,1,0,2,2,2,2,2,2,2,1,0,63.7,4464.8,0
0,1,1,1,48,1,0,1,2,0,2,2,2,2,0,1,2,104.5,5068.05,0
1,0,0,0,18,1,0,2,1,1,1,1,1,1,1,0,3,20.1,401.85,0
1,0,1,1,43,1,2,1,0,0,2,2,2,2,1,1,1,104.3,4451.85,0
0,0,1,1,72,1,2,0,2,2,2,2,2,2,2,1,0,93.25,6688.95,0
1,0,1,1,35,1,2,0,0,0,0,2,2,2,1,1,0,73.45,2661.1,0
1,0,0,0,4,1,0,2,1,1,1,1,1,1,0,0,3,20.7,73.05,0
0,0,1,1,49,1,2,2,1,1,1,1,1,1,2,0,3,25.25,1211.65,0
0,0,1,1,71,1,2,1,2,2,2,0,2,0,2,0,0,100.5,7030.65,0
1,0,1,1,11,1,0,1,0,0,0,0,2,2,0,0,2,90.6,1020.2,0
1,0,1,1,63,1,2,0,2,2,2,2,2,2,2,1,1,89.4,5597.65,0
0,1,0,0,65,1,2,1,0,2,2,0,2,0,0,1,0,95.45,6223.3,0
0,0,0,1,49,1,0,2,1,1,1,1,1,1,2,0,1,20.45,1024.65,0
0,0,0,0,29,1,2,1,0,0,2,0,2,2,0,1,1,98.6,2933.2,1
0,1,1,0,15,1,2,1,0,0,2,2,0,0,0,1,2,83.05,1258.3,1
0,0,1,1,4,1,0,2,1,1,1,1,1,1,0,1,2,19.95,82.9,0
0,0,1,0,72,1,2,1,0,2,2,2,2,2,1,0,1,109.15,7789.6,0
0,1,1,0,26,1,0,1,0,0,2,0,2,0,0,1,1,85.7,2067.0,0
0,1,1,0,35,1,2,1,0,0,2,0,2,2,0,0,0,102.05,3452.55,0
0,0,0,0,57,1,2,1,0,2,0,2,0,2,1,0,2,94.7,5468.95,0
1,0,1,1,28,1,2,0,0,2,0,0,0,2,0,0,2,64.4,1802.15,0
0,0,1,0,25,1,2,2,1,1,1,1,1,1,1,1,3,26.8,733.55,0
0,0,1,0,47,1,0,0,2,0,2,0,2,0,1,1,1,66.05,3021.45,0
0,0,1,1,57,1,2,0,2,2,0,2,0,0,0,0,0,65.2,3687.85,0
1,1,1,0,16,1,2,1,0,0,0,0,2,0,0,1,1,85.05,1391.15,0
1,0,0,0,5,1,0,0,2,0,2,0,0,0,0,1,3,55.8,274.35,0
1,0,1,0,17,1,0,1,0,0,0,0,0,0,0,1,0,70.4,1214.05,1
0,1,0,0,56,1,2,1,0,2,2,0,2,2,1,1,0,104.75,5510.65,1
1,0,1,1,72,1,0,2,1,1,1,1,1,1,2,0,0,19.95,1322.85,0
0,1,0,0,21,1,2,1,0,0,0,0,2,2,0,1,2,94.25,1973.75,1
0,0,1,1,48,0,1,0,2,0,2,0,0,2,1,0,1,45.0,2196.3,0
0,0,1,0,68,1,2,1,2,2,2,2,2,2,2,0,0,114.9,7843.55,0
0,0,0,0,30,1,2,1,2,0,0,2,2,2,0,0,0,106.4,3211.9,0
0,0,1,0,3,1,0,0,0,0,0,0,0,0,0,1,3,46.1,130.15,0
0,1,0,0,14,0,1,0,2,0,2,2,0,0,2,0,3,39.7,692.35,0
0,0,0,1,4,1,0,2,1,1,1,1,1,1,0,1,0,20.05,85.5,0
0,0,1,1,71,1,2,1,0,2,2,0,0,2,2,1,1,95.75,6849.4,0
1,0,1,1,8,1,2,2,1,1,1,1,1,1,1,0,3,24.4,203.95,0
1,0,1,1,61,0,1,0,2,0,2,0,0,0,0,0,0,33.6,2117.2,0
1,0,1,1,72,1,2,1,0,2,2,2,0,0,2,0,0,90.45,6565.85,0
0,0,0,0,5,1,2,1,0,0,0,0,2,0,0,1,2,84.0,424.75,0
0,0,0,0,49,1,0,0,2,2,2,2,0,0,2,0,0,67.4,3306.85,0
1,0,0,0,8,1,0,2,1,1,1,1,1,1,0,1,0,19.7,168.9,0
1,0,0,0,3,1,0,1,0,0,0,0,0,2,0,1,2,80.35,253.8,0
1,0,1,1,9,1,0,2,1,1,1,1,1,1,2,0,3,19.6,197.4,0
1,0,1,1,67,1,0,0,2,2,0,0,0,0,2,1,0,54.2,3838.2,0
1,0,0,0,46,1,0,0,0,0,0,0,0,0,0,1,1,45.2,2065.15,0
0,0,1,0,67,1,2,0,2,2,2,0,0,2,1,0,3,75.1,5064.45,0
0,0,1,0,55,1,0,2,1,1,1,1,1,1,1,0,2,19.7,1140.05,0
1,0,1,0,33,1,2,0,2,2,2,0,2,0,0,1,0,72.75,2447.45,0
1,0,1,1,62,1,0,2,1,1,1,1,1,1,2,0,1,20.05,1263.9,0
0,0,0,1,1,1,0,0,0,0,0,0,0,0,0,0,3,45.95,45.95,1
1,0,1,1,49,0,1,0,2,0,0,0,0,2,0,1,2,39.2,1838.15,0
1,0,0,0,1,1,0,0,0,0,0,0,0,0,0,1,2,44.75,44.75,0
1,0,1,0,14,1,2,1,0,2,2,0,0,0,0,1,2,82.65,1185.0,0
1,1,0,0,18,1,2,1,0,0,2,2,2,0,0,0,0,93.9,1743.9,0
0,1,0,0,1,1,0,1,0,0,0,0,0,0,0,1,2,70.15,70.15,1
0,0,0,0,1,1,0,1,0,0,2,0,2,0,0,1,1,85.55,85.55,1
0,0,1,0,72,1,2,1,2,2,2,2,2,2,2,1,1,117.15,8529.5,0
1,0,0,0,64,1,2,1,2,0,2,2,0,2,2,0,1,99.25,6549.45,0
1,0,1,0,69,1,2,1,2,2,2,2,2,2,2,1,0,112.55,7806.5,0
0,0,0,0,1,1,2,2,1,1,1,1,1,1,0,1,2,25.7,25.7,0
1,0,1,1,71,1,2,0,2,2,2,2,2,2,2,0,1,90.3,6287.3,0
0,0,1,1,66,1,0,0,0,0,0,2,0,0,1,1,1,49.4,3251.85,0
1,0,0,0,2,1,0,2,1,1,1,1,1,1,0,0,3,19.4,50.6,0
0,1,1,0,71,1,0,1,2,2,2,2,2,2,2,1,0,109.7,7904.25,0
1,0,0,0,11,1,0,0,0,2,0,0,2,0,1,1,2,61.25,729.95,0
1,0,0,1,47,1,0,0,2,2,0,0,0,0,0,1,2,55.3,2654.05,0
0,0,1,0,35,1,0,1,0,0,0,0,0,0,0,1,2,70.3,2416.55,1
1,1,1,0,32,1,2,1,0,2,2,0,2,2,0,0,0,106.35,3520.75,1
1,0,1,1,60,1,2,1,0,2,0,2,2,2,0,1,0,103.75,5969.95,0
1,0,0,0,11,1,0,2,1,1,1,1,1,1,1,0,3,19.5,226.8,0
0,0,0,0,29,0,1,0,2,2,0,2,0,0,1,0,1,39.5,1082.75,0
1,0,1,1,21,0,1,0,0,0,0,0,0,0,0,1,2,26.05,565.75,0
1,1,1,0,48,1,2,1,0,0,2,0,0,2,0,1,1,91.05,4370.75,0
0,0,0,1,3,0,1,0,0,2,0,0,0,0,0,0,3,29.65,90.05,0
0,0,1,1,43,1,0,0,0,2,0,0,0,0,0,0,3,50.2,2169.4,0
1,0,0,0,5,1,2,1,0,2,2,0,2,2,0,0,2,105.3,550.6,0
0,0,0,0,1,1,0,0,0,0,0,0,0,2,0,1,2,55.45,55.45,0
1,0,1,1,71,1,2,0,2,0,2,2,2,2,1,0,2,85.45,6300.85,0
0,0,1,1,8,1,0,2,1,1,1,1,1,1,1,0,2,19.8,160.05,0
1,0,0,0,8,1,2,0,0,0,0,0,2,0,0,1,2,59.25,436.6,0
1,0,0,0,20,1,2,1,0,0,2,0,2,0,0,1,1,90.7,1781.35,0
0,0,1,1,33,1,2,1,2,0,2,0,2,2,1,1,3,103.7,3467.0,1
1,0,0,0,71,1,2,1,0,2,0,0,0,0,1,1,1,79.05,5552.5,0
0,1,1,0,31,1,2,1,0,0,2,0,2,0,1,1,2,90.7,2835.5,0
0,1,1,0,38,1,2,1,2,2,0,0,0,2,1,0,1,95.0,3591.25,0
1,0,0,0,1,1,0,1,0,0,0,0,2,2,0,1,2,88.35,88.35,1
0,0,1,1,2,0,1,0,0,2,0,0,0,0,0,1,3,30.25,63.75,0
0,0,1,0,12,0,1,0,0,0,2,0,2,2,0,1,0,49.85,617.15,0
0,0,0,1,9,1,0,1,2,0,2,2,0,2,0,0,0,93.0,870.25,0
1,1,0,1,11,1,0,0,0,2,0,2,0,0,0,1,2,54.55,601.25,0
1,0,0,1,6,1,0,2,1,1,1,1,1,1,0,0,3,19.7,111.65,0
0,0,1,0,71,1,0,0,2,2,2,2,2,2,1,1,0,84.8,6046.1,0
0,0,1,1,42,1,2,1,2,2,0,0,2,0,1,1,1,94.45,3923.8,0
0,0,1,1,8,1,0,1,0,0,2,0,2,2,0,1,2,94.2,777.3,1
0,0,0,0,5,1,0,1,0,2,0,0,2,2,0,1,2,96.25,512.45,1
0,0,1,0,2,1,0,1,0,0,0,0,0,0,0,1,2,70.7,141.45,1
0,0,1,1,45,1,0,2,1,1,1,1,1,1,2,0,3,20.85,892.15,0
1,0,1,1,28,0,1,0,0,2,2,2,2,2,1,1,1,60.0,1682.05,0
0,0,1,0,43,1,2,1,0,2,0,0,0,0,0,0,2,80.45,3398.9,0
1,0,0,1,60,1,2,0,2,0,2,2,2,2,2,1,2,84.95,4984.85,0
0,0,1,0,42,0,1,0,0,2,0,2,0,0,1,0,3,33.55,1445.3,1
1,0,1,1,7,0,1,0,2,0,2,2,0,2,2,0,1,49.65,305.55,0
0,0,1,0,25,1,0,2,1,1,1,1,1,1,1,1,0,20.2,507.9,0
0,1,1,1,40,1,2,1,0,0,0,0,2,2,0,1,1,94.55,3640.45,1
1,0,0,0,27,1,2,1,0,0,2,0,2,2,1,1,0,100.5,2673.45,0
1,0,0,0,10,0,1,0,0,2,0,2,0,0,0,0,2,35.75,389.8,0
0,1,0,0,27,1,2,1,0,2,2,0,0,0,0,1,0,86.45,2401.05,0
0,0,0,0,11,1,0,0,0,0,2,2,0,0,1,0,0,53.8,651.55,0
1,0,1,1,4,0,1,0,2,0,0,0,2,0,0,0,1,38.55,156.1,0
1,0,0,0,68,0,1,0,0,0,2,0,0,2,0,1,0,39.9,2796.35,0
1,1,0,0,1,1,0,1,0,0,0,0,0,0,0,1,2,70.05,70.05,0
0,0,0,0,18,1,0,2,1,1,1,1,1,1,1,0,3,20.1,407.05,0
0,0,0,0,57,1,2,1,2,2,2,0,2,2,2,1,0,112.95,6465.0,1
1,0,0,0,26,1,0,2,1,1,1,1,1,1,0,1,2,20.3,511.25,0
0,0,1,0,17,0,1,0,0,2,2,0,0,0,0,1,1,35.65,646.05,0
1,0,0,0,1,0,1,0,0,0,0,0,0,2,0,0,2,35.9,35.9,1
1,0,0,1,38,1,2,1,0,0,2,0,2,2,0,1,0,99.25,3777.15,1
1,1,1,0,59,1,0,1,2,2,2,0,0,0,1,1,1,82.95,4903.15,0
1,0,0,0,30,1,0,0,2,0,2,0,0,0,2,1,3,55.65,1653.85,0
1,1,0,0,2,0,1,0,0,0,0,0,0,0,0,1,3,24.45,47.5,1
0,1,1,0,50,1,2,2,1,1,1,1,1,1,1,0,2,25.2,1306.3,0
1,0,0,0,9,0,1,0,2,0,2,2,0,2,1,0,3,50.8,463.6,0
0,0,1,1,3,1,0,2,1,1,1,1,1,1,0,0,3,19.65,60.65,0
0,0,0,1,14,1,0,0,0,0,2,0,2,0,0,1,1,59.8,824.85,0
0,1,0,0,31,1,0,1,2,0,0,0,0,0,0,1,1,73.55,2094.65,0
0,0,0,0,7,1,0,0,2,2,2,0,0,0,0,0,2,61.4,438.9,0
0,0,0,0,8,1,2,1,2,0,0,2,2,2,0,1,0,103.35,847.3,1
1,0,1,1,17,1,0,2,1,1,1,1,1,1,1,0,0,19.9,329.75,0
1,0,1,1,32,1,0,2,1,1,1,1,1,1,0,1,1,19.45,674.55,0
0,1,0,0,2,1,0,1,0,0,0,0,2,0,0,0,3,81.5,162.55,0
1,1,0,0,7,1,2,1,0,0,0,0,2,0,0,1,2,84.8,546.95,1
0,0,1,1,72,1,2,1,2,2,2,0,2,2,2,0,1,109.55,7887.25,0
0,1,0,0,31,1,2,1,0,2,0,0,2,2,0,1,2,99.95,3186.65,1
0,0,1,1,27,1,0,1,2,0,0,0,0,0,0,0,3,74.4,1972.35,0
0,0,0,0,18,1,2,1,0,2,0,0,2,0,0,1,1,90.0,1527.35,1
1,0,0,0,7,1,0,1,0,0,2,0,0,0,0,1,2,74.9,490.55,0
0,1,0,0,14,1,2,1,0,2,2,0,2,2,0,1,2,104.85,1531.4,1
1,0,1,1,11,1,0,0,0,0,2,0,2,0,0,1,0,59.65,683.25,0
0,0,1,1,72,1,2,1,2,0,2,2,2,2,2,1,0,110.45,8058.85,0
1,0,1,1,28,1,2,1,2,2,0,0,2,2,1,0,2,106.1,2847.4,1
1,1,0,0,15,1,2,1,0,0,0,0,0,0,0,1,1,74.2,1133.9,1
0,1,0,0,4,1,2,1,0,0,0,0,0,0,0,1,2,74.45,294.45,0
0,0,0,0,71,1,2,2,1,1,1,1,1,1,2,0,2,24.55,1719.15,0
0,0,0,0,5,1,0,1,0,2,0,2,0,2,0,1,2,89.35,461.7,1
1,0,1,1,47,1,2,2,1,1,1,1,1,1,2,0,3,24.55,1160.45,0
1,1,1,0,57,1,0,1,0,2,2,0,2,0,1,1,2,90.65,5199.8,0
1,1,1,0,50,1,2,1,2,0,2,0,2,2,2,1,1,105.05,5163.3,0
1,0,0,0,8,1,0,2,1,1,1,1,1,1,0,1,1,20.45,162.3,0
0,0,1,1,48,1,0,2,1,1,1,1,1,1,2,0,3,19.55,883.35,0
0,0,0,0,70,1,0,2,1,1,1,1,1,1,1,0,0,19.7,1341.5,0
1,0,0,1,1,1,0,0,2,2,0,2,0,2,0,1,0,70.45,70.45,0
1,0,1,0,8,1,2,1,0,0,0,0,0,2,0,1,0,85.65,659.45,0
0,0,0,0,1,1,2,1,0,0,0,0,0,0,0,1,2,77.15,77.15,1
1,0,0,0,1,0,1,0,0,0,0,0,0,2,0,1,0,35.25,35.25,1
1,0,1,1,60,1,0,2,1,1,1,1,1,1,2,0,3,20.55,1205.05,0
1,0,1,1,49,1,2,1,0,0,0,2,2,2,1,1,2,97.95,4917.9,0
1,0,1,0,4,0,1,0,0,2,0,0,2,2,0,1,2,48.55,201.0,1
0,0,0,0,29,1,0,2,1,1,1,1,1,1,1,0,3,20.0,599.3,0
0,0,1,0,67,1,2,2,1,1,1,1,1,1,2,1,1,25.25,1733.15,0
0,0,1,0,53,1,2,1,0,2,0,0,2,2,0,1,1,98.4,5149.5,1
1,0,1,0,67,1,2,0,2,2,2,2,0,0,2,0,1,70.9,4677.1,0
0,0,1,1,6,1,0,2,1,1,1,1,1,1,0,0,3,19.85,119.3,0
0,0,0,0,47,1,2,1,0,2,2,0,2,2,0,1,2,106.35,4849.1,0
0,0,0,0,53,1,0,1,2,2,2,2,0,2,2,0,3,99.5,5424.25,0
1,0,1,0,69,1,0,0,2,2,2,2,2,2,2,1,3,84.7,5878.9,0
1,0,0,0,3,1,0,1,2,0,0,0,0,2,0,1,3,86.05,244.85,0
1,0,0,0,4,1,0,0,0,0,0,0,0,0,0,0,3,44.55,220.75,0
1,0,1,1,56,1,2,0,2,2,0,2,0,2,2,1,1,75.85,4261.2,0
1,1,1,0,59,1,2,1,0,0,0,0,2,2,0,1,0,93.85,5574.75,1
1,1,1,0,61,1,2,2,1,1,1,1,1,1,2,0,0,25.0,1501.75,0
0,0,1,0,2,1,0,0,0,0,0,0,0,0,0,1,2,45.0,89.75,0
1,1,1,1,46,1,2,1,2,2,2,0,2,0,0,1,2,100.7,4541.2,1
1,0,1,1,12,1,0,2,1,1,1,1,1,1,0,0,3,20.5,255.5,0
0,0,0,0,14,1,2,1,0,0,2,0,0,0,0,1,2,80.45,1072.0,1
0,0,1,1,28,1,2,1,0,0,0,2,0,2,1,1,2,90.45,2509.25,0
1,0,0,0,24,1,0,0,2,2,0,2,0,0,0,0,0,60.45,1440.75,0
1,0,0,0,31,1,0,0,0,0,2,2,0,0,0,1,2,55.25,1715.65,1
0,0,1,1,68,1,2,0,2,2,2,2,0,2,1,1,2,78.45,5333.35,0
1,0,0,1,39,1,2,1,0,0,0,2,2,2,2,0,3,100.55,3895.35,0
0,0,1,0,42,1,0,2,1,1,1,1,1,1,0,0,1,20.35,869.9,0
1,0,1,0,13,0,1,0,2,0,0,2,2,2,0,1,2,54.45,706.85,1
0,0,1,0,6,1,2,1,0,2,0,0,0,2,0,1,2,90.75,512.25,0
1,0,0,0,35,1,2,1,0,0,0,0,0,0,0,0,1,75.35,2636.05,1
0,0,1,0,38,1,0,2,1,1,1,1,1,1,1,1,1,20.25,814.75,0
1,0,0,0,18,1,0,2,1,1,1,1,1,1,2,0,1,20.05,388.6,0
0,0,1,0,4,1,0,2,1,1,1,1,1,1,0,0,3,19.6,93.45,0
1,0,1,0,27,1,0,0,0,2,0,2,0,0,0,1,2,53.8,1389.85,0
1,0,0,1,41,1,0,0,2,2,2,0,2,0,1,0,3,70.2,2894.55,0
1,0,1,1,50,1,0,0,2,0,0,2,2,2,1,0,2,75.5,4025.6,0
1,0,1,1,72,1,0,2,1,1,1,1,1,1,2,0,2,20.35,1354.4,0
0,0,0,0,70,1,2,2,1,1,1,1,1,1,1,0,1,26.05,1856.4,0
1,0,1,1,44,1,0,2,1,1,1,1,1,1,1,0,0,20.6,926.0,0
1,0,0,0,2,1,0,1,2,0,0,0,0,0,0,1,2,75.7,189.2,1
0,0,1,1,34,1,0,2,1,1,1,1,1,1,1,1,0,20.1,682.1,0
0,1,1,0,72,1,2,2,1,1,1,1,1,1,2,0,0,24.3,1778.7,0
1,0,1,0,71,1,2,2,1,1,1,1,1,1,2,1,2,24.5,1816.2,0
0,0,0,0,64,1,2,1,0,2,2,2,2,2,2,1,1,110.5,7069.25,0
0,0,1,0,72,1,2,2,1,1,1,1,1,1,2,1,0,25.25,1841.2,0
1,0,0,0,1,1,2,1,0,0,0,0,0,0,0,1,3,74.25,74.25,1
1,1,1,0,29,1,0,1,2,0,2,0,0,2,1,0,0,90.1,2656.7,0
0,0,1,0,23,1,0,0,2,0,2,2,0,2,1,1,0,68.75,1689.45,0
1,0,1,1,52,1,0,2,1,1,1,1,1,1,2,0,3,19.2,1054.75,0
0,1,0,0,25,1,2,1,0,2,0,0,0,2,0,1,2,89.7,2187.55,1
0,0,0,0,64,1,2,1,2,2,2,2,2,2,2,1,0,115.1,7334.05,0
0,1,0,0,16,1,2,1,0,0,0,0,2,2,0,1,2,96.4,1581.2,1
1,1,0,0,1,1,0,1,0,0,0,0,0,0,0,1,0,69.5,69.5,1
1,0,0,0,24,1,2,1,0,2,0,0,2,2,0,1,0,99.65,2404.85,0
1,0,1,0,2,1,2,1,0,0,2,0,2,0,0,1,2,91.45,171.45,0
0,0,1,1,34,1,0,0,2,2,2,2,2,2,2,0,3,84.75,2839.45,0
1,1,1,0,36,1,2,1,0,0,0,0,0,2,0,1,1,85.25,3132.75,1
1,0,1,1,53,1,2,0,0,0,2,2,2,2,1,1,3,78.75,3942.45,0
0,0,1,1,47,1,0,2,1,1,1,1,1,1,2,0,1,20.25,873.4,0
1,0,0,1,72,1,0,2,1,1,1,1,1,1,2,0,1,19.9,1529.65,0
1,0,1,1,72,1,2,1,2,2,0,2,0,2,2,1,1,97.75,6991.6,0
1,0,0,0,1,1,0,2,1,1,1,1,1,1,0,0,3,19.4,19.4,1
0,0,0,0,9,1,2,1,0,0,0,0,0,2,0,1,2,83.3,803.3,1
0,0,0,0,8,1,0,1,0,0,0,0,2,0,0,1,0,80.1,679.3,1
1,1,0,0,45,1,0,0,2,0,2,0,0,2,1,0,1,62.7,2791.5,1
0,0,0,0,7,1,0,1,0,0,2,2,2,2,0,1,2,100.4,715.0,0
0,0,1,0,71,1,2,2,1,1,1,1,1,1,2,1,1,24.45,1681.6,0
0,1,0,0,41,1,0,1,0,0,2,2,2,2,1,1,0,101.1,4016.2,0
1,0,1,1,67,0,1,0,2,0,0,0,2,2,2,0,1,50.9,3281.65,0
1,0,1,0,69,1,2,1,2,2,2,2,0,2,1,1,1,107.2,7317.1,0
0,1,1,0,70,1,2,0,2,2,2,2,2,2,2,1,0,92.2,6474.45,0
1,0,0,0,25,1,2,2,1,1,1,1,1,1,1,0,0,25.3,676.35,1
1,0,0,0,72,1,2,1,2,2,2,2,2,2,2,0,0,113.4,8164.1,0
1,0,1,1,34,0,1,0,0,0,0,2,2,0,2,1,2,40.55,1325.85,0
0,0,1,1,65,1,2,2,1,1,1,1,1,1,2,0,1,26.0,1654.85,0
0,0,0,0,70,1,2,1,2,2,2,2,2,2,2,1,1,111.95,7795.95,0
0,0,1,1,72,0,1,0,2,0,2,0,2,2,2,1,1,53.8,3952.45,0
1,0,0,1,35,1,0,0,0,0,0,2,2,2,1,1,3,72.1,2495.15,0
1,0,0,0,13,1,2,1,2,0,0,0,2,2,0,0,3,98.15,1230.25,1
0,0,1,0,12,1,2,0,2,0,2,0,2,2,1,0,2,78.85,876.75,0
0,0,1,1,62,1,0,0,2,0,2,2,2,0,1,1,0,70.75,4263.45,0
0,0,0,0,25,1,0,0,2,0,0,2,2,2,0,1,1,76.15,1992.95,0
0,0,0,0,52,0,1,0,2,2,0,2,0,0,2,0,3,39.1,1982.1,0
1,1,0,0,8,1,0,1,0,0,0,0,0,0,0,1,1,69.95,562.7,0
1,0,0,0,2,1,0,2,1,1,1,1,1,1,0,0,3,20.05,33.7,0
0,0,1,1,56,1,0,2,1,1,1,1,1,1,2,0,3,20.05,1090.1,0
0,0,0,0,12,1,0,2,1,1,1,1,1,1,0,0,0,19.45,227.45,0
0,0,1,0,47,1,2,2,1,1,1,1,1,1,1,0,2,26.9,1250.85,0
1,1,0,0,2,1,0,2,1,1,1,1,1,1,0,0,2,19.2,37.2,0
0,0,0,0,18,1,0,0,0,0,2,0,0,0,0,1,3,50.0,892.7,0
0,0,0,0,8,1,0,0,2,0,0,0,2,0,0,1,2,60.0,487.75,0
1,0,1,0,45,1,2,1,2,0,2,0,0,0,0,1,3,84.55,3713.95,0
1,0,0,0,3,1,0,0,0,0,0,0,0,0,0,0,3,45.45,141.7,0
0,0,0,0,38,1,0,2,1,1,1,1,1,1,1,0,3,20.05,678.2,0
1,0,1,0,72,1,2,1,2,2,2,2,2,2,2,1,2,115.55,8425.3,0
1,0,0,0,46,1,2,1,2,2,0,0,0,2,0,1,2,93.7,4154.8,1
0,0,1,1,71,1,2,1,2,2,2,0,2,0,2,1,1,99.0,7061.65,0
1,0,1,1,66,0,1,0,0,0,0,2,2,2,2,0,0,50.55,3364.55,0
1,1,0,0,25,1,2,1,0,2,2,0,2,2,0,0,3,105.95,2655.25,1
1,0,0,0,18,1,2,0,0,0,2,2,2,2,1,1,1,82.0,1425.45,1
0,0,1,1,13,1,2,2,1,1,1,1,1,1,2,1,0,25.0,332.5,0
0,0,1,1,65,1,2,0,2,2,2,2,2,2,2,0,0,91.55,5963.95,0
1,0,1,0,60,1,2,1,0,2,2,0,2,0,0,1,2,95.75,5742.9,1
1,0,1,1,15,1,0,2,1,1,1,1,1,1,2,0,3,19.35,278.85,0
0,0,1,0,72,1,2,2,1,1,1,1,1,1,2,0,1,24.85,1871.85,0
1,0,1,0,30,1,2,1,0,0,0,0,2,2,0,1,1,94.05,2866.45,1
0,0,1,1,42,1,0,1,0,0,2,2,2,2,2,1,2,100.4,4303.65,0
0,0,1,0,71,1,2,2,1,1,1,1,1,1,2,0,0,25.0,1753.0,0
0,0,0,0,1,1,0,0,0,0,0,0,0,2,0,1,3,54.75,54.75,1
1,1,0,0,39,1,2,1,0,0,0,0,2,2,0,1,0,95.65,3759.05,1
0,0,0,0,35,1,0,2,1,1,1,1,1,1,0,0,0,19.25,617.65,0
0,0,1,1,53,1,0,1,0,2,2,2,2,2,0,1,0,108.25,5935.1,0
0,0,0,0,1,1,2,1,0,0,0,0,2,2,0,1,2,94.6,94.6,1
0,1,1,1,31,1,0,1,0,0,2,2,2,2,0,1,2,98.9,2911.3,1
1,0,0,0,48,1,0,2,1,1,1,1,1,1,2,0,1,20.15,982.95,0
0,1,0,1,30,1,2,1,0,0,0,2,2,2,0,1,2,101.3,2974.5,0
1,0,0,0,10,1,0,2,1,1,1,1,1,1,0,0,1,20.0,198.7,0
0,0,0,1,12,1,2,1,0,2,2,0,2,2,0,1,2,105.3,1275.65,0
0,1,0,0,57,1,0,0,2,0,2,2,2,0,2,0,0,69.85,4003.0,0
0,0,1,0,58,1,0,0,2,2,0,0,2,0,0,1,1,65.25,3791.6,0
0,0,0,0,37,1,0,2,1,1,1,1,1,1,2,0,3,19.8,813.3,0
0,0,1,1,44,1,0,2,1,1,1,1,1,1,0,0,3,19.6,780.25,0
1,0,0,1,27,1,0,2,1,1,1,1,1,1,1,0,1,20.05,552.9,0
0,0,0,0,8,1,0,0,0,0,0,2,0,0,0,0,2,49.4,408.25,0
1,1,0,0,3,1,2,1,0,0,0,0,0,0,0,1,2,76.05,231.8,1
0,1,1,0,25,1,0,1,0,2,2,0,0,2,0,0,0,88.4,2191.15,0
0,0,1,1,57,1,2,1,0,2,0,0,2,2,0,1,2,100.6,5611.7,0
0,0,0,0,12,1,0,2,1,1,1,1,1,1,0,0,3,19.45,246.25,0
0,0,1,1,62,1,0,2,1,1,1,1,1,1,2,0,0,20.3,1296.15,0
0,0,1,0,65,1,2,1,0,2,2,2,2,2,2,1,0,107.65,7082.85,0
0,0,1,0,71,1,2,0,0,0,2,2,2,2,2,1,0,80.45,5662.25,0
0,0,1,1,21,1,0,0,0,2,0,0,2,0,1,1,1,58.85,1215.45,0
1,0,1,0,71,1,2,1,2,2,2,0,2,2,1,1,2,109.6,7854.15,0
0,0,0,0,7,1,0,1,0,0,2,0,0,0,0,1,2,75.15,525.0,0
0,0,0,0,72,1,0,0,2,2,2,2,0,2,2,1,1,73.0,5265.2,0
0,0,0,0,1,1,0,1,0,0,0,0,0,0,0,0,2,70.1,70.1,0
0,0,1,1,72,1,2,1,0,2,2,2,0,2,2,1,0,98.65,7129.45,0
0,0,1,1,64,1,2,1,0,2,2,2,2,2,1,1,2,111.45,7266.95,0
0,0,0,0,72,1,2,1,2,2,2,2,2,2,2,1,2,114.9,8496.7,0
0,0,0,0,29,1,2,1,0,0,2,0,2,2,0,0,0,100.55,2878.75,0
0,0,0,0,13,1,0,2,1,1,1,1,1,1,2,1,3,20.4,261.3,0
0,0,0,0,31,1,2,1,2,2,0,0,2,2,0,0,2,104.35,3205.6,0
1,1,0,0,1,1,0,1,0,0,0,0,0,0,0,1,2,69.75,69.75,1
1,0,1,1,7,0,1,0,2,0,0,2,0,0,0,1,2,34.5,279.25,1
1,0,1,0,61,1,2,1,0,2,2,0,2,2,0,1,2,105.55,6281.45,1
0,0,0,1,39,0,1,0,0,0,2,0,0,0,0,0,1,30.1,1131.3,1
1,0,1,0,10,1,0,1,0,0,0,0,0,0,0,1,2,70.3,738.2,1
0,0,1,1,14,1,2,0,0,2,0,2,2,2,0,0,1,80.45,1137.05,0
0,0,0,0,1,1,2,1,0,2,0,0,0,0,0,1,3,80.2,80.2,1
0,0,1,1,67,1,2,1,2,0,0,2,0,2,1,1,1,94.35,6341.45,1
0,0,0,0,72,1,2,0,2,2,2,2,2,2,2,1,0,91.35,6697.2,0
1,0,1,1,6,1,0,0,0,0,0,0,0,0,0,1,0,44.6,260.8,1
0,0,0,0,1,1,0,2,1,1,1,1,1,1,0,1,3,19.6,19.6,1
1,0,1,1,25,1,0,2,1,1,1,1,1,1,1,0,2,19.9,505.45,0
0,1,0,0,33,1,2,1,0,2,2,2,2,2,0,1,2,110.45,3655.45,1
1,0,0,0,18,1,0,0,2,0,2,2,2,0,0,1,2,68.35,1299.8,0
1,0,1,0,71,1,0,0,0,2,2,2,2,2,2,1,1,79.1,5564.85,0
1,1,1,1,28,1,2,0,0,0,0,0,0,0,1,1,2,51.0,1381.8,0
0,0,0,1,2,1,2,1,2,0,0,0,0,0,0,0,1,80.55,188.1,0
1,0,1,1,17,1,2,0,0,2,2,2,0,0,0,1,3,66.7,1077.05,0
1,0,0,0,56,1,2,1,2,2,0,0,0,0,0,1,2,86.4,4922.4,0
0,0,1,0,60,0,1,0,2,2,2,0,0,2,1,0,2,50.05,2911.5,0
0,0,0,0,33,1,2,2,1,1,1,1,1,1,2,0,1,25.7,826.1,0
0,0,0,0,1,1,0,1,2,2,0,2,0,0,0,1,3,83.4,83.4,0
1,0,0,0,2,1,0,1,0,0,0,0,0,0,0,0,1,70.7,140.7,1
1,0,1,0,63,1,2,1,2,0,0,2,0,0,2,1,1,84.65,5377.8,0
1,1,1,0,7,1,2,1,0,0,2,0,2,2,0,1,2,99.25,665.45,1
0,0,0,0,55,1,0,0,0,2,2,0,0,2,2,1,3,64.75,3617.1,0
0,0,1,0,65,1,2,1,2,2,0,2,2,0,1,1,0,100.15,6643.5,0
1,0,1,0,1,1,0,1,0,0,0,2,2,0,0,1,2,84.8,84.8,1
1,0,0,0,63,1,2,2,1,1,1,1,1,1,2,0,3,25.25,1559.3,0
0,1,1,0,70,1,2,1,2,2,2,2,2,2,2,1,1,113.0,7987.6,0
0,0,1,1,36,0,1,0,2,0,2,2,0,0,2,0,1,40.65,1547.35,0
1,0,0,0,52,1,0,1,0,2,2,2,2,2,1,1,0,105.0,5426.85,1
1,0,0,0,22,1,2,0,2,0,0,0,0,0,0,1,2,54.45,1127.35,1
1,0,0,0,22,1,0,1,0,2,2,2,0,2,0,1,0,94.95,2142.8,0
0,1,0,0,5,1,0,0,2,2,0,2,0,0,0,0,1,59.9,287.85,0
0,0,1,0,47,1,0,1,0,0,2,0,0,2,0,1,2,85.3,4045.65,1
0,0,0,0,33,1,2,1,0,0,0,0,0,2,0,1,2,83.35,2757.85,1
1,0,0,0,18,0,1,0,0,2,2,0,0,0,0,1,1,33.5,600.0,1
0,0,0,0,1,1,0,2,1,1,1,1,1,1,0,0,1,19.8,19.8,0
1,0,0,0,56,1,0,0,0,2,2,2,2,2,2,1,1,81.8,4534.45,0
0,0,0,0,2,1,0,2,1,1,1,1,1,1,0,1,3,20.0,40.9,0
1,0,0,0,35,1,2,0,2,0,2,0,0,0,0,1,2,59.6,2094.9,0
0,0,1,0,64,1,2,2,1,1,1,1,1,1,2,0,1,25.0,1584.8,0
0,0,0,0,15,1,2,1,2,0,2,0,0,0,0,1,1,84.35,1302.65,0
1,0,0,0,24,1,0,1,0,0,0,0,2,2,0,1,2,90.35,2238.5,1
1,0,0,0,1,1,0,0,0,0,0,0,0,2,0,0,3,55.55,55.55,0
0,0,1,1,70,1,0,0,2,0,0,2,2,2,2,0,1,75.35,5437.75,0
1,0,1,0,1,1,0,1,0,0,0,0,2,2,0,1,2,90.75,90.75,1
0,0,0,1,4,1,2,1,0,2,0,0,2,0,0,0,3,89.6,365.65,1
0,0,0,0,39,1,0,0,0,0,0,2,0,2,1,0,2,59.3,2209.15,0
0,0,0,0,29,1,2,0,2,0,0,0,0,2,0,1,2,66.1,1912.15,0
0,0,1,1,14,1,0,2,1,1,1,1,1,1,2,0,3,18.8,255.55,0
0,0,0,0,61,1,2,0,2,0,2,2,2,2,2,0,1,86.45,5175.3,0
1,0,0,1,13,1,0,0,2,0,0,0,0,0,0,1,1,52.1,670.65,0
0,0,0,0,66,0,1,0,2,2,2,2,0,0,2,1,3,47.4,3177.25,0
1,0,0,0,2,0,1,0,0,0,2,0,2,2,0,1,2,49.25,90.35,1
0,0,1,0,59,1,2,1,2,2,2,0,2,2,1,1,1,109.15,6557.75,0
1,0,1,1,62,1,2,1,2,2,0,0,2,0,1,1,1,94.95,5791.85,0
1,1,1,0,33,1,0,1,2,2,0,2,0,2,1,1,2,93.55,3055.5,0
1,0,0,1,66,1,0,0,0,2,2,2,2,2,2,1,1,79.5,5196.1,0
0,0,0,0,72,1,2,1,2,2,2,2,2,2,2,0,1,115.05,8405.0,0
1,0,0,1,1,1,0,2,1,1,1,1,1,1,0,0,3,19.75,19.75,1
0,0,0,0,19,1,2,1,2,2,0,0,0,2,0,1,2,95.15,1789.25,1
0,0,1,1,51,1,2,1,2,0,0,2,2,0,1,1,3,95.15,5000.05,0
1,0,0,0,63,1,2,1,0,2,0,2,2,2,0,0,2,105.4,6713.2,0
1,0,0,0,27,1,0,2,1,1,1,1,1,1,1,0,0,20.1,562.6,0
1,0,0,0,22,1,2,1,2,0,0,0,2,2,0,1,0,101.35,2317.1,1
0,1,0,0,4,1,0,2,1,1,1,1,1,1,0,0,3,20.05,91.45,0
1,0,1,1,42,1,0,2,1,1,1,1,1,1,2,0,3,20.7,828.85,0
0,0,0,0,29,1,0,2,1,1,1,1,1,1,1,0,3,20.35,617.35,0
0,0,0,0,4,1,0,1,0,0,0,0,0,0,0,1,1,70.05,266.9,1
1,0,0,0,30,1,0,2,1,1,1,1,1,1,1,0,3,19.7,625.05,0
1,0,1,0,4,1,2,1,0,0,0,0,0,0,0,1,2,74.65,301.4,1
1,0,1,1,71,1,0,0,2,2,2,2,2,2,2,0,0,85.45,6029.9,0
1,0,1,0,46,0,1,0,2,0,2,2,0,0,2,0,1,40.4,1842.7,0
1,0,0,0,4,1,2,0,0,0,0,0,0,0,0,0,3,50.4,206.6,1
0,0,0,0,7,1,2,1,2,0,0,0,0,0,0,1,3,79.65,604.7,1
1,0,0,0,69,1,2,1,0,2,0,2,2,2,1,1,0,105.2,7386.05,0
0,0,1,0,72,1,2,1,2,2,2,0,2,0,2,0,0,100.65,7334.05,0
1,1,0,0,19,1,2,1,0,0,2,0,0,0,0,1,2,79.85,1471.75,1
1,0,0,0,28,1,0,1,0,0,2,2,0,2,0,0,2,91.0,2626.15,0
1,0,1,0,5,1,2,1,0,2,0,0,0,0,0,1,2,78.75,412.1,1
0,1,1,0,72,1,2,1,2,2,2,2,2,2,2,1,1,116.75,8277.05,0
1,1,1,1,8,1,0,1,0,0,0,0,2,0,0,1,1,80.45,583.45,1
0,0,0,0,7,1,0,0,2,0,0,0,0,2,1,1,2,59.1,369.25,0
0,0,0,0,22,1,0,0,2,0,0,0,0,0,0,1,2,49.8,1049.05,0
1,0,0,0,72,1,0,2,1,1,1,1,1,1,2,0,0,19.3,1414.8,0
1,0,1,1,8,1,0,2,1,1,1,1,1,1,0,0,1,19.65,169.75,0
1,0,1,0,52,1,2,0,2,2,2,2,0,2,1,1,1,81.4,4354.45,0
0,0,0,0,68,0,1,0,2,0,2,2,0,0,2,0,3,38.9,2719.2,0
0,0,1,0,71,1,2,0,2,2,2,2,2,2,2,0,0,87.95,6365.35,0
1,0,0,0,2,1,0,2,1,1,1,1,1,1,0,0,3,19.85,51.6,0
0,1,0,0,34,1,2,1,0,2,0,2,2,0,0,1,2,96.35,3190.25,0
0,0,0,0,35,0,1,0,0,0,0,0,0,0,0,0,2,24.15,812.5,0
0,0,1,1,61,1,0,2,1,1,1,1,1,1,1,0,1,19.1,1143.8,0
1,0,0,0,1,1,0,0,0,0,0,0,0,0,0,0,2,44.0,44.0,0
0,0,0,0,1,1,2,0,0,0,0,0,0,0,0,1,3,50.1,50.1,1
0,0,1,1,53,1,0,0,0,0,2,0,0,2,1,0,1,60.6,3297.0,0
0,0,1,0,72,1,2,2,1,1,1,1,1,1,2,0,0,25.65,1887.0,0
1,0,1,0,2,1,0,1,0,0,2,0,0,0,0,0,2,76.4,151.8,1
1,0,0,0,3,1,0,1,0,0,2,2,2,2,0,1,2,98.7,293.65,1
0,1,0,0,13,1,2,1,2,0,0,0,2,2,0,1,2,100.8,1308.1,1
1,1,1,0,41,0,1,0,0,2,2,0,2,2,0,1,2,53.95,2215.4,0
0,0,1,0,24,1,0,2,1,1,1,1,1,1,1,0,1,20.4,482.8,0
0,0,1,1,28,1,0,1,0,0,0,0,2,2,1,1,0,90.1,2598.95,1
1,0,0,0,8,0,1,0,2,0,0,0,0,0,0,0,3,29.35,216.45,0
1,0,0,0,1,1,0,2,1,1,1,1,1,1,0,1,3,20.45,20.45,0
0,0,0,0,54,1,2,1,0,0,2,2,0,2,2,1,0,95.1,5064.85,0
1,0,0,0,41,1,2,2,1,1,1,1,1,1,0,1,0,25.25,996.45,0
0,0,1,0,19,1,0,0,0,0,0,0,0,0,0,0,3,44.9,839.65,0
0,0,1,1,72,1,2,0,2,2,2,2,2,2,2,0,0,92.65,6733.0,0
1,0,0,0,62,0,1,0,2,2,2,2,0,0,2,1,0,43.7,2618.3,0
0,1,1,1,56,1,0,0,2,0,0,2,2,2,2,1,1,72.6,4084.35,0
1,0,0,0,15,1,2,0,0,0,0,0,0,0,0,0,2,51.55,765.5,1
1,1,0,0,10,1,0,1,0,0,0,0,0,2,0,1,2,79.25,793.55,1
1,0,1,1,32,1,0,2,1,1,1,1,1,1,2,0,3,18.95,613.95,0
1,0,0,0,21,1,0,2,1,1,1,1,1,1,0,0,1,20.5,402.85,0
1,0,1,1,62,1,0,2,1,1,1,1,1,1,1,0,0,19.95,1244.8,0
0,0,0,0,2,0,1,0,0,0,0,0,0,0,0,0,2,24.5,46.4,0
1,0,0,1,27,1,0,2,1,1,1,1,1,1,2,0,3,20.6,581.85,0
1,0,0,0,5,1,2,1,0,0,0,0,2,2,0,1,0,94.85,462.8,1
0,0,0,0,25,0,1,0,2,2,2,0,2,2,1,0,2,61.05,1540.2,0
0,0,0,0,2,1,2,1,0,0,0,0,0,2,0,1,2,85.7,169.8,1
1,0,0,0,49,1,2,1,0,2,0,2,2,2,1,1,0,106.65,5168.1,0
0,0,0,0,63,1,2,1,2,2,2,0,2,2,0,0,1,108.25,6780.1,0
0,0,0,1,4,1,0,2,1,1,1,1,1,1,0,0,1,20.4,94.5,0
0,0,1,0,1,1,0,0,0,0,0,0,2,0,0,1,3,55.3,55.3,0
1,0,0,0,11,1,0,2,1,1,1,1,1,1,0,0,3,20.25,208.0,0
1,1,0,0,52,1,2,1,0,0,0,0,0,0,0,1,0,72.95,3829.75,0
0,1,1,0,60,1,2,1,0,2,0,0,0,2,0,0,2,89.45,5294.6,0
1,0,0,0,64,1,2,1,0,0,2,2,2,2,1,1,1,104.65,6889.8,0
0,0,1,1,43,1,0,0,2,0,2,0,2,2,2,0,0,75.2,3254.35,0
0,0,1,0,61,1,2,1,0,0,0,2,2,2,1,0,0,101.15,6383.9,0
0,0,0,0,1,1,0,0,0,0,0,0,0,0,0,0,3,44.4,44.4,1
1,1,0,0,5,1,0,1,0,0,0,0,2,2,0,1,2,89.5,477.7,1
1,0,0,0,66,1,2,0,2,2,2,2,0,0,2,0,0,68.75,4447.55,0
1,0,1,0,67,1,0,1,2,2,2,2,2,2,2,1,2,111.05,7321.05,0
0,0,1,0,42,1,0,1,0,0,2,2,2,2,2,1,1,99.0,4135.0,0
1,1,1,0,1,1,2,1,0,0,0,0,2,0,0,1,2,86.05,86.05,1
0,0,1,1,31,1,0,2,1,1,1,1,1,1,2,0,3,21.0,697.7,0
1,0,0,0,7,1,0,2,1,1,1,1,1,1,0,1,3,19.4,168.65,0
1,0,0,0,4,0,1,0,0,0,0,0,2,2,0,1,2,44.55,174.3,1
1,0,1,1,34,1,2,0,0,0,2,0,2,2,1,0,0,77.2,2753.8,0
1,0,0,0,3,1,0,2,1,1,1,1,1,1,1,1,3,19.45,69.25,0
0,0,1,1,19,0,1,0,0,0,0,0,0,0,0,1,3,24.85,434.8,0
1,0,1,1,31,0,1,0,2,0,0,2,0,0,0,0,0,35.4,1077.5,1
0,0,0,0,1,1,2,1,0,0,0,0,2,2,0,0,3,95.65,95.65,1
1,0,0,0,3,0,1,0,2,0,2,2,0,0,0,0,3,41.35,107.25,0
1,0,1,0,46,1,0,2,1,1,1,1,1,1,0,0,2,19.6,851.2,0
0,0,0,0,1,1,0,2,1,1,1,1,1,1,0,0,3,20.95,20.95,1
0,0,1,1,69,1,2,1,2,0,2,0,0,0,1,0,0,84.45,5848.6,0
1,0,0,0,5,1,0,2,1,1,1,1,1,1,0,0,3,20.25,109.8,0
1,0,0,0,1,1,0,2,1,1,1,1,1,1,0,0,0,19.65,19.65,0
1,0,0,0,26,1,0,2,1,1,1,1,1,1,1,1,1,20.65,595.5,0
0,1,0,0,10,0,1,0,0,0,0,0,0,2,0,1,2,34.7,329.8,1
1,0,0,0,25,1,0,1,0,0,2,2,2,2,2,0,0,99.3,2513.5,0
1,0,1,1,64,1,0,1,2,2,0,0,0,0,0,0,2,81.05,5135.35,0
1,0,1,1,30,1,2,0,2,2,2,2,0,0,0,0,2,67.6,2000.2,0
1,0,0,0,13,1,0,1,0,0,0,0,0,0,0,1,2,70.15,931.75,0
0,0,1,0,64,1,2,1,2,2,2,2,2,2,1,1,2,115.0,7396.15,0
0,0,0,1,46,1,2,1,0,0,2,2,0,0,0,1,0,84.8,3958.85,0
0,0,0,0,12,1,0,2,1,1,1,1,1,1,1,0,3,19.7,260.9,0
0,0,0,0,15,1,0,2,1,1,1,1,1,1,0,0,0,19.75,297.3,1
1,0,1,1,17,1,2,1,0,0,0,0,2,2,0,1,2,92.55,1515.1,1
0,0,1,1,13,1,0,0,2,0,2,0,0,2,0,1,3,63.15,816.8,0
0,0,1,1,67,1,2,0,2,2,0,2,2,0,2,0,1,74.0,4868.4,0
1,0,1,0,24,0,1,0,0,0,2,0,0,0,0,0,2,29.1,688.0,0
1,0,0,0,6,1,0,0,0,0,0,2,0,0,0,0,3,50.05,288.35,0
1,1,1,0,53,1,2,0,2,0,0,2,0,0,1,1,2,60.05,3229.65,1
1,1,1,0,16,1,0,1,0,2,0,0,0,0,0,1,1,74.3,1178.25,1
1,0,0,0,10,1,0,2,1,1,1,1,1,1,0,0,2,20.0,185.4,0
0,0,0,0,13,1,0,1,0,2,0,0,0,0,1,1,3,74.65,966.25,0
1,0,0,0,9,1,2,1,0,0,0,0,2,0,0,1,2,85.35,758.6,1
0,0,0,0,25,1,0,0,2,2,2,2,2,0,1,0,3,74.3,1863.8,1
1,1,0,0,7,0,1,0,0,2,0,2,0,2,0,1,2,44.4,265.8,0
1,0,1,1,38,1,2,0,2,0,2,2,2,2,2,1,0,85.4,3297.0,0
0,0,1,0,43,1,2,1,2,2,0,0,0,2,0,1,2,94.1,4107.3,0
0,0,0,1,4,1,0,1,0,0,2,2,2,2,0,1,0,98.1,396.3,1
0,0,0,0,25,1,2,1,0,2,2,2,2,2,2,0,2,108.9,2809.05,0
1,0,0,1,27,1,0,0,2,2,0,0,0,0,1,0,3,56.2,1567.55,0
1,0,1,1,72,1,2,2,1,1,1,1,1,1,2,0,3,26.1,1851.45,0
1,0,0,1,71,1,2,1,2,2,0,0,0,0,1,1,1,85.45,6028.95,0
0,0,0,0,24,1,2,1,0,0,2,0,2,0,0,1,1,88.95,2072.75,0
0,0,0,0,50,1,2,1,2,2,0,2,2,2,2,1,2,109.65,5551.15,1
1,0,0,0,57,1,0,0,2,0,2,0,2,2,2,1,0,74.35,4317.35,0
0,0,0,0,15,1,0,0,0,2,0,0,0,0,0,0,2,48.85,736.8,0
1,0,0,0,4,1,2,1,2,0,0,0,0,0,0,1,2,80.1,336.15,0
0,0,0,0,28,1,0,0,2,2,0,0,0,0,0,0,2,56.05,1522.65,0
0,1,0,0,9,1,2,1,0,0,0,0,0,0,0,1,2,74.55,622.9,1
0,0,1,0,55,1,2,1,2,0,0,0,2,0,0,1,0,89.8,4959.6,0
1,0,0,0,3,1,2,1,0,0,2,0,2,2,0,1,2,100.95,329.95,1
1,0,0,0,10,1,0,1,0,0,2,0,2,2,0,1,2,94.9,1048.85,1
1,0,0,1,55,1,0,2,1,1,1,1,1,1,1,0,0,19.1,1001.5,0
0,0,1,1,20,1,0,2,1,1,1,1,1,1,0,0,3,20.35,442.6,0
0,0,1,1,62,1,2,1,0,2,0,2,2,2,1,1,1,106.05,6703.5,0
1,1,1,0,32,1,2,1,0,0,2,2,2,2,0,1,2,104.9,3351.55,1
0,0,0,0,43,1,0,2,1,1,1,1,1,1,2,1,0,19.65,779.25,0
1,0,1,0,9,0,1,0,0,0,0,0,0,0,1,0,0,24.1,259.8,1
0,0,1,0,60,1,0,0,2,2,0,2,0,0,2,0,0,59.85,3483.45,0
1,0,1,0,58,1,2,0,2,2,2,0,2,2,2,1,2,86.1,4890.5,0
1,0,0,1,7,1,0,2,1,1,1,1,1,1,1,0,3,19.45,136.75,0
1,0,1,1,2,1,0,1,2,0,0,0,2,2,0,0,2,97.1,184.15,0
1,1,0,0,37,0,1,0,0,2,2,0,0,0,0,0,2,36.65,1315.0,0
0,1,1,1,65,1,2,1,0,0,2,2,2,2,1,1,0,103.9,6767.1,0
0,0,1,1,39,1,0,2,1,1,1,1,1,1,2,0,3,19.75,757.95,0
1,0,1,0,66,1,2,1,0,2,0,2,2,2,1,1,2,104.05,6890.0,1
1,0,0,0,68,1,2,2,1,1,1,1,1,1,2,0,3,24.55,1657.4,0
0,0,1,1,62,0,1,0,2,2,0,2,2,0,2,0,0,48.7,3008.55,0
1,0,0,0,3,1,0,1,0,0,2,2,2,0,0,1,3,88.35,262.05,1
0,0,1,0,72,1,2,1,2,2,2,0,2,2,2,1,2,109.55,8165.1,0
0,0,1,0,41,1,0,2,1,1,1,1,1,1,2,0,1,20.65,875.55,0
1,0,1,1,29,1,0,1,2,0,0,0,2,2,0,0,1,94.65,2649.15,1
0,0,0,0,4,1,0,0,2,2,0,0,0,0,0,0,2,55.2,220.65,0
1,0,0,0,53,1,2,2,1,1,1,1,1,1,1,0,0,24.05,1301.9,0
1,1,1,0,1,1,2,1,0,0,0,0,0,0,0,1,2,74.4,74.4,1
0,0,1,1,41,1,2,0,2,2,2,2,0,2,0,0,1,79.9,3326.2,1
1,0,1,0,39,1,0,2,1,1,1,1,1,1,2,1,0,20.45,790.0,0
1,0,1,0,63,1,0,2,1,1,1,1,1,1,2,0,3,19.25,1237.65,0
1,0,0,0,15,1,2,2,1,1,1,1,1,1,0,1,2,26.35,378.6,0
0,0,1,0,13,1,0,0,0,0,0,0,0,0,1,0,2,43.8,592.65,0
1,0,0,0,1,1,0,0,0,2,0,0,0,0,0,1,3,50.15,50.15,0
1,0,0,0,1,1,0,2,1,1,1,1,1,1,2,0,3,20.45,20.45,0
1,1,0,0,8,1,0,1,0,0,0,0,0,0,0,1,2,69.7,560.85,1
1,0,0,0,60,1,0,0,2,2,2,0,0,0,2,0,2,61.4,3638.25,0
0,1,1,0,12,1,2,1,0,2,2,0,2,0,0,1,2,98.1,1060.2,1
1,0,1,0,40,1,2,0,0,2,0,2,2,0,1,0,1,70.75,2921.75,0
0,0,0,0,66,1,0,0,2,2,2,0,0,0,2,1,0,61.15,4017.45,0
1,0,1,1,42,1,0,2,1,1,1,1,1,1,1,0,3,20.25,854.9,0
0,1,0,0,66,1,2,0,2,2,0,2,0,0,1,1,1,63.85,4174.35,0
1,0,0,0,49,1,2,1,0,2,0,0,2,2,0,0,2,98.7,4920.55,0
0,0,0,0,1,1,0,2,1,1,1,1,1,1,0,0,3,20.5,20.5,1
0,0,0,0,41,1,0,2,1,1,1,1,1,1,2,0,3,20.0,810.3,0
0,0,1,1,41,1,0,2,1,1,1,1,1,1,2,0,0,19.3,772.4,0
0,0,1,1,23,1,0,1,2,2,0,2,0,0,0,0,3,84.4,1936.85,0
1,0,0,0,3,0,1,0,0,0,0,0,0,0,0,0,2,25.1,79.8,0
0,0,0,0,4,0,1,0,2,0,2,2,0,2,0,0,3,48.25,202.25,0
0,0,1,1,52,1,0,2,1,1,1,1,1,1,2,0,3,19.85,1070.5,0
0,1,1,0,4,1,2,1,2,0,0,0,2,2,0,1,2,99.6,347.65,1
0,0,0,0,11,1,0,1,0,2,2,2,0,2,0,1,2,94.2,999.9,0
0,0,1,0,2,1,0,0,2,0,0,0,0,2,0,1,3,62.15,113.1,0
0,0,1,0,26,1,2,1,0,2,0,0,0,0,0,0,0,79.3,2015.8,0
1,0,1,1,24,1,0,0,2,0,2,0,0,0,1,1,1,56.25,1454.25,0
0,0,0,0,12,1,0,2,1,1,1,1,1,1,0,0,3,20.3,246.7,0
1,1,1,0,60,1,2,1,0,0,0,2,2,2,0,1,2,99.0,6017.9,0
0,0,1,1,64,1,2,0,2,2,2,2,2,2,2,1,3,90.6,5817.45,0
1,0,1,0,66,1,0,0,2,2,2,2,2,2,2,1,0,85.9,5595.3,0
0,0,0,0,60,1,2,1,0,0,2,0,0,0,1,1,0,79.2,4765.0,0
1,0,1,1,17,1,2,0,2,0,2,0,2,0,1,1,0,70.35,1201.65,0
1,0,1,1,42,1,0,2,1,1,1,1,1,1,2,0,3,19.35,867.3,0
1,0,0,0,1,1,2,0,0,0,0,0,0,0,0,1,2,50.15,50.15,0
0,0,1,1,47,1,0,0,0,2,0,2,0,2,2,0,0,63.8,3007.25,0
0,0,1,0,10,1,0,2,1,1,1,1,1,1,0,1,3,20.55,252.75,0
1,1,1,0,70,1,2,0,2,2,2,2,2,2,2,1,1,88.55,6306.5,0
1,1,0,0,67,1,2,1,0,0,2,0,2,2,0,1,1,101.4,6841.05,0
0,0,0,0,1,1,0,1,0,0,0,0,0,2,0,1,2,81.95,81.95,1
1,0,1,0,7,1,0,1,0,0,0,0,0,0,0,1,2,69.35,451.1,1
1,0,0,0,1,1,0,0,0,0,0,0,0,0,0,0,3,44.6,44.6,0
1,0,0,0,4,1,0,0,0,2,0,2,2,0,0,1,0,63.75,226.2,0
0,0,1,1,66,1,2,1,2,2,2,0,2,2,2,0,0,109.25,7082.5,0
0,0,0,0,12,1,0,1,0,2,0,0,0,2,0,1,2,84.6,1017.35,0
0,0,0,0,24,1,0,2,1,1,1,1,1,1,1,0,1,20.45,527.35,0
1,0,0,0,26,1,0,1,0,2,0,0,2,0,0,1,2,85.75,2146.5,0
0,0,0,0,6,1,0,1,0,0,0,0,2,2,0,1,2,91.1,455.3,1
1,0,1,0,57,1,2,1,0,0,2,2,2,2,2,0,2,107.95,5969.85,0
1,0,1,0,14,1,2,1,0,0,0,0,2,0,0,1,2,86.1,1235.55,1
0,0,1,1,42,1,2,2,1,1,1,1,1,1,2,0,2,22.95,1014.25,0
1,0,0,0,25,1,2,1,0,0,0,0,2,2,0,1,0,94.7,2362.1,1
0,0,1,0,64,1,0,2,1,1,1,1,1,1,2,0,1,19.45,1225.65,0
1,0,1,0,22,1,2,1,0,0,0,0,0,2,0,1,2,85.1,1873.7,1
1,0,0,0,19,1,0,2,1,1,1,1,1,1,1,1,1,19.7,386.5,0
0,0,1,1,61,1,2,1,0,2,0,0,2,2,0,1,2,99.15,6010.05,1
1,0,1,0,22,1,0,1,0,0,2,0,2,0,0,1,0,87.0,1850.65,0
1,1,1,0,70,1,2,1,0,2,2,0,2,2,0,1,2,102.95,7101.5,1
1,0,0,0,12,1,0,1,0,0,0,0,0,2,0,1,0,79.95,1043.4,0
0,0,1,0,31,1,0,0,2,0,0,2,0,2,1,1,2,64.0,1910.75,0
0,0,0,0,11,1,0,0,0,0,0,0,2,2,0,1,2,64.9,716.1,0
1,0,1,1,68,1,2,2,1,1,1,1,1,1,2,0,3,25.75,1686.15,0
0,1,1,1,72,1,2,0,2,2,2,2,2,2,2,1,0,90.15,6716.45,0
1,1,0,0,67,1,2,1,2,2,2,2,2,2,2,1,1,116.1,7839.85,0
0,0,0,0,60,1,0,1,2,0,2,2,2,2,0,1,0,104.95,6236.75,0
1,0,0,0,1,1,0,0,0,0,0,0,0,0,0,1,3,45.05,45.05,1
0,1,0,1,1,1,0,1,0,0,0,0,0,0,0,1,2,71.0,71.0,1
1,0,1,1,58,0,1,0,2,2,2,0,2,0,1,0,3,50.0,2919.85,0
0,1,1,1,47,1,0,1,0,0,0,0,0,0,0,0,0,70.55,3309.25,1
0,0,0,0,1,1,0,1,0,0,0,0,0,2,0,1,2,79.7,79.7,1
1,0,0,0,1,1,0,2,1,1,1,1,1,1,0,0,3,20.45,20.45,0
1,0,0,0,22,1,2,0,2,2,0,0,0,0,0,0,2,59.0,1254.7,1
0,0,0,0,48,1,0,0,2,0,2,2,0,0,1,1,1,60.35,2896.4,1
0,0,1,0,37,1,0,2,1,1,1,1,1,1,1,1,0,19.85,717.5,0
1,0,0,0,13,1,0,2,1,1,1,1,1,1,1,1,2,19.95,253.8,0
1,0,0,0,43,1,2,2,1,1,1,1,1,1,2,0,0,26.45,1110.05,0
0,0,0,0,6,0,1,0,2,2,2,2,2,2,2,1,3,63.4,348.8,0
1,0,0,0,71,0,1,0,2,2,2,2,2,0,2,0,0,53.95,3888.65,0
0,1,1,1,1,1,0,1,0,0,0,0,0,0,0,1,2,69.25,69.25,1
0,0,1,1,72,1,2,1,2,2,0,0,2,0,2,1,2,95.1,6843.15,0
0,1,0,0,6,1,0,1,2,0,0,0,0,0,0,1,2,74.1,450.9,0
1,0,1,1,12,0,1,0,0,2,0,2,0,0,0,0,3,35.5,432.25,0
1,0,0,0,25,1,0,1,0,0,0,0,0,0,0,0,3,70.95,1767.35,1
0,0,1,0,21,1,0,1,0,0,2,2,0,0,1,0,2,79.2,1742.45,0
0,0,1,1,6,1,0,0,0,0,0,2,0,0,0,1,3,48.8,297.35,0
1,0,1,0,20,1,0,1,0,0,0,0,2,2,0,1,3,89.0,1820.45,1
1,0,1,0,18,1,2,1,2,0,0,0,2,2,0,1,2,99.4,1742.95,1
0,0,0,0,43,1,0,0,0,2,0,2,0,0,1,0,2,55.45,2444.25,0
0,0,1,1,35,1,2,2,1,1,1,1,1,1,2,1,1,25.4,949.8,0
0,0,0,0,1,1,0,1,0,0,2,0,0,0,0,0,0,73.5,73.5,1
1,1,1,0,32,1,2,1,0,2,2,0,0,2,0,1,2,93.5,2970.8,0
1,0,0,0,52,0,1,0,2,2,2,2,2,2,2,0,1,63.9,3334.95,0
1,0,0,0,32,1,0,0,0,0,0,0,2,2,1,1,0,64.85,2010.95,0
0,0,1,1,72,0,1,0,2,2,2,2,2,2,2,1,0,63.8,4684.3,0
1,0,0,0,51,0,1,0,2,0,0,2,0,2,0,1,1,44.45,2181.55,0
1,0,1,1,68,1,0,2,1,1,1,1,1,1,2,1,0,19.95,1303.25,0
1,1,1,0,8,0,1,0,0,2,2,0,0,2,0,1,3,43.35,371.4,0
1,0,1,0,49,0,1,0,0,2,0,0,2,2,2,0,1,49.65,2409.9,0
0,0,1,0,72,1,0,0,2,2,2,2,2,2,2,0,3,85.1,6155.4,0
1,0,0,0,9,1,2,1,0,0,0,0,2,2,0,1,2,95.5,829.1,1
0,0,1,0,28,1,0,1,2,0,0,0,2,2,0,1,3,92.35,2602.9,1
1,0,0,0,54,1,0,1,2,0,2,0,2,0,0,0,3,89.8,4667.0,0
1,0,0,0,11,1,0,1,0,2,0,0,0,0,0,1,2,74.55,824.75,1
0,0,1,1,50,1,0,1,0,0,2,2,2,2,1,0,3,103.05,5153.5,0
0,0,1,0,69,1,2,1,2,2,2,2,2,2,2,1,2,116.0,8182.85,0
1,0,0,0,1,1,0,1,0,0,0,0,0,0,0,1,2,69.9,69.9,0
1,0,1,1,68,1,0,1,2,2,0,2,0,2,2,0,0,95.1,6683.4,0
1,0,0,1,40,0,1,0,2,2,0,2,0,0,1,0,3,40.25,1564.05,0
1,0,1,1,31,1,2,2,1,1,1,1,1,1,2,0,3,25.75,755.6,0
0,1,0,1,33,1,2,1,0,2,2,0,2,2,0,1,0,105.35,3465.05,0
1,1,1,0,55,1,2,1,0,2,2,2,2,2,2,1,2,113.6,6292.7,0
1,0,1,1,68,1,2,2,1,1,1,1,1,1,2,1,0,24.0,1664.3,0
0,0,1,1,12,1,0,2,1,1,1,1,1,1,0,0,0,19.4,198.1,0
1,0,1,0,71,1,0,0,2,2,2,2,2,2,2,1,0,86.1,6045.9,0
1,0,0,0,40,1,2,1,0,2,2,0,2,2,0,1,3,102.65,4108.15,0
0,0,1,1,64,1,2,1,0,2,2,0,0,2,1,1,2,92.85,5980.75,0
1,0,1,0,53,1,2,1,0,2,0,2,0,2,1,0,0,97.75,5043.2,0
1,1,0,0,12,1,0,1,0,2,2,2,0,0,0,1,3,83.8,1029.75,1
1,1,0,0,53,0,1,0,0,2,2,0,2,2,0,1,2,54.45,2854.55,1
1,0,1,0,72,1,2,1,2,2,2,0,2,0,2,1,1,97.95,7114.25,0
1,0,0,0,46,1,0,2,1,1,1,1,1,1,2,0,2,19.95,907.05,0
1,0,0,0,40,1,2,2,1,1,1,1,1,1,2,1,3,24.6,973.95,0
1,0,0,0,12,0,1,0,2,2,0,2,2,0,0,1,0,50.95,605.75,0
1,0,0,0,9,1,0,1,2,0,0,0,0,0,0,0,2,75.6,661.55,0
0,0,1,1,51,1,2,1,0,0,0,2,0,0,0,1,2,80.75,4116.9,0
1,0,1,1,49,1,0,1,0,2,2,0,2,0,0,1,1,90.4,4494.65,0
1,1,1,0,41,1,2,1,0,0,2,0,2,2,0,1,2,99.8,4259.3,1
0,0,0,0,56,1,0,0,2,0,2,2,0,0,1,1,1,60.25,3282.75,0
1,0,0,0,4,1,0,2,1,1,1,1,1,1,0,1,2,20.2,55.7,0
1,0,1,0,20,1,0,0,2,0,0,2,0,2,1,1,3,64.15,1274.45,0
0,0,1,1,26,1,0,2,1,1,1,1,1,1,0,1,1,20.25,493.95,0
0,0,1,1,20,1,2,1,0,2,2,0,2,2,0,1,0,105.85,2239.65,1
0,0,0,0,7,1,2,1,0,0,0,0,0,0,0,0,3,75.45,480.75,1
1,0,0,0,7,1,2,1,0,0,0,0,2,2,0,1,2,93.85,635.6,1
1,0,0,0,51,1,0,1,0,2,2,0,2,2,0,1,2,99.0,5038.15,0
0,0,0,0,4,1,2,1,0,2,0,0,0,0,0,1,3,80.3,324.2,0
0,0,0,0,1,1,0,2,1,1,1,1,1,1,0,0,1,19.55,19.55,0
1,0,1,1,27,1,2,1,2,2,0,2,2,0,0,0,2,100.75,2793.55,0
1,0,0,0,22,1,2,1,2,0,0,0,2,2,0,1,2,100.75,2095.0,1
1,0,0,0,12,1,0,0,0,2,0,2,0,0,0,1,3,53.75,648.65,0
0,0,1,1,3,0,1,0,0,0,0,2,0,0,0,1,3,31.0,95.05,1
0,0,1,1,34,1,2,2,1,1,1,1,1,1,1,1,1,25.6,917.15,0
1,0,1,0,24,1,2,0,2,0,0,2,0,0,1,1,2,58.35,1346.9,0
1,0,0,0,51,1,2,1,0,0,2,0,0,0,0,0,1,80.0,4242.35,1
0,1,0,0,14,0,1,0,0,0,0,0,2,2,0,1,2,46.35,672.7,0
1,0,1,0,59,1,2,1,2,2,2,2,2,2,2,0,2,113.75,6561.25,0
1,0,0,0,3,1,0,1,0,2,2,0,0,2,0,0,2,90.4,268.45,0
0,0,1,1,65,1,2,1,2,0,2,2,2,2,2,0,2,109.3,7337.55,0
1,1,0,0,5,1,0,1,0,0,0,0,0,0,0,1,3,70.25,331.9,1
0,0,1,1,59,1,2,0,2,2,2,2,2,2,2,0,1,90.3,5194.05,0
1,0,1,1,72,0,1,0,2,2,2,2,2,2,2,1,1,65.25,4478.85,0
0,0,1,1,62,1,0,1,0,2,2,0,2,2,0,1,2,100.15,6283.3,1
1,0,0,0,28,1,2,1,2,2,0,0,0,2,0,1,1,94.5,2659.4,1
1,0,0,0,3,1,0,0,0,0,0,2,0,2,0,0,3,60.65,196.9,0
1,0,0,1,19,1,2,2,1,1,1,1,1,1,0,1,1,24.1,439.2,0
1,0,0,0,1,1,0,2,1,1,1,1,1,1,0,1,3,19.5,19.5,0
1,0,0,0,24,1,0,1,0,2,2,2,0,0,0,1,2,85.95,2107.15,0
1,1,0,0,57,1,0,0,0,0,2,2,0,0,1,1,2,53.5,3035.8,0
0,0,0,0,72,1,2,2,1,1,1,1,1,1,2,0,1,25.45,1866.45,0
1,0,0,0,67,1,0,2,1,1,1,1,1,1,2,0,0,20.5,1430.95,0
1,0,1,1,52,1,0,2,1,1,1,1,1,1,1,1,1,20.85,1071.6,0
1,0,1,1,71,1,2,0,2,2,2,2,2,2,2,0,1,89.9,6457.15,0
0,0,1,0,26,1,2,2,1,1,1,1,1,1,1,0,3,26.0,684.05,0
0,0,0,0,35,1,2,1,2,2,2,2,2,2,2,1,3,113.2,3914.05,0
0,0,1,1,55,1,0,1,0,0,0,0,0,0,2,1,1,69.05,3842.6,0
0,0,1,1,33,1,0,2,1,1,1,1,1,1,2,0,3,20.1,670.35,0
1,0,1,0,72,1,2,1,2,2,2,0,2,2,2,1,2,109.65,7880.25,0
1,0,0,1,1,1,0,2,1,1,1,1,1,1,0,1,3,19.2,19.2,0
1,0,0,0,10,0,1,0,0,0,0,0,0,2,0,1,3,33.9,298.45,1
0,1,1,0,37,1,0,1,0,0,2,2,2,0,0,0,2,90.0,3371.75,0
1,0,0,0,12,0,1,0,0,2,0,2,0,0,0,0,3,34.0,442.45,0
1,0,1,1,1,1,0,2,1,1,1,1,1,1,1,0,3,20.4,20.4,0
1,0,1,0,62,0,1,0,2,2,0,2,0,0,2,1,1,38.6,2345.55,0
0,0,0,0,1,0,1,0,0,0,0,0,0,0,0,0,0,25.25,25.25,0
0,0,0,0,18,1,2,0,2,0,2,0,0,0,0,1,3,60.6,1156.35,0
1,1,1,0,69,1,2,1,0,2,0,0,2,0,0,1,2,89.95,6143.15,1
1,0,0,0,2,1,0,1,0,2,0,0,0,0,0,1,2,74.75,144.8,0
1,0,1,1,19,1,0,2,1,1,1,1,1,1,0,0,3,20.6,414.95,0
1,0,0,0,12,1,2,1,0,0,0,0,2,0,0,1,2,84.45,1059.55,1
1,0,0,0,9,1,0,2,1,1,1,1,1,1,0,0,3,20.4,181.8,0
1,0,0,0,27,1,0,0,2,0,2,2,2,2,1,0,2,81.7,2212.55,0
1,0,0,1,27,1,2,1,0,0,0,2,0,0,0,1,2,79.5,2180.55,1
1,0,1,1,1,1,0,1,0,0,0,0,2,2,0,0,3,89.15,89.15,1
0,1,0,0,24,1,0,2,1,1,1,1,1,1,0,1,3,20.3,459.95,0
1,1,0,0,14,1,2,1,0,0,0,0,0,0,0,1,2,74.95,1036.75,1
0,1,0,0,32,1,0,1,0,2,0,0,0,0,0,1,2,74.4,2276.95,1
0,0,0,0,11,1,0,2,1,1,1,1,1,1,1,0,3,20.0,211.95,0
1,0,0,0,1,1,2,2,1,1,1,1,1,1,0,1,3,25.0,25.0,0
1,1,0,1,38,1,2,1,2,0,0,0,0,0,0,1,3,80.45,3162.65,0
0,0,1,1,9,1,0,2,1,1,1,1,1,1,2,0,3,19.75,210.65,0
1,0,1,1,54,1,2,0,2,2,0,2,0,0,2,1,1,65.65,3566.7,0
0,0,0,0,29,1,2,0,0,0,0,0,2,2,1,1,1,71.0,2080.1,0
1,1,1,0,44,1,2,1,0,0,2,0,2,0,0,1,2,89.2,4040.2,0
1,0,1,1,59,1,0,0,2,2,2,2,2,2,2,1,2,86.75,5186.0,0
0,0,0,0,3,1,0,0,0,0,0,0,0,2,0,1,2,55.3,196.15,1
0,0,1,1,18,1,0,0,2,2,0,2,0,0,1,1,3,61.5,1087.45,0
1,1,0,0,67,1,2,2,1,1,1,1,1,1,2,0,1,25.1,1672.15,0
0,0,1,1,22,1,0,0,0,2,0,2,0,0,0,0,2,55.15,1206.05,1
1,0,0,1,33,0,1,0,2,0,0,2,0,0,1,0,1,34.05,1113.95,0
1,0,0,0,5,1,0,2,1,1,1,1,1,1,0,0,3,19.95,107.05,0
0,0,0,0,2,1,0,2,1,1,1,1,1,1,0,0,3,19.95,38.15,0
1,0,1,1,72,1,2,0,2,2,2,2,2,2,2,0,1,89.7,6339.3,0
1,0,0,1,9,1,0,2,1,1,1,1,1,1,0,0,3,20.4,184.1,0
1,0,1,1,67,1,2,2,1,1,1,1,1,1,2,0,3,26.3,1688.9,0
0,0,1,0,16,1,2,1,0,0,0,0,2,0,0,1,2,84.95,1378.25,1
0,0,0,0,8,1,0,2,1,1,1,1,1,1,0,1,3,20.7,137.6,0
1,0,0,0,5,0,1,0,2,2,2,2,0,0,0,1,3,43.25,219.0,1
1,0,1,1,23,1,2,0,0,0,0,0,0,0,1,1,1,48.35,1067.15,1
1,0,0,0,1,1,0,1,0,0,0,0,2,0,0,1,2,79.55,79.55,1
0,1,1,0,50,1,0,1,0,0,0,0,0,0,0,1,2,71.05,3444.85,1
1,0,0,0,17,1,0,2,1,1,1,1,1,1,2,0,1,19.45,369.05,0
0,0,1,0,68,1,2,1,2,2,2,0,2,2,2,1,0,110.8,7553.6,0
1,0,0,0,1,1,2,1,0,0,0,0,2,0,0,0,2,84.5,84.5,1
0,1,1,0,25,1,0,1,0,0,0,0,0,0,0,1,2,69.3,1813.1,0
1,0,0,0,67,0,1,0,2,0,2,2,2,0,1,1,0,49.35,3321.35,0
1,0,0,0,32,1,0,2,1,1,1,1,1,1,1,0,1,20.35,707.5,0
0,1,1,0,67,1,2,1,2,2,0,0,2,2,1,1,2,105.6,7112.15,0
1,1,1,0,72,0,1,0,2,2,2,2,2,2,2,1,1,64.45,4641.1,0
1,0,1,0,71,1,2,1,0,2,2,2,2,2,2,1,1,108.6,7690.9,1
1,0,0,1,1,1,0,0,0,2,0,0,0,0,0,1,2,49.9,49.9,0
1,0,0,0,46,0,1,0,0,2,0,0,0,0,0,0,0,30.3,1380.1,1
0,1,0,0,2,0,1,0,0,0,2,0,0,0,0,1,2,30.4,78.65,1
0,0,0,0,1,1,0,0,0,0,0,0,0,0,0,1,3,45.4,45.4,1
0,0,1,0,48,1,0,0,0,2,2,0,0,2,1,1,2,65.65,3094.65,0
0,0,1,0,61,1,2,1,0,0,2,2,2,2,1,1,0,103.3,6518.35,0
0,0,1,0,32,1,0,1,0,2,0,0,0,2,0,0,0,84.15,2585.95,1
0,0,0,0,2,1,0,0,0,0,0,0,0,0,0,0,2,44.45,82.7,0
0,0,0,0,3,1,0,2,1,1,1,1,1,1,0,0,2,19.75,58.85,1
0,0,0,0,5,1,0,1,0,0,0,2,0,2,0,1,1,85.4,425.9,1
0,0,1,1,71,1,2,0,2,2,2,2,2,2,2,0,0,89.9,6342.7,0
1,0,1,0,37,1,2,0,2,0,0,0,0,0,0,1,3,55.05,2030.75,0
1,0,1,1,65,1,2,1,0,0,2,2,2,2,2,1,0,104.1,6700.05,0
0,0,0,1,67,1,2,1,0,2,0,2,2,2,1,1,0,106.6,7244.7,0
1,0,0,1,49,1,2,1,0,0,0,0,0,0,0,0,1,75.2,3678.3,1
1,0,1,1,50,1,2,0,2,0,0,2,2,0,2,1,1,70.5,3486.65,0
1,0,1,1,25,1,0,2,1,1,1,1,1,1,1,0,2,19.6,411.15,0
0,0,0,1,17,1,2,0,0,0,2,0,0,0,1,1,3,55.85,937.5,1
0,0,1,1,64,1,2,2,1,1,1,1,1,1,2,1,3,24.05,1559.15,0
1,0,1,0,25,0,1,0,0,0,2,0,2,0,1,1,1,38.1,970.4,0
1,1,0,0,23,1,2,1,0,2,2,0,2,2,0,1,2,106.4,2483.5,1
1,1,1,0,24,0,1,0,0,0,2,2,0,0,0,0,3,34.25,828.2,0
0,0,0,0,37,1,2,1,0,0,2,0,2,2,0,1,2,100.05,3810.55,0
0,0,0,0,21,1,0,1,0,0,0,0,0,0,0,1,2,68.65,1493.2,0
1,0,0,0,1,1,0,0,0,0,0,0,0,0,0,1,3,45.8,45.8,0
0,0,0,0,10,1,2,1,0,0,0,0,0,0,0,1,3,75.75,777.3,0
1,0,0,0,6,1,0,1,0,2,0,0,0,2,0,1,2,84.4,556.35,1
1,0,1,0,51,1,2,1,2,2,0,0,0,2,1,1,1,96.4,4911.05,0
0,0,0,0,10,1,0,2,1,1,1,1,1,1,0,1,3,20.55,187.35,0
0,0,0,0,6,0,1,0,2,2,0,2,0,2,0,0,1,50.95,307.6,0
1,0,1,1,47,1,2,0,2,2,2,2,2,2,2,1,3,90.5,4318.35,0
0,0,1,1,61,1,2,0,2,2,2,2,0,2,1,1,2,79.4,4820.55,0
0,0,0,0,52,0,1,0,2,2,2,0,2,2,2,1,0,58.75,3038.55,0
0,0,1,1,35,1,2,0,2,2,0,0,0,0,0,1,1,59.45,2136.9,0
1,0,1,0,71,1,2,1,0,2,2,0,2,2,1,1,0,105.7,7472.15,0
0,0,0,0,6,1,0,0,2,2,0,0,0,0,0,0,2,56.25,389.1,1
1,0,1,0,45,1,0,0,2,0,2,0,0,0,2,0,1,53.3,2296.25,0
0,1,0,0,2,1,2,1,0,0,0,0,2,0,0,1,2,85.55,187.45,1
0,0,0,0,4,1,0,0,0,2,0,0,2,2,0,1,0,68.65,261.25,1
1,0,0,0,2,0,1,0,0,0,0,0,0,0,0,0,3,24.3,38.45,0
1,0,0,0,4,1,0,1,0,0,0,0,2,0,0,0,2,77.85,299.2,1
1,0,0,0,51,1,2,0,2,0,0,2,0,0,1,0,1,59.9,3043.6,0
1,0,1,1,60,1,2,2,1,1,1,1,1,1,1,0,1,23.95,1506.4,0
1,0,0,0,9,1,0,2,1,1,1,1,1,1,1,1,3,20.15,163.7,0
1,0,0,0,3,1,2,1,0,2,2,0,2,2,0,1,0,105.35,323.25,1
1,0,0,0,17,1,2,1,0,0,2,2,0,2,0,1,0,95.65,1640.0,0
0,0,0,0,8,1,2,1,0,0,0,0,2,0,0,1,2,87.05,762.1,1
1,0,1,1,46,1,0,0,2,0,2,2,2,2,2,0,3,81.0,3846.35,0
0,0,0,0,68,1,0,0,2,2,2,2,2,2,2,1,1,82.45,5646.6,0
1,0,0,0,1,1,0,0,0,0,0,0,2,0,0,1,3,53.5,53.5,1
0,0,1,0,4,1,0,2,1,1,1,1,1,1,1,0,0,20.5,79.05,0
0,0,0,0,1,0,1,0,0,0,0,0,0,0,0,1,3,25.1,25.1,1
1,0,0,1,28,1,0,0,0,2,0,2,0,0,1,1,1,54.4,1516.6,0
0,0,0,0,39,1,0,0,0,2,0,0,2,0,1,1,1,58.6,2224.5,0
1,0,0,0,11,1,0,1,0,0,2,0,0,2,0,0,2,84.8,888.75,0
0,0,1,0,71,0,1,0,0,2,2,2,2,2,2,1,1,61.4,4310.35,0
1,0,0,1,2,1,0,2,1,1,1,1,1,1,0,0,3,20.4,42.9,0
1,1,1,0,30,1,0,1,0,2,2,0,0,0,0,1,3,79.65,2365.15,1
0,0,0,0,17,1,0,2,1,1,1,1,1,1,1,0,3,20.15,353.65,0
0,0,1,0,55,1,2,1,0,2,2,0,2,0,0,1,1,94.45,5073.1,0
0,0,0,0,58,1,2,1,2,0,0,0,0,0,0,1,0,79.8,4526.85,0
0,0,0,0,5,1,0,0,2,0,0,2,0,0,0,0,2,54.2,308.25,1
0,1,0,0,1,1,0,2,1,1,1,1,1,1,0,1,2,19.45,19.45,1
1,1,0,0,9,1,2,1,0,0,0,0,0,0,0,1,2,74.05,678.45,0
1,0,0,0,26,1,0,0,0,0,0,2,0,0,0,0,0,49.15,1237.3,0
0,0,0,0,50,1,0,2,1,1,1,1,1,1,2,0,1,19.4,1023.95,0
0,0,1,0,72,1,2,1,2,2,2,2,2,2,2,1,0,113.65,8182.75,0
0,0,0,1,43,1,0,1,2,2,0,2,2,2,1,1,1,106.0,4532.3,0
1,0,0,0,56,1,2,2,1,1,1,1,1,1,2,1,0,25.95,1444.05,0
0,0,0,0,1,1,0,2,1,1,1,1,1,1,0,0,3,19.1,19.1,0
1,0,1,1,72,1,2,1,0,2,2,0,2,2,2,1,2,103.4,7372.65,1
1,0,1,0,72,1,2,1,2,2,0,2,0,2,2,1,0,100.55,7325.1,0
1,0,1,0,36,1,2,1,0,0,0,0,2,2,0,1,2,95.4,3474.2,0
1,0,0,0,5,1,0,0,0,0,2,2,2,2,0,0,0,75.15,392.65,0
0,0,0,0,13,1,2,1,0,2,2,0,0,0,0,1,2,84.45,1058.6,1
0,1,0,0,44,1,0,1,0,2,2,0,0,2,1,0,1,89.15,3990.75,0
0,1,1,1,70,1,2,1,0,2,2,2,2,2,1,1,2,107.9,7475.85,0
1,0,0,0,44,1,0,2,1,1,1,1,1,1,1,0,1,19.5,835.5,0
0,1,1,0,32,1,2,1,0,0,0,0,2,0,0,1,1,85.95,2628.6,1
0,0,1,0,69,1,2,2,1,1,1,1,1,1,2,1,1,24.95,1718.35,0
0,1,0,0,16,1,0,0,0,0,0,2,2,0,0,0,2,59.4,1023.9,1
1,1,1,1,68,1,0,2,1,1,1,1,1,1,1,0,0,19.5,1193.55,0
1,0,0,0,16,1,0,1,0,0,0,0,0,0,0,1,1,69.95,1205.5,0
1,0,1,1,68,1,0,0,2,2,0,2,2,2,2,0,0,82.85,5776.45,0
1,0,0,0,4,1,0,2,1,1,1,1,1,1,0,0,3,19.0,78.9,0
0,0,1,1,26,0,1,0,2,2,0,2,0,0,0,0,1,38.85,1025.15,0
0,0,0,0,29,0,1,0,0,2,0,0,0,0,0,1,2,30.6,856.35,1
1,0,0,1,5,1,0,2,1,1,1,1,1,1,0,0,1,20.35,122.0,0
1,0,1,0,70,1,2,1,0,2,2,0,2,0,1,1,0,95.0,6602.9,0
1,0,1,0,24,1,0,0,2,0,0,2,2,2,1,0,0,74.4,1712.9,0
0,1,1,0,72,1,2,0,2,2,2,2,0,2,2,0,0,78.45,5682.25,0
1,0,0,0,1,1,0,1,0,0,0,2,0,0,0,1,3,74.3,74.3,0
1,0,1,0,70,0,1,0,0,2,2,2,0,2,1,1,0,51.05,3635.15,0
0,0,1,1,36,1,0,2,1,1,1,1,1,1,0,0,0,19.2,702.9,0
0,1,0,0,38,1,2,1,0,0,0,2,2,2,0,1,2,99.55,3734.25,1
0,0,0,0,17,1,0,1,0,0,0,0,0,0,0,1,2,70.0,1144.5,1
0,0,1,1,41,1,2,1,0,2,2,2,2,2,1,1,0,109.1,4454.25,0
0,0,0,0,1,1,0,0,0,0,0,0,0,0,0,1,2,45.3,45.3,1
1,0,0,0,2,0,1,0,0,0,0,2,0,0,0,0,0,29.85,75.6,1
1,0,0,0,14,1,0,1,0,0,2,0,0,0,0,0,2,76.45,1117.55,0
1,1,0,0,2,1,0,1,0,2,2,2,0,2,0,1,1,95.1,180.25,1
1,0,0,0,1,1,0,2,1,1,1,1,1,1,0,0,3,19.8,19.8,1
1,0,1,1,13,1,2,0,0,2,2,2,2,0,0,1,2,72.8,930.05,0
1,0,0,0,6,1,0,2,1,1,1,1,1,1,0,0,3,18.95,110.15,0
0,0,0,0,4,1,0,1,0,2,0,0,0,0,0,1,0,76.65,333.6,1
0,0,1,1,5,1,0,1,0,2,0,2,2,2,0,1,3,99.15,465.05,1
0,0,1,0,15,1,0,1,2,0,2,0,2,2,0,0,2,101.75,1669.4,0
0,0,0,0,47,1,0,1,2,0,0,0,0,0,0,0,1,75.45,3545.1,0
0,0,0,0,8,1,0,0,0,0,2,2,0,2,0,0,3,64.1,504.05,0
1,0,0,0,17,0,1,0,0,0,0,0,0,0,0,1,3,25.65,440.2,0
1,0,1,1,15,1,0,1,2,0,0,0,0,0,0,0,3,75.1,1151.55,0
0,0,0,0,26,1,0,1,2,0,2,2,0,2,1,1,0,95.85,2475.35,0
0,0,0,0,23,1,2,0,2,0,0,0,0,0,0,0,2,54.4,1249.25,0
0,1,0,0,4,1,0,1,0,2,0,0,0,0,0,0,2,72.75,317.75,0
1,0,0,1,29,1,0,2,1,1,1,1,1,1,1,0,3,19.85,535.05,0
0,0,0,0,25,1,0,2,1,1,1,1,1,1,0,0,3,19.05,461.3,0
1,0,0,0,9,1,0,0,0,0,0,0,0,0,0,0,3,44.95,431.0,1
1,0,1,0,18,1,0,0,0,0,2,0,0,0,0,1,3,49.55,878.35,1
1,1,0,0,3,1,2,1,0,0,0,0,2,2,0,1,2,94.85,335.75,0
0,0,1,1,69,0,1,0,2,2,2,2,0,0,2,0,0,46.25,3121.4,0
1,0,0,0,14,1,0,2,1,1,1,1,1,1,1,0,3,19.35,324.8,0
1,0,0,0,19,1,2,0,0,0,0,0,2,2,0,0,3,69.6,1394.55,0
1,1,0,0,39,1,2,1,0,2,0,0,0,2,0,0,2,90.7,3413.25,0
1,0,0,0,31,1,0,1,0,2,2,0,2,2,0,1,2,101.4,3143.65,0
1,0,1,1,24,1,0,2,1,1,1,1,1,1,1,0,3,20.25,439.75,0
1,0,1,0,14,1,0,0,0,0,0,2,0,0,0,0,0,48.8,664.4,0
0,0,1,0,64,1,0,0,2,2,2,2,0,2,2,1,3,74.35,4759.55,0
0,0,0,0,50,1,0,2,1,1,1,1,1,1,1,1,3,19.35,1033.0,0
1,0,1,1,52,1,0,0,0,2,2,2,2,0,1,1,2,68.75,3482.85,0
1,0,0,0,28,1,2,1,0,2,0,0,2,2,1,0,2,100.2,2688.45,0
0,0,0,0,21,1,0,2,1,1,1,1,1,1,2,1,1,20.85,435.25,0
1,0,0,1,25,1,0,1,0,2,0,0,2,2,0,1,2,95.9,2448.75,1
0,0,1,0,17,1,0,2,1,1,1,1,1,1,1,0,3,19.35,307.0,0
1,0,1,0,58,0,1,0,0,0,0,0,2,2,1,1,1,45.0,2689.35,0
1,1,1,0,17,1,0,1,0,0,0,0,0,2,0,0,0,81.5,1329.2,1
0,0,1,0,51,1,2,2,1,1,1,1,1,1,2,0,3,25.5,1281.25,0
1,0,1,1,72,0,1,0,2,0,2,2,2,0,2,0,3,48.9,3527.0,0
1,0,1,0,52,1,0,1,2,0,0,0,2,0,0,0,2,84.1,4348.65,1
0,0,0,0,27,1,0,2,1,1,1,1,1,1,2,1,3,19.6,561.15,0
0,0,0,0,3,1,0,2,1,1,1,1,1,1,0,0,3,20.0,63.6,0
0,0,1,0,64,1,2,0,2,2,2,2,0,2,2,1,3,81.3,5129.3,0
0,0,1,0,45,1,0,1,0,0,0,2,2,2,2,1,1,95.2,4285.8,0
1,1,1,0,3,0,1,0,0,0,0,0,2,0,0,1,3,36.45,93.7,1
0,0,1,0,71,1,2,0,0,2,2,2,2,2,2,1,1,83.3,5894.5,0
0,1,0,0,1,0,1,0,0,0,0,0,0,0,0,0,3,25.05,25.05,1
0,0,1,1,58,1,0,2,1,1,1,1,1,1,2,0,1,20.3,1160.75,0
1,0,1,1,34,1,0,1,0,2,2,0,2,0,0,1,2,89.85,3091.75,0
0,0,0,0,8,1,0,0,2,0,0,0,0,0,0,1,2,49.85,365.55,1
0,0,1,1,15,1,0,2,1,1,1,1,1,1,0,0,3,19.8,272.95,0
1,0,1,1,66,0,1,0,0,0,2,2,2,2,2,0,0,54.65,3632.0,0
1,1,0,0,12,0,1,0,0,2,0,0,0,0,0,1,1,29.35,381.2,0
1,0,0,0,58,1,0,2,1,1,1,1,1,1,2,1,0,19.15,1035.5,0
0,0,1,1,3,1,0,2,1,1,1,1,1,1,2,0,3,19.1,52.0,0
0,1,1,0,43,0,1,0,0,2,2,0,2,2,0,0,1,55.55,2342.2,1
0,0,0,0,9,1,0,1,0,2,2,0,0,0,0,0,2,80.55,653.9,0
0,0,0,0,3,1,0,2,1,1,1,1,1,1,1,0,3,20.25,71.2,0
0,0,1,1,22,1,0,0,0,2,0,0,2,2,1,1,0,69.5,1498.2,1
1,0,1,0,40,1,2,1,0,2,2,0,2,2,1,1,0,106.0,4178.65,0
0,0,0,0,68,1,2,2,1,1,1,1,1,1,2,0,0,25.5,1821.8,0
1,0,1,0,54,1,2,1,0,2,2,0,2,2,0,1,2,104.3,5278.15,1
0,0,0,0,50,1,2,0,0,2,0,2,2,2,2,1,3,79.6,4024.2,0
1,0,0,0,1,1,0,0,0,0,0,0,0,2,0,1,2,55.25,55.25,0
0,0,1,0,72,1,2,0,2,2,2,2,2,2,2,0,0,88.05,6520.8,0
1,0,0,1,40,1,0,2,1,1,1,1,1,1,1,1,0,20.4,854.9,0
0,0,1,1,72,1,2,1,2,2,2,2,2,2,2,1,0,117.6,8308.9,0
0,0,0,0,6,1,0,2,1,1,1,1,1,1,0,0,3,20.0,109.2,0
0,0,0,0,5,1,0,2,1,1,1,1,1,1,0,1,1,19.65,92.05,0
1,0,1,0,48,1,2,0,0,2,2,0,0,2,1,1,1,70.55,3420.5,0
0,0,0,0,1,1,2,1,0,0,0,0,2,2,0,1,2,93.85,93.85,1
0,0,1,1,64,1,0,0,2,0,0,2,2,0,1,0,3,65.8,4068.0,0
0,0,0,0,17,1,0,2,1,1,1,1,1,1,1,0,1,20.05,337.9,0
1,0,1,0,40,1,0,1,0,2,2,0,0,0,0,1,2,80.0,3168.75,0
0,0,1,1,41,0,1,0,2,0,2,0,0,0,1,0,1,35.4,1412.4,0
1,1,0,0,51,1,2,1,0,2,0,0,0,0,1,1,0,79.6,3974.7,0
1,0,1,0,41,1,2,1,0,2,0,0,0,0,0,1,2,80.25,3439.0,0
0,0,1,1,1,1,0,0,0,0,2,0,0,0,0,0,3,50.45,50.45,1
0,0,0,0,2,1,0,2,1,1,1,1,1,1,0,1,3,20.45,42.45,0
1,0,0,0,68,1,0,1,0,2,2,0,0,0,1,0,1,79.6,5461.45,0
0,0,1,1,24,1,2,2,1,1,1,1,1,1,2,0,3,24.7,571.75,0
1,0,1,0,70,1,2,0,2,0,2,2,0,2,2,0,1,77.3,5498.2,0
1,0,0,0,3,0,1,0,0,0,0,2,0,0,0,1,2,29.75,96.85,0
1,0,0,0,2,1,0,0,0,0,0,0,0,0,0,0,0,44.9,111.05,0
1,0,1,0,3,0,1,0,0,2,0,0,0,0,0,0,1,29.8,94.4,0
0,0,0,0,7,1,2,0,0,0,0,2,2,2,0,1,2,74.65,521.1,1
0,0,0,0,13,1,0,0,2,0,0,0,2,2,0,1,2,71.95,923.85,0
1,0,0,0,7,1,0,2,1,1,1,1,1,1,0,0,3,20.75,141.1,0
1,0,1,1,12,1,0,0,0,0,0,0,2,0,0,1,3,56.3,628.65,0
1,0,1,1,53,1,2,1,0,2,2,0,2,2,1,1,2,105.25,5576.3,0
0,0,0,0,12,1,2,1,0,0,0,0,2,2,0,1,2,94.2,1046.1,1
1,0,1,1,63,1,0,2,1,1,1,1,1,1,2,0,3,19.55,1245.6,0
0,0,0,0,15,1,0,0,2,2,2,2,2,2,0,0,3,84.45,1287.85,0
1,0,1,1,36,1,0,0,2,2,0,0,0,0,1,0,3,53.65,1939.35,0
1,1,1,0,4,0,1,0,0,0,2,0,0,0,0,1,2,29.9,118.25,0
0,0,1,1,24,1,0,2,1,1,1,1,1,1,2,0,3,19.7,452.55,0
0,0,0,0,61,0,1,0,2,2,2,2,0,0,1,0,1,43.7,2696.55,0
1,0,0,0,16,1,2,0,0,2,0,0,0,0,0,0,2,55.3,875.35,0
1,0,1,1,65,1,0,2,1,1,1,1,1,1,2,1,1,19.85,1267.05,0
0,0,1,1,26,1,0,2,1,1,1,1,1,1,2,0,1,19.65,494.9,0
1,0,0,0,16,1,0,0,0,0,0,2,0,0,0,1,3,49.45,799.0,0
0,0,1,0,54,1,2,1,2,2,0,0,2,2,1,0,0,106.55,5763.3,1
1,0,0,0,1,1,0,2,1,1,1,1,1,1,0,0,3,20.1,20.1,1
1,0,0,1,5,1,0,2,1,1,1,1,1,1,2,0,3,20.45,106.9,0
0,0,0,0,19,0,1,0,0,2,0,0,0,2,0,1,2,39.7,710.05,0
1,0,0,0,10,1,2,0,2,0,0,0,0,0,0,1,1,54.5,568.2,0
0,0,1,1,23,1,0,1,0,2,2,2,0,0,0,0,2,83.8,1900.25,1
1,0,0,0,3,1,0,0,0,0,0,0,2,0,0,0,3,55.15,159.15,1
0,0,0,0,72,1,2,1,0,2,2,2,2,2,2,1,0,111.6,8012.75,0
1,1,1,0,10,1,2,1,0,0,0,0,0,2,0,1,2,86.65,856.65,1
0,0,1,1,10,1,0,0,0,2,2,0,0,0,0,1,3,55.55,551.3,0
1,0,1,0,11,1,0,2,1,1,1,1,1,1,1,1,3,20.55,184.95,0
0,1,0,0,37,1,2,1,2,2,0,0,2,2,0,1,0,106.75,4056.75,1
1,0,1,1,17,1,2,0,2,0,0,2,0,0,1,1,3,62.1,1096.65,0
0,0,1,1,36,1,2,1,2,0,2,0,2,2,0,1,1,104.5,3684.95,0
1,1,0,0,17,1,0,1,0,2,2,0,2,2,0,1,2,101.8,1752.45,0
0,1,1,1,66,1,2,1,2,2,0,2,2,2,1,1,1,110.6,7210.85,0
1,0,1,1,61,1,0,0,2,2,2,2,2,2,1,0,0,84.9,5264.5,0
1,0,0,0,22,1,0,1,0,2,0,0,2,2,0,1,3,93.2,2157.3,0
1,0,0,0,1,0,1,0,0,0,0,0,0,0,0,1,2,24.4,24.4,0
0,0,0,0,6,1,0,1,0,0,0,0,0,0,0,0,1,70.55,433.95,0
1,0,0,0,31,1,0,1,0,2,0,2,0,0,0,1,2,78.45,2435.15,1
0,0,1,1,68,1,0,0,2,2,2,2,2,2,2,1,1,85.0,5607.75,0
0,0,1,1,34,1,2,1,0,0,2,0,2,0,0,0,2,87.45,2874.15,1
0,0,1,1,52,1,0,1,0,2,2,2,0,0,0,0,0,85.8,4433.3,0
0,0,0,1,10,1,0,1,0,0,2,2,2,0,0,1,2,91.1,964.35,0
1,0,1,1,29,1,0,1,0,0,0,0,0,0,0,1,2,70.75,1974.8,1
0,0,1,1,72,1,0,2,1,1,1,1,1,1,2,0,0,20.1,1460.85,0
1,0,1,1,47,1,0,2,1,1,1,1,1,1,1,0,3,20.05,951.55,0
1,0,1,1,24,1,2,0,2,0,0,0,2,2,1,0,3,74.8,1821.2,0
1,0,0,0,65,1,2,2,1,1,1,1,1,1,1,0,1,24.8,1600.95,0
0,0,0,0,4,1,2,1,0,0,0,2,2,2,0,1,3,100.85,399.25,0
1,1,1,0,12,1,2,1,0,2,0,0,2,2,0,1,2,101.35,1218.55,1
1,0,0,0,1,1,2,1,2,0,0,0,0,0,0,1,2,81.7,81.7,1
1,0,0,0,33,1,0,1,0,0,0,0,0,0,0,0,2,68.25,2171.15,1
0,0,0,0,34,1,0,1,0,2,2,2,2,2,0,1,2,105.1,3634.8,0
0,0,1,0,14,1,0,2,1,1,1,1,1,1,2,0,3,20.4,292.4,0
0,0,0,0,4,1,0,1,0,0,0,0,0,2,0,1,2,79.15,317.25,1
1,0,1,1,13,1,0,2,1,1,1,1,1,1,1,0,3,20.0,218.55,0
0,0,1,1,65,1,2,0,0,2,0,2,2,2,2,1,0,79.4,5071.9,0
1,0,1,1,23,1,0,0,2,0,0,2,0,0,1,0,1,57.2,1423.35,0
1,0,1,0,55,1,0,0,2,2,2,0,0,0,2,0,2,58.6,3068.6,0
1,0,1,0,49,1,0,1,0,2,0,0,2,2,2,1,2,94.8,4690.65,0
1,0,1,0,60,1,2,1,0,2,2,0,2,2,1,0,0,102.5,6157.6,0
0,0,1,1,69,1,0,2,1,1,1,1,1,1,1,1,1,20.35,1442.65,0
1,0,0,0,40,1,2,1,0,0,0,0,2,0,0,1,2,84.9,3369.05,0
1,0,1,0,67,1,0,0,2,2,0,2,0,2,2,1,1,69.2,4671.65,0
1,1,0,0,35,1,2,1,0,0,0,0,2,2,0,1,2,95.45,3474.05,1
1,0,1,1,19,1,2,1,0,0,0,2,2,2,1,1,2,100.95,1875.55,1
0,0,1,1,13,1,0,2,1,1,1,1,1,1,2,0,3,20.85,272.35,0
0,0,0,1,41,1,2,1,0,2,0,0,2,0,0,1,0,88.5,3645.05,0
0,0,0,0,4,0,1,0,2,0,2,0,0,0,0,0,3,35.0,135.75,0
0,0,1,1,24,1,0,0,2,0,0,2,0,0,0,0,2,55.15,1319.85,0
0,0,0,0,5,0,1,0,0,2,0,0,2,2,0,1,1,50.95,229.4,0
0,0,0,0,5,1,2,0,0,2,0,0,0,2,0,1,2,64.0,370.25,0
0,0,1,1,1,1,0,1,0,0,0,0,0,0,0,1,3,69.1,69.1,1
0,0,1,1,72,1,2,0,2,2,2,2,2,0,2,0,0,80.2,5714.2,0
0,0,0,0,24,1,0,0,0,0,2,0,0,0,0,1,1,49.3,1233.25,0
0,0,1,0,42,1,2,0,2,0,2,2,2,2,2,0,1,84.35,3571.6,0
0,0,0,0,4,1,0,2,1,1,1,1,1,1,0,0,3,20.05,83.3,0
1,0,0,0,68,1,2,1,2,2,2,2,2,2,1,1,1,117.2,8035.95,0
0,0,1,1,33,1,0,2,1,1,1,1,1,1,1,0,3,20.1,579.4,0
0,1,0,0,1,1,0,1,0,0,0,0,0,0,0,1,2,69.6,69.6,1
1,0,0,0,31,1,2,1,0,2,2,0,2,2,1,1,2,103.45,3066.45,1
0,0,0,0,4,1,2,1,0,2,0,0,0,0,0,0,0,77.95,305.55,1
1,1,1,0,69,1,2,1,0,2,2,2,2,2,2,1,2,109.95,7634.25,0
1,1,0,0,38,1,2,1,0,0,0,0,2,2,0,0,2,94.75,3653.0,0
0,0,1,1,3,1,0,1,0,2,0,2,0,0,0,1,2,80.0,241.3,0
0,0,1,1,48,1,2,0,0,2,0,2,2,2,2,0,2,79.65,3870.3,0
0,0,1,0,15,1,2,2,1,1,1,1,1,1,2,0,3,25.2,387.9,0
0,0,0,0,25,1,0,2,1,1,1,1,1,1,1,0,1,19.9,527.5,0
0,1,0,0,1,1,0,1,0,0,0,0,2,0,0,0,2,78.45,78.45,1
0,0,0,0,48,0,1,0,2,2,0,0,2,0,0,1,2,44.8,2104.55,0
1,0,0,0,1,1,0,2,1,1,1,1,1,1,0,0,3,20.3,20.3,0
1,0,0,0,1,1,0,2,1,1,1,1,1,1,0,0,2,19.2,19.2,0
0,0,0,0,37,1,0,1,0,2,2,0,0,0,1,0,2,80.05,3019.1,0
1,1,1,0,66,1,2,1,0,2,2,2,2,2,1,1,0,107.35,7051.95,0
0,0,1,0,26,0,1,0,2,2,2,0,2,0,1,0,0,47.85,1190.5,0
1,0,1,0,63,1,0,0,2,2,0,2,2,0,1,0,1,70.8,4448.8,0
1,0,0,0,10,0,1,0,0,0,2,0,0,0,0,0,3,29.5,255.25,1
0,0,0,0,2,1,0,0,2,0,0,0,2,2,0,1,2,70.75,146.9,1
1,1,1,0,18,1,0,0,2,0,0,0,0,2,0,1,1,59.1,1011.05,0
0,0,1,0,64,1,2,2,1,1,1,1,1,1,2,0,3,25.55,1714.95,0
0,1,0,0,9,1,2,1,0,0,0,0,0,2,0,1,2,84.45,762.5,1
0,0,0,1,28,1,0,2,1,1,1,1,1,1,0,0,3,20.25,535.35,0
0,0,0,0,1,1,0,1,0,0,2,0,0,0,0,0,2,75.55,75.55,0
1,0,0,0,4,1,2,1,0,0,0,0,0,2,0,1,2,85.65,338.9,1
1,1,0,0,38,1,0,0,0,2,2,2,2,0,1,1,1,70.15,2497.35,1
1,0,1,0,66,1,2,1,0,2,2,0,0,2,1,0,2,95.3,6273.4,0
0,0,0,0,1,1,0,1,0,0,0,0,0,0,0,1,2,70.25,70.25,0
0,0,1,0,18,1,0,0,0,0,0,2,0,0,0,1,3,50.3,908.75,0
1,1,0,0,51,1,2,1,0,0,2,0,2,2,0,1,2,97.8,4913.3,1
1,0,0,0,1,1,0,0,0,0,0,0,0,0,0,0,3,46.3,46.3,1
1,0,0,1,12,1,0,2,1,1,1,1,1,1,2,0,0,19.35,212.3,0
0,0,0,0,41,1,2,1,0,2,2,0,2,2,0,1,2,106.3,4443.45,1
1,0,0,0,12,1,2,2,1,1,1,1,1,1,0,0,2,25.0,316.2,0
0,0,1,1,55,1,0,2,1,1,1,1,1,1,2,0,3,20.3,1079.05,0
0,0,0,0,7,1,2,1,0,0,0,0,0,0,0,1,2,75.35,564.65,0
0,0,0,0,12,1,0,1,0,0,2,2,0,2,0,1,2,89.4,1095.65,1
0,0,1,1,68,1,2,0,2,2,2,2,2,2,2,0,1,88.0,6161.9,0
0,1,0,0,5,1,2,1,0,0,0,0,2,0,0,1,1,83.15,446.05,1
0,1,0,0,49,1,0,0,0,0,0,0,0,0,0,0,3,43.8,2106.05,0
1,0,0,0,40,0,1,0,2,2,2,0,2,2,1,0,1,62.05,2511.55,0
0,0,0,0,16,1,0,2,1,1,1,1,1,1,1,0,0,20.1,318.6,0
1,0,0,0,10,1,2,1,0,0,0,0,0,0,0,1,3,74.15,811.8,1
0,0,1,0,72,1,2,1,0,2,2,0,2,2,1,1,2,101.35,7323.15,0
0,1,0,0,2,1,2,1,0,0,0,0,0,2,0,1,2,84.05,186.05,0
1,0,1,1,23,1,0,2,1,1,1,1,1,1,2,0,3,20.9,454.0,0
0,1,0,0,71,1,2,1,0,2,2,0,2,2,1,1,2,105.9,7521.95,0
0,0,1,0,11,1,2,1,0,0,2,0,2,2,0,1,2,99.5,1056.95,1
1,0,0,0,1,1,0,0,0,0,0,0,0,0,0,1,3,44.15,44.15,1
0,0,0,0,16,1,0,0,0,2,0,2,0,0,0,1,3,53.9,834.15,1
0,0,0,0,1,1,2,1,0,0,0,0,0,2,0,1,3,85.45,85.45,1
1,0,1,0,12,1,0,1,0,2,0,0,0,2,0,1,1,85.05,999.8,0
0,0,0,0,54,0,1,0,2,0,0,2,0,2,1,0,0,44.1,2369.7,0
0,0,1,0,68,1,2,1,0,2,2,2,0,0,2,0,1,90.2,6297.65,0
0,0,1,1,4,1,2,0,0,0,0,0,0,0,0,0,3,50.85,239.55,1
0,0,0,1,1,1,0,0,0,0,2,0,0,2,0,0,2,59.2,59.2,1
1,0,0,0,27,1,0,0,2,0,0,2,0,0,0,0,3,53.45,1461.45,0
1,0,0,0,21,1,0,2,1,1,1,1,1,1,0,1,3,19.95,416.4,0
1,0,0,0,13,1,0,1,0,0,2,0,2,0,0,1,2,83.2,1060.6,1
0,1,0,0,64,1,2,0,0,2,2,2,0,2,0,0,1,74.65,4869.35,0
0,0,0,0,1,1,0,0,2,2,0,0,0,0,0,1,2,54.9,54.9,1
1,0,1,0,57,0,1,0,0,2,2,2,2,2,2,1,0,57.5,3265.95,0
0,0,1,0,21,1,2,1,2,0,2,0,2,2,0,1,2,103.9,2254.2,1
1,0,0,0,19,1,0,2,1,1,1,1,1,1,2,0,3,19.65,358.15,0
1,0,1,0,31,1,0,1,0,0,2,0,2,2,1,1,2,93.8,2939.8,0
1,0,0,0,52,1,2,0,2,2,2,2,2,2,2,1,3,89.25,4652.4,0
0,0,0,0,46,1,2,1,0,2,2,0,0,2,1,1,2,94.15,4408.45,0
0,1,0,0,11,1,2,0,2,0,0,0,0,0,0,1,2,55.6,580.8,0
0,0,1,1,53,0,1,0,2,2,2,0,0,2,0,1,0,48.7,2495.2,0
0,0,1,1,11,1,0,2,1,1,1,1,1,1,0,1,3,19.25,180.3,1
1,1,0,0,57,1,2,1,0,2,0,2,2,2,0,1,0,104.9,5913.95,0
0,1,0,0,2,1,2,1,0,0,0,0,0,0,0,1,3,75.45,158.4,1
0,1,0,0,2,1,0,0,2,2,0,0,0,0,0,0,3,54.85,104.2,1
0,0,1,1,71,1,0,2,1,1,1,1,1,1,2,0,0,19.9,1389.35,0
0,0,1,1,1,1,0,2,1,1,1,1,1,1,0,1,3,19.4,19.4,0
1,0,1,0,68,1,2,2,1,1,1,1,1,1,2,0,1,25.05,1629.2,0
1,0,1,0,72,1,0,0,2,2,2,2,2,2,2,0,3,84.45,6033.1,0
0,0,0,0,2,1,0,2,1,1,1,1,1,1,0,0,3,19.3,44.4,0
1,1,1,0,1,1,2,1,0,0,0,0,2,2,0,1,2,95.1,95.1,1
0,0,0,0,41,1,0,0,2,0,2,2,2,2,1,1,0,79.85,3320.75,0
1,0,1,1,72,1,2,2,1,1,1,1,1,1,2,0,1,25.55,1867.7,0
1,0,1,0,6,1,2,1,0,0,0,0,0,0,0,1,2,75.5,438.0,1
0,0,1,1,4,1,0,1,0,0,2,0,0,0,0,1,2,73.75,325.45,1
1,0,0,0,12,1,2,1,0,0,0,0,2,2,0,1,2,96.05,1148.1,1
0,0,1,0,58,1,2,0,2,0,0,2,0,2,1,1,2,68.4,3972.25,0
0,0,0,0,7,1,0,2,1,1,1,1,1,1,0,0,3,20.65,155.9,0
0,0,1,0,65,1,0,0,2,0,2,0,0,0,0,1,3,55.15,3673.15,0
1,0,0,0,1,1,0,1,0,0,0,0,0,0,0,1,3,70.6,70.6,0
1,0,1,0,56,1,0,2,1,1,1,1,1,1,1,0,1,19.95,1126.75,0
1,0,0,0,4,1,0,2,1,1,1,1,1,1,0,0,3,19.0,73.45,0
0,0,1,1,58,1,0,0,0,0,0,0,0,0,1,1,3,44.1,2413.05,0
1,0,1,0,62,1,2,1,0,0,2,2,2,2,2,1,0,107.6,6912.7,0
1,0,0,0,26,1,2,0,2,2,0,0,0,0,1,0,2,61.55,1581.95,0
1,0,0,0,62,1,2,1,2,2,2,0,0,0,0,0,0,90.7,5586.45,0
0,0,1,1,58,1,0,1,2,2,0,0,2,2,1,0,1,99.25,5846.65,0
0,0,1,0,68,1,2,0,2,2,2,2,2,2,2,1,2,91.7,6424.7,0
0,0,1,1,61,1,2,1,2,2,2,0,0,2,1,1,1,100.7,6018.65,0
0,0,0,0,42,1,2,0,0,0,2,2,2,2,2,1,1,78.45,3373.4,0
1,0,0,0,18,1,2,1,0,0,0,0,2,0,0,0,0,84.3,1537.9,0
0,0,0,0,56,1,0,2,1,1,1,1,1,1,2,1,0,19.55,1080.55,0
0,0,0,0,4,1,2,1,0,2,0,0,0,2,0,1,2,88.95,355.2,1
0,0,0,0,4,1,0,2,1,1,1,1,1,1,0,0,1,20.45,82.85,0
0,0,0,1,35,1,0,0,2,2,0,0,0,0,1,0,1,55.6,2016.45,0
0,0,1,1,64,1,2,1,2,0,0,2,0,0,0,1,0,86.8,5327.25,0
0,0,0,0,31,1,0,2,1,1,1,1,1,1,1,0,3,20.95,683.25,0
0,1,1,0,67,1,0,2,1,1,1,1,1,1,2,1,0,20.05,1263.05,0
0,0,0,0,4,1,0,0,0,2,0,0,0,0,0,0,1,50.7,151.3,1
0,1,1,0,70,1,2,1,2,2,2,2,2,2,2,1,2,113.65,7714.65,0
1,0,0,0,3,1,0,0,0,0,0,0,2,0,0,0,1,53.4,188.7,1
1,1,1,0,53,1,2,1,0,2,0,0,2,2,0,1,2,101.9,5549.4,1
1,0,1,1,2,1,0,0,2,2,0,2,0,0,2,0,3,59.5,130.5,0
0,0,1,1,29,1,0,1,0,0,0,0,2,2,0,1,1,87.8,2621.75,0
0,0,0,0,47,0,1,0,2,0,2,2,0,0,2,0,3,41.9,1875.25,0
0,0,1,1,68,1,2,1,0,0,0,0,2,0,1,1,2,83.0,5685.8,1
1,0,0,1,12,1,0,0,2,0,0,0,2,2,0,1,3,69.85,837.5,0
0,0,1,1,8,1,0,0,0,2,0,2,0,0,0,0,0,56.3,401.5,0
1,0,1,0,54,1,2,1,2,2,2,0,2,2,0,0,2,109.55,6118.95,0
1,0,1,1,69,1,0,1,0,2,0,2,2,0,2,1,3,92.15,6480.9,0
0,0,0,0,26,1,2,0,2,2,0,0,2,0,0,1,0,69.5,1800.05,0
0,0,1,0,72,1,2,1,2,2,2,2,0,0,2,1,0,97.0,7104.2,0
0,0,0,0,70,0,1,0,2,0,2,2,2,2,2,1,0,58.35,4214.25,0
1,0,0,1,1,1,0,0,2,0,0,0,0,0,0,0,3,50.6,50.6,1
1,0,0,0,10,1,0,1,0,0,0,0,2,2,0,1,2,89.5,863.1,1
0,0,1,1,28,1,0,1,0,0,0,0,0,0,1,1,0,70.4,1992.2,0
1,0,0,0,1,1,0,1,0,0,0,0,0,0,0,1,2,69.8,69.8,1
0,0,1,0,21,1,2,1,0,0,0,0,2,2,0,1,2,94.3,1948.35,0
1,1,1,0,51,1,2,1,2,0,2,0,2,0,0,1,0,93.8,4750.95,1
0,0,1,1,53,1,0,2,1,1,1,1,1,1,1,0,0,19.55,1007.9,0
1,0,0,1,53,1,0,1,2,2,2,0,0,2,1,0,2,95.95,5036.9,0
1,0,1,0,24,1,2,1,0,0,2,0,2,2,0,1,2,101.05,2391.8,1
0,0,1,0,70,1,2,0,2,2,2,2,2,2,2,1,1,94.8,6859.05,0
1,0,0,0,61,1,2,1,2,2,2,0,2,2,1,1,2,107.75,6521.9,0
0,0,0,0,11,1,0,0,2,0,0,2,0,0,1,1,3,54.6,617.85,0
1,0,0,0,2,1,0,1,0,0,0,0,0,0,0,1,1,71.3,157.75,0
1,0,0,0,25,1,0,2,1,1,1,1,1,1,1,1,0,19.5,516.3,0
0,0,0,0,41,1,2,0,0,2,0,0,0,0,1,1,1,56.3,2364.0,0
1,0,1,0,18,1,2,1,0,0,0,0,2,2,0,1,2,94.7,1687.95,1
1,1,1,0,72,1,2,1,0,2,2,0,2,2,2,1,0,104.15,7689.95,1
0,0,1,1,71,1,2,0,2,2,2,2,2,2,2,1,1,90.55,6239.05,0
0,0,1,1,34,1,0,0,2,2,2,0,0,0,1,1,3,60.8,2042.05,0
1,0,0,0,29,1,0,1,0,0,2,2,2,2,0,1,1,98.8,2807.1,0
1,1,1,0,40,1,0,1,2,2,2,2,2,0,1,1,1,98.15,4116.8,0
1,0,1,0,36,0,1,0,2,0,2,0,0,0,1,0,3,35.35,1317.95,0
0,0,1,0,46,1,2,1,0,2,0,2,2,2,1,1,2,103.15,4594.65,0
0,0,0,0,58,1,2,1,2,2,2,0,2,2,1,1,2,107.75,6332.75,0
1,0,0,0,39,1,2,1,0,2,0,0,0,0,1,0,1,81.4,3213.75,0
1,0,1,1,4,1,0,0,0,0,0,2,0,2,0,0,1,61.45,229.55,1
0,0,1,1,52,1,2,1,0,2,2,0,2,0,1,1,1,95.7,4976.15,0
1,1,1,0,70,1,2,1,0,2,2,0,2,2,1,1,2,104.8,7308.95,0
1,1,1,0,65,1,0,1,0,0,0,0,0,0,1,1,0,70.95,4555.2,0
1,0,0,0,1,1,0,0,0,0,0,0,0,0,0,1,3,44.95,44.95,0
0,0,1,0,70,1,2,1,0,0,2,0,2,2,1,1,2,97.65,6982.5,0
0,1,1,1,29,0,1,0,0,2,2,0,0,0,0,1,3,35.65,1025.15,0
1,0,0,0,1,1,0,1,0,0,0,0,2,2,0,1,2,90.55,90.55,1
0,0,0,0,67,1,2,0,2,0,2,2,2,2,2,1,3,85.25,5714.2,0
0,0,0,0,1,1,0,2,1,1,1,1,1,1,0,1,3,19.5,19.5,0
0,0,0,0,26,1,0,1,0,0,0,0,2,2,0,1,0,88.8,2274.35,1
0,0,1,1,30,1,2,2,1,1,1,1,1,1,2,1,3,25.1,789.55,0
0,0,1,0,48,1,0,1,0,0,2,2,2,2,0,1,1,100.05,4834.0,0
0,0,1,1,55,1,0,0,2,2,0,0,0,0,0,0,2,55.7,3131.8,0
1,0,0,0,7,1,2,1,0,0,0,0,0,2,0,1,3,85.2,602.55,1
1,0,0,0,37,1,2,1,2,0,0,0,2,0,0,1,2,91.15,3369.25,0
0,0,1,0,31,1,0,1,0,2,0,0,0,2,0,1,0,83.85,2674.15,0
1,0,0,0,4,1,0,0,0,0,0,0,0,0,0,1,2,45.9,199.75,0
1,0,1,1,72,1,2,2,1,1,1,1,1,1,2,1,1,25.1,1790.8,0
1,1,0,0,5,1,0,1,0,0,0,0,2,2,0,1,2,91.4,449.75,1
1,0,1,1,1,1,0,2,1,1,1,1,1,1,0,0,3,19.7,19.7,0
0,1,0,0,15,1,0,1,0,0,0,0,2,2,0,1,2,91.5,1400.3,0
1,0,1,1,8,1,0,0,2,0,0,0,0,0,0,1,1,51.3,411.6,0
0,0,0,0,35,1,0,2,1,1,1,1,1,1,1,0,3,21.1,741.0,0
0,1,0,0,56,1,2,1,0,2,2,0,2,2,0,0,2,104.75,5841.35,0
1,0,1,0,42,1,2,1,0,0,2,2,2,2,0,1,0,106.15,4512.7,1
1,1,1,1,65,1,2,1,2,2,0,0,0,0,0,1,2,85.75,5688.45,0
0,0,1,1,2,1,0,2,1,1,1,1,1,1,1,0,3,20.3,31.9,0
1,1,1,0,65,1,2,1,2,0,0,0,2,2,1,1,2,100.75,6674.65,0
0,0,0,0,18,1,2,1,0,0,0,0,0,0,0,1,2,74.15,1345.75,0
0,0,0,0,23,1,2,0,2,0,2,0,2,2,1,1,2,78.55,1843.05,0
0,0,0,0,4,1,0,0,0,0,0,0,0,0,0,1,3,45.3,196.95,1
1,0,1,0,70,1,0,2,1,1,1,1,1,1,2,0,1,19.85,1433.8,0
0,0,0,0,4,1,2,0,0,0,0,0,0,0,0,0,2,50.7,214.55,0
1,0,0,0,19,1,0,0,0,0,0,0,0,0,0,1,0,45.0,865.85,0
0,0,0,0,18,1,0,1,0,2,2,0,0,0,0,0,2,77.8,1358.6,0
0,1,1,0,38,1,0,1,2,0,0,0,0,2,0,1,2,83.45,3147.15,0
1,0,0,0,2,1,2,1,0,0,0,0,0,0,0,1,1,73.25,131.05,1
1,0,0,0,47,1,2,1,2,2,0,0,2,0,1,0,0,94.8,4535.85,0
0,0,1,1,52,1,0,2,1,1,1,1,1,1,2,0,0,20.1,1078.75,0
1,0,0,0,9,1,2,0,0,0,0,0,0,2,0,0,3,59.9,542.4,0
0,0,1,0,26,1,2,0,2,2,2,2,2,2,1,1,1,90.1,2312.55,0
1,0,1,1,8,1,0,0,0,0,2,0,0,0,0,1,2,51.05,415.05,1
1,0,1,0,44,1,0,0,0,2,2,2,2,0,1,1,2,70.95,3250.45,0
0,0,0,0,3,0,1,0,0,2,0,0,0,0,0,0,3,29.2,98.5,0
1,0,0,0,2,1,0,0,0,0,0,0,0,0,0,1,0,46.6,87.9,0
0,0,1,1,9,1,2,1,0,0,0,0,2,0,0,1,0,85.35,754.65,1
1,1,0,0,1,1,2,1,0,0,0,0,0,0,0,1,2,75.35,75.35,1
1,0,0,0,25,1,0,1,2,0,0,0,0,0,0,0,0,74.3,1952.25,0
0,1,1,0,2,1,0,1,0,0,0,0,0,0,0,1,2,69.3,153.8,0
1,0,0,0,43,1,0,1,2,0,0,0,0,0,0,1,2,75.2,3198.6,1
0,0,0,0,1,1,0,2,1,1,1,1,1,1,0,0,3,20.9,20.9,1
0,0,1,0,58,1,2,1,0,2,2,0,0,2,1,1,2,94.3,5610.15,0
0,0,1,1,59,1,2,0,2,0,2,2,2,0,2,1,3,76.45,4519.5,0
1,0,0,0,44,0,1,0,2,0,2,0,2,2,1,1,2,54.0,2440.25,0
1,0,0,0,66,1,2,1,0,2,0,2,2,2,1,1,2,104.25,6860.6,0
1,0,1,1,68,1,0,2,1,1,1,1,1,1,2,0,0,19.95,1377.7,0
1,0,0,0,9,0,1,0,0,0,0,0,0,0,0,1,2,24.95,190.25,0
1,0,0,0,19,1,2,1,2,0,2,0,0,0,0,1,2,84.75,1651.95,0
1,0,0,0,4,1,0,2,1,1,1,1,1,1,0,0,3,19.75,78.3,0
0,0,0,0,70,1,2,1,2,2,2,2,2,2,2,1,0,113.65,7939.25,0
1,0,0,0,1,1,0,0,0,0,0,0,0,0,0,1,3,44.9,44.9,0
0,0,0,0,8,1,2,1,0,0,0,0,0,0,0,1,2,75.25,576.7,0
1,0,0,0,53,1,2,2,1,1,1,1,1,1,2,0,3,24.6,1279.0,0
1,1,0,0,51,1,2,2,1,1,1,1,1,1,1,0,0,25.0,1260.7,0
1,0,1,1,11,1,0,2,1,1,1,1,1,1,0,0,0,20.95,267.35,0
1,0,1,1,60,1,2,1,2,0,2,2,2,2,2,1,2,110.6,6586.85,0
1,0,0,0,17,1,0,0,2,2,0,0,0,0,0,1,1,55.5,934.15,0
1,0,0,0,3,1,0,0,0,0,0,0,0,0,0,1,2,43.3,123.65,1
1,0,1,0,70,1,0,1,2,2,2,2,2,2,1,1,0,109.5,7534.65,1
1,0,0,0,1,1,0,2,1,1,1,1,1,1,0,0,3,19.45,19.45,0
1,1,0,0,43,1,2,1,0,0,0,0,2,0,0,1,2,84.85,3645.6,0
0,0,1,0,16,1,0,2,1,1,1,1,1,1,0,0,3,19.6,314.45,0
0,0,1,1,57,1,0,0,2,2,0,0,0,0,1,0,2,53.45,3053.0,0
1,0,1,1,37,1,0,2,1,1,1,1,1,1,1,0,1,19.8,677.05,0
0,0,1,0,72,1,2,1,2,2,2,2,2,2,2,0,1,112.1,7965.95,0
0,1,0,0,11,1,2,1,0,0,0,0,0,2,0,1,1,84.8,906.85,1
0,1,1,0,50,1,2,1,0,2,2,0,2,0,0,1,2,95.05,4888.7,1
1,1,0,0,5,1,0,0,0,0,2,0,0,0,0,0,2,50.35,237.25,1
1,0,1,0,1,1,2,1,0,0,0,0,0,0,0,1,0,74.6,74.6,1
1,0,0,0,16,1,0,2,1,1,1,1,1,1,0,1,3,19.7,342.4,1
1,1,1,0,2,1,0,1,0,0,2,0,0,0,0,1,2,74.2,140.1,0
0,0,0,0,17,1,2,0,0,0,2,2,2,0,0,1,3,69.0,1108.0,0
0,0,0,0,16,1,0,2,1,1,1,1,1,1,1,0,1,19.35,295.55,0
0,0,0,0,15,1,0,0,0,0,2,0,0,2,0,1,2,59.45,892.65,1
0,0,0,0,10,1,0,2,1,1,1,1,1,1,1,1,3,19.8,198.25,0
0,0,0,1,46,1,0,1,2,2,0,2,2,2,1,1,0,105.2,4822.85,1
1,0,1,1,64,1,2,1,0,2,2,2,2,2,2,1,1,109.2,6741.15,0
0,0,0,0,1,1,2,1,0,2,0,0,0,0,0,1,3,79.15,79.15,0
1,0,1,1,25,1,0,0,0,2,2,0,0,0,1,0,3,53.65,1355.45,0
1,0,1,1,71,1,0,1,2,2,2,2,2,0,2,0,1,100.2,7209.0,0
1,0,0,0,8,1,0,0,0,0,0,0,0,0,0,1,3,45.15,438.4,1
0,0,1,1,72,1,0,1,2,2,2,2,2,2,2,1,0,108.65,7726.35,0
0,0,1,0,49,0,1,0,2,0,0,0,2,0,0,0,0,40.65,2070.75,0
1,0,1,1,29,0,1,0,2,2,2,2,0,2,1,1,1,55.35,1636.95,0
1,0,1,0,72,1,2,1,2,2,2,2,0,2,2,0,0,105.6,7581.5,0
1,0,1,0,31,1,2,1,0,2,2,0,2,0,0,0,2,93.8,3019.5,1
0,0,0,0,50,1,2,1,0,0,0,0,2,2,0,1,2,95.7,4729.75,0
1,0,1,0,71,1,2,0,2,0,2,2,2,2,2,0,2,83.2,6126.1,0
1,1,1,0,70,1,2,0,2,2,2,2,2,2,2,0,1,90.05,6333.4,0
1,0,0,0,71,1,2,1,2,0,0,2,0,2,1,0,1,97.65,6687.85,0
1,0,1,1,61,1,0,0,2,2,2,2,0,0,2,1,0,68.05,4158.25,0
1,0,0,0,32,1,0,1,0,0,0,2,2,2,0,1,2,96.2,3183.4,1
0,0,0,1,1,1,0,1,0,0,0,0,0,2,0,1,2,79.6,79.6,1
1,0,0,0,68,1,2,1,2,2,2,0,0,2,2,1,0,102.1,7149.35,0
1,0,0,0,62,1,2,2,1,1,1,1,1,1,2,0,0,23.4,1429.65,0
0,0,0,1,7,1,0,1,0,0,0,0,0,0,0,1,2,71.05,472.65,0
1,0,0,0,20,1,2,1,0,0,0,0,2,0,0,1,2,85.25,1734.5,1
1,0,1,1,6,1,0,2,1,1,1,1,1,1,1,0,3,19.45,113.5,0
0,1,0,0,33,0,1,0,2,2,2,0,2,2,0,1,0,59.45,1884.65,0
1,0,1,1,28,1,2,1,0,0,0,0,2,2,1,0,0,92.2,2568.15,0
1,0,0,0,27,1,0,2,1,1,1,1,1,1,2,0,1,19.85,470.0,0
1,0,0,0,7,1,0,0,0,0,0,0,0,0,0,0,3,43.9,278.4,0
1,0,0,0,26,1,2,1,0,0,0,2,0,0,0,1,2,80.5,2088.8,1
1,1,0,0,5,1,2,1,0,2,0,0,0,2,0,1,2,89.8,502.6,1
1,1,0,0,30,1,2,1,2,0,0,0,0,2,0,1,1,90.5,2595.85,0
1,0,0,0,63,1,2,1,0,2,0,0,0,2,1,0,1,90.45,5825.5,0
1,0,0,0,1,1,0,0,0,2,0,0,0,0,0,1,2,50.75,50.75,1
0,0,0,1,53,1,2,0,0,2,2,2,2,2,1,1,2,84.6,4449.75,0
0,0,1,1,14,1,0,1,0,2,0,2,0,2,0,1,1,89.65,1208.35,1
0,0,0,0,21,1,0,1,0,2,0,2,2,2,0,1,0,99.15,1956.4,0
1,0,0,0,17,1,0,2,1,1,1,1,1,1,1,0,3,19.95,310.6,0
1,0,1,1,16,1,0,2,1,1,1,1,1,1,2,0,3,20.5,290.55,0
0,0,0,0,35,1,0,0,0,0,2,0,0,2,0,1,2,62.1,2096.1,0
0,1,0,0,32,1,0,1,0,0,0,0,0,2,0,1,2,79.5,2665.0,0
0,0,1,1,28,1,0,2,1,1,1,1,1,1,0,1,0,19.55,543.8,0
0,0,0,0,1,1,0,2,1,1,1,1,1,1,0,1,3,20.35,20.35,0
1,0,0,0,59,0,1,0,0,0,0,2,2,2,0,1,2,51.7,3005.8,0
0,0,1,1,72,1,2,2,1,1,1,1,1,1,1,1,0,23.3,1623.15,0
1,0,0,0,36,1,0,0,0,2,0,2,0,2,1,1,3,65.4,2498.4,1
0,0,0,0,40,1,0,0,2,2,0,0,2,0,0,0,3,65.1,2586.0,0
1,0,1,1,40,1,2,1,0,0,2,0,0,0,0,1,2,81.2,3292.3,0
0,0,0,1,9,1,0,0,0,0,2,2,2,2,0,1,3,72.9,651.4,1
1,0,1,1,63,1,0,0,2,2,2,2,2,0,2,0,1,74.5,4674.55,0
0,0,0,0,3,1,0,1,0,0,0,0,2,0,0,1,2,80.5,232.35,0
1,0,1,1,40,0,1,0,0,2,2,2,2,2,1,0,3,60.3,2448.5,0
1,0,1,0,8,1,0,1,2,0,0,0,0,0,0,1,3,75.0,658.1,0
1,1,1,0,34,1,0,1,2,0,0,2,2,0,1,0,3,90.15,3128.8,0
1,0,0,0,5,0,1,0,2,0,2,2,0,0,0,0,3,40.0,223.45,1
1,1,0,0,9,1,2,1,0,2,0,0,2,2,0,1,1,99.45,919.4,1
1,0,1,0,9,1,2,0,0,2,2,0,0,2,0,1,1,69.05,653.95,0
1,0,1,1,31,1,2,0,0,0,0,0,0,2,0,0,0,59.7,1825.5,0
0,0,1,0,50,1,0,2,1,1,1,1,1,1,1,1,0,19.85,943.1,0
0,0,0,0,2,1,0,1,2,2,0,2,0,0,0,1,2,86.25,181.65,1
0,0,0,0,1,1,0,0,0,0,0,0,0,0,0,1,2,45.65,45.65,1
1,0,0,0,8,1,0,1,0,0,0,0,0,0,0,1,3,70.1,551.35,1
0,0,0,0,9,0,1,0,0,2,0,0,0,2,0,0,2,40.75,359.4,0
0,1,0,0,2,1,0,1,0,0,0,0,0,0,0,1,0,70.2,115.95,1
0,0,0,0,3,1,0,0,2,2,0,0,0,0,0,0,2,55.35,165.2,1
1,0,1,0,25,1,0,1,0,0,0,2,2,2,0,1,1,95.7,2338.35,0
1,1,0,0,1,1,0,0,0,0,0,0,0,0,0,0,2,46.3,46.3,0
0,0,1,1,45,1,2,0,2,2,2,2,2,0,0,0,3,81.3,3541.1,0
1,1,1,1,51,1,2,1,0,2,2,0,0,0,0,1,2,84.2,4146.05,1
0,0,1,1,55,1,0,2,1,1,1,1,1,1,0,0,1,20.0,1087.25,0
0,0,0,0,38,1,2,0,2,2,2,0,0,0,0,1,0,66.15,2522.4,0
1,0,0,0,2,1,0,0,0,0,0,0,0,0,0,0,3,45.85,81.0,1
1,0,1,1,38,1,0,2,1,1,1,1,1,1,0,0,2,19.6,717.3,0
1,0,0,0,34,1,0,0,0,2,0,0,0,0,0,1,2,49.8,1734.2,0
0,0,1,0,70,1,2,1,0,0,2,0,2,2,1,1,2,101.75,7069.3,0
0,0,0,0,13,1,0,0,2,0,0,2,0,0,1,0,3,55.15,742.9,0
1,0,0,0,39,1,2,1,0,0,0,0,0,0,0,0,2,75.25,3017.65,1
0,0,0,0,61,1,2,1,0,2,2,0,2,2,1,1,2,103.95,6423.0,0
0,0,0,0,12,1,2,1,0,0,2,0,2,2,0,1,0,100.15,1164.3,1
1,0,0,0,41,1,0,1,0,2,0,2,2,2,2,1,1,99.65,4220.35,0
1,0,0,0,21,1,2,1,0,0,0,0,0,0,0,1,2,73.7,1558.7,0
1,1,0,0,55,0,1,0,0,0,2,0,2,2,1,1,0,50.05,2743.45,0
1,0,1,0,69,0,1,0,2,0,2,2,2,2,2,0,0,60.25,4055.5,0
1,1,1,1,26,1,2,1,0,2,2,0,2,2,0,0,2,105.75,2710.25,1
0,1,1,0,69,1,0,1,2,2,0,0,0,2,1,0,1,87.3,6055.55,0
0,1,1,0,18,0,1,0,0,0,2,0,2,2,0,1,2,48.35,810.7,1
1,0,1,1,47,1,2,0,0,2,0,0,0,0,0,0,2,54.25,2538.2,0
0,0,1,1,72,1,0,0,2,2,2,2,2,2,2,0,0,85.3,6129.2,0
1,1,1,0,33,0,1,0,0,2,2,2,2,0,0,1,2,50.0,1750.85,0
0,0,1,1,2,0,1,0,0,0,0,0,0,0,0,1,3,24.4,36.55,1
0,0,1,1,72,1,2,0,2,2,2,2,2,2,2,0,1,90.95,6652.45,0
1,1,1,0,37,1,0,1,0,0,0,0,0,0,0,1,0,72.25,2575.45,0
0,1,1,1,62,1,2,1,0,2,2,0,0,2,0,1,1,96.1,6019.35,0
0,0,1,0,71,1,0,2,1,1,1,1,1,1,2,0,1,19.85,1379.6,0
1,0,0,1,23,1,0,0,0,2,0,2,0,0,0,1,0,55.3,1284.2,0
0,0,0,0,16,1,0,2,1,1,1,1,1,1,1,0,3,20.1,296.15,0
1,0,0,0,9,1,0,0,2,0,2,2,2,0,0,1,3,69.5,653.25,0
1,0,1,1,17,1,2,2,1,1,1,1,1,1,2,1,3,25.15,412.6,0
0,0,0,0,4,1,0,2,1,1,1,1,1,1,0,0,0,20.95,85.5,1
0,1,1,0,1,1,0,0,2,0,0,0,0,0,0,1,2,49.55,49.55,1
0,0,1,0,24,1,2,1,0,0,2,0,0,0,0,1,3,79.65,1928.7,0
0,1,0,0,1,1,0,1,0,0,0,0,0,0,0,1,2,71.25,71.25,0
1,1,0,0,72,1,2,1,2,2,2,2,2,2,2,0,0,113.8,7845.8,0
0,0,1,0,72,1,2,2,1,1,1,1,1,1,2,0,2,24.55,1750.7,0
0,0,0,1,11,1,0,2,1,1,1,1,1,1,0,0,1,19.7,216.2,0
1,0,0,0,9,1,0,2,1,1,1,1,1,1,0,0,3,20.25,178.5,1
0,1,1,0,2,1,0,0,0,2,0,0,0,0,0,0,1,50.15,115.1,1
0,1,1,0,60,1,2,1,0,0,2,0,2,2,1,1,1,100.5,6029.0,0
1,1,1,0,29,1,2,1,0,2,2,0,0,2,0,1,2,95.9,2745.2,1
0,0,0,0,49,1,0,0,0,0,2,2,2,2,2,1,0,74.45,3721.9,0
0,1,0,0,30,1,2,1,0,2,2,0,2,2,0,1,2,104.1,3121.1,0
0,0,1,0,53,1,0,2,1,1,1,1,1,1,1,0,1,19.05,990.45,0
1,0,0,1,39,1,2,2,1,1,1,1,1,1,2,0,3,25.0,1004.35,0
0,0,0,0,9,1,0,2,1,1,1,1,1,1,0,0,3,19.05,157.65,0
1,0,0,0,39,1,0,1,0,0,2,2,0,0,1,0,2,81.9,3219.75,0
1,1,0,0,8,1,0,1,0,0,0,0,0,0,0,1,2,69.7,572.85,0
0,0,1,1,51,1,2,1,0,0,2,0,0,2,1,1,2,90.15,4554.85,0
1,0,1,1,71,1,2,2,1,1,1,1,1,1,2,0,1,25.35,1847.55,0
1,1,0,0,71,1,2,2,1,1,1,1,1,1,2,1,3,24.65,1766.75,0
0,1,1,0,70,1,0,2,1,1,1,1,1,1,2,1,1,19.55,1462.05,0
0,1,0,0,1,0,1,0,0,0,0,0,0,0,0,0,2,25.25,25.25,1
1,0,1,0,38,0,1,0,2,2,0,2,2,2,2,1,0,60.0,2193.2,0
0,0,1,0,28,1,0,1,0,2,2,0,0,2,0,0,1,89.9,2433.5,0
0,0,1,0,32,1,0,2,1,1,1,1,1,1,0,0,0,19.4,641.15,0
1,1,1,0,49,1,0,0,0,2,0,0,0,0,2,0,3,49.8,2398.4,0
0,0,1,1,37,1,2,2,1,1,1,1,1,1,2,1,0,24.1,861.85,0
0,0,0,0,10,1,0,0,0,0,2,2,0,0,0,0,2,54.25,583.0,0
1,0,1,0,67,1,2,1,2,2,2,0,2,2,1,0,1,109.9,7332.4,0
1,0,0,0,7,0,1,0,0,0,2,2,0,0,1,1,1,35.5,249.55,0
0,0,0,0,51,1,0,1,0,0,0,0,2,2,1,0,1,87.55,4475.9,0
0,0,0,0,9,1,0,0,0,0,0,0,0,0,0,0,2,45.15,416.45,1
0,0,0,0,9,1,0,1,0,0,0,0,2,2,0,1,3,88.4,788.6,0
1,0,0,0,4,1,0,0,0,0,0,2,0,0,0,1,3,50.8,202.3,0
1,0,1,0,71,1,2,1,2,2,2,0,2,0,2,1,2,99.0,6994.6,0
0,0,1,1,50,1,2,1,0,0,0,0,2,0,0,1,0,84.4,4116.15,1
0,1,1,1,24,1,0,1,0,0,2,0,2,2,2,1,2,96.55,2263.45,0
1,0,1,0,22,1,0,0,2,0,0,0,2,0,1,1,0,59.75,1374.35,0
1,0,0,0,44,1,2,1,2,2,2,0,2,2,0,1,2,111.5,4915.15,0
0,0,1,1,33,1,2,2,1,1,1,1,1,1,0,0,0,24.25,838.5,0
0,0,0,0,1,1,2,1,0,0,0,0,0,0,0,1,2,75.1,75.1,1
0,0,1,0,54,1,2,0,0,0,0,0,2,2,1,1,1,70.15,3715.65,1
1,0,0,0,42,1,2,1,0,2,0,0,2,2,0,1,2,101.75,4273.45,1
0,0,0,0,1,1,0,0,0,0,0,0,0,0,0,0,2,45.8,45.8,1
0,0,0,0,1,1,0,2,1,1,1,1,1,1,0,0,3,20.5,20.5,0
1,0,0,0,30,1,0,0,2,2,0,2,2,0,1,0,2,70.4,2044.75,0
0,0,0,0,1,0,1,0,0,0,0,2,0,0,0,0,3,30.55,30.55,0
1,0,1,1,16,1,2,0,2,2,0,2,2,2,0,0,2,84.9,1398.25,0
1,0,0,0,1,1,0,2,1,1,1,1,1,1,0,1,3,20.1,20.1,1
1,0,1,0,9,0,1,0,0,0,0,2,2,0,0,0,3,40.65,328.95,1
1,1,1,0,46,1,2,1,0,0,2,0,2,2,0,1,2,101.0,4680.05,1
1,0,0,0,1,1,0,1,0,0,0,0,0,0,0,1,2,69.1,69.1,1
1,0,1,0,71,1,0,0,2,0,0,2,0,0,2,0,0,54.5,3778.2,0
1,0,0,0,43,1,2,1,0,0,0,0,0,0,0,1,1,75.35,3161.4,0
1,0,1,0,50,0,1,0,2,0,0,2,2,0,1,1,0,44.45,2188.45,0
0,0,0,0,13,1,2,1,0,0,0,0,0,0,0,1,3,75.0,999.45,1
1,0,1,1,19,1,0,1,0,2,0,2,2,2,1,0,0,100.0,1888.65,1
0,0,0,0,41,1,2,1,0,0,2,0,2,2,0,0,0,98.05,3990.6,0
0,1,0,0,1,1,0,1,0,0,0,0,0,0,0,1,2,71.15,71.15,1
0,0,0,0,24,0,1,0,0,2,2,0,2,2,0,1,1,54.15,1240.25,1
0,0,1,0,40,1,2,0,0,2,0,0,2,0,1,0,0,63.9,2635.0,0
0,0,1,1,3,1,2,0,0,2,2,0,2,0,0,1,0,69.15,235.0,0
0,0,0,0,37,1,2,0,2,0,0,0,2,0,1,0,0,64.65,2347.85,0
0,0,1,1,67,1,2,1,2,0,2,2,2,2,2,1,1,108.75,7156.2,1
0,0,1,1,32,1,2,1,0,2,0,0,2,2,0,1,2,98.85,3089.6,0
0,0,1,0,6,1,0,0,0,0,0,2,0,0,0,1,2,49.15,270.8,1
0,0,1,1,32,1,2,1,2,0,0,0,2,0,0,0,2,89.6,2901.8,0
0,0,0,0,59,1,2,1,0,2,2,0,0,0,0,1,2,83.25,4949.1,0
0,0,1,0,30,1,0,0,0,2,2,2,0,2,1,0,0,70.25,2198.9,0
1,0,0,1,20,1,0,2,1,1,1,1,1,1,0,1,2,19.4,374.5,1
0,0,1,1,27,1,2,2,1,1,1,1,1,1,2,0,2,24.5,761.95,0
0,1,0,0,20,1,2,1,2,0,0,0,0,0,0,1,2,79.15,1520.9,1
1,0,0,1,9,1,0,2,1,1,1,1,1,1,1,0,3,20.1,190.25,0
0,0,1,1,68,1,2,0,2,2,2,0,2,0,1,1,1,73.0,5163.0,0
0,0,1,1,69,1,2,0,2,0,0,2,0,0,2,0,1,61.4,4059.85,0
1,0,0,0,26,1,2,1,0,0,2,2,0,0,0,1,3,84.3,2281.6,0
1,0,1,1,69,1,0,2,1,1,1,1,1,1,2,0,0,19.9,1356.7,0
1,0,0,0,11,1,0,2,1,1,1,1,1,1,2,0,3,20.4,231.45,0
1,0,0,0,1,1,2,0,0,0,0,0,0,0,0,0,3,50.75,50.75,0
1,0,1,1,10,1,0,2,1,1,1,1,1,1,1,0,3,20.45,242.4,0
0,0,1,1,55,1,2,0,2,2,0,2,0,2,1,1,0,75.75,4264.25,0
1,0,0,0,44,1,0,0,2,0,0,2,2,0,1,0,2,65.4,2774.55,0
1,1,1,0,46,1,0,1,0,0,0,0,0,2,0,1,2,80.4,3605.2,1
1,0,1,1,69,1,0,0,2,2,2,0,0,0,2,1,0,59.75,4069.9,0
1,1,0,0,11,1,0,1,0,0,0,0,0,2,0,1,2,78.5,874.2,0
0,0,1,0,11,1,2,1,0,2,0,0,2,2,0,1,2,102.0,1145.35,1
1,0,0,0,29,1,0,0,0,0,2,0,0,0,0,0,0,48.95,1323.7,0
0,0,1,0,57,1,2,1,2,0,0,0,2,2,0,1,2,99.65,5497.05,0
1,0,0,0,28,1,0,2,1,1,1,1,1,1,1,0,1,18.25,534.7,0
0,0,0,0,42,1,0,0,2,0,2,0,0,0,0,0,1,54.55,2455.05,0
0,0,0,0,2,1,0,2,1,1,1,1,1,1,0,0,3,20.65,38.7,1
1,0,0,1,23,0,1,0,2,2,0,2,0,0,1,0,0,40.65,947.4,0
0,0,1,1,18,1,0,2,1,1,1,1,1,1,0,0,3,20.45,357.0,0
1,0,1,1,62,1,2,2,1,1,1,1,1,1,1,0,0,24.8,1476.25,0
0,0,0,0,1,1,0,1,0,0,0,0,0,0,0,1,3,70.8,70.8,1
1,0,0,0,16,1,2,1,0,0,0,2,0,2,0,1,1,89.05,1448.6,1
0,0,0,0,3,1,2,1,0,0,0,0,2,2,0,1,2,96.6,291.9,1
1,0,0,0,67,1,2,0,2,2,2,2,2,2,1,1,0,88.8,5903.15,0
1,0,0,0,62,1,0,2,1,1,1,1,1,1,2,1,1,20.05,1201.65,0
0,0,1,0,57,1,2,1,0,2,2,0,2,2,0,1,1,104.5,5921.35,1
1,0,0,0,2,1,0,1,0,0,0,0,0,0,0,1,2,69.8,146.65,0
0,0,1,1,23,1,2,0,2,0,2,2,2,0,2,1,0,77.15,1759.4,0
0,0,0,1,25,0,1,0,2,0,0,2,0,0,2,0,0,35.05,844.45,0
0,1,0,0,72,1,2,1,0,2,2,2,2,2,2,1,0,108.1,7774.05,0
0,0,1,0,2,1,2,1,0,0,0,0,2,0,0,1,2,84.05,134.05,0
0,0,0,0,8,1,0,2,1,1,1,1,1,1,1,1,0,20.2,140.95,0
0,0,0,0,5,1,2,0,0,0,0,0,0,0,0,1,3,50.6,249.95,1
1,0,0,0,35,0,1,0,0,0,2,0,2,2,0,0,2,49.2,1701.65,0
1,0,0,0,24,1,2,2,1,1,1,1,1,1,1,0,2,24.6,592.65,0
0,0,1,1,2,1,0,1,0,0,0,0,0,0,0,1,2,71.65,135.75,0
1,0,1,1,72,1,2,1,2,2,2,2,0,2,2,1,1,104.9,7732.65,0
0,0,0,0,41,1,2,1,2,2,2,2,2,0,0,1,2,106.5,4282.4,0
1,0,0,1,4,1,0,0,2,0,0,0,0,0,0,0,2,49.35,219.65,1
1,0,0,0,26,1,0,1,0,2,0,0,0,0,1,0,0,75.5,2018.1,0
1,0,0,0,7,1,0,1,0,2,0,0,2,2,0,1,2,94.25,669.0,1
0,0,1,0,1,1,0,1,0,0,0,0,0,0,0,1,2,68.95,68.95,1
0,0,1,1,4,1,2,0,0,2,0,2,0,0,0,1,3,58.5,224.85,0
1,0,0,0,48,1,0,0,0,2,2,2,2,2,2,0,1,78.9,3771.5,0
1,1,0,0,2,1,2,1,0,0,0,0,2,2,0,1,2,93.85,196.75,1
0,1,1,0,12,1,0,0,2,0,2,2,2,2,1,1,2,79.2,943.85,0
1,0,1,0,60,1,2,1,2,0,2,2,2,2,0,1,0,109.45,6572.85,0
1,0,0,0,55,1,0,0,2,0,2,2,0,0,2,1,2,59.2,3175.85,0
1,0,0,0,1,0,1,0,0,0,0,2,0,0,0,0,3,29.15,29.15,0
1,0,0,0,1,1,0,2,1,1,1,1,1,1,0,0,3,20.05,20.05,0
1,0,0,0,4,1,2,1,0,0,0,0,0,0,0,1,2,76.05,318.9,1
1,0,0,0,1,0,1,0,0,0,0,0,0,0,0,1,3,24.45,24.45,1
0,0,0,0,42,1,0,0,0,0,2,2,0,2,2,0,1,66.5,2762.75,0
0,0,0,0,1,1,0,0,2,0,0,0,0,0,0,0,0,49.55,49.55,0
1,0,0,0,7,1,2,1,0,0,2,0,2,0,0,1,1,89.35,631.85,1
1,0,0,0,3,1,0,1,0,0,2,0,0,0,0,1,1,73.6,232.5,0
0,0,1,0,72,1,2,0,2,2,2,0,2,2,2,1,1,82.65,5919.35,0
1,0,0,0,15,1,2,0,0,0,0,0,0,0,0,1,2,49.0,749.25,0
1,0,1,0,4,1,0,1,0,0,0,0,2,0,0,1,2,80.35,307.4,1
0,0,0,0,11,1,2,2,1,1,1,1,1,1,1,0,2,25.2,245.15,0
0,0,0,0,5,1,2,2,1,1,1,1,1,1,0,0,3,25.45,134.75,0
0,1,0,0,1,1,0,0,2,0,2,0,0,0,0,1,2,55.8,55.8,1
1,0,1,0,72,1,2,1,2,0,2,2,2,2,2,1,1,110.9,8240.85,0
0,0,1,0,55,1,2,1,0,2,0,0,0,0,0,1,1,77.75,4266.4,0
0,0,1,1,40,1,2,2,1,1,1,1,1,1,0,1,2,26.2,1077.5,0
0,0,1,0,57,1,0,2,1,1,1,1,1,1,2,0,0,19.9,1115.6,0
1,0,0,0,1,1,0,1,0,0,0,0,2,0,0,1,2,79.05,79.05,1
1,0,1,0,1,1,0,1,2,0,0,0,2,2,0,1,2,95.0,95.0,1
0,0,0,0,1,0,1,0,0,0,0,0,0,0,0,0,3,25.2,25.2,1
1,1,1,1,52,1,2,0,0,2,2,0,2,2,1,1,2,80.85,4079.55,0
1,1,0,0,41,1,2,1,0,0,2,0,2,2,0,1,2,98.4,4187.75,1
1,0,1,0,43,1,0,0,0,0,0,0,2,0,1,1,3,56.35,2391.15,0
0,0,1,1,47,1,0,2,1,1,1,1,1,1,2,0,0,19.3,890.5,0
1,0,0,0,3,1,2,0,0,0,0,0,0,0,0,0,0,50.4,137.25,0
1,1,1,1,66,1,2,0,2,2,2,2,2,0,2,0,1,79.4,5154.6,1
1,0,1,1,55,1,0,0,0,0,2,2,0,0,2,1,1,55.25,3119.9,0
1,0,0,0,29,1,0,2,1,1,1,1,1,1,1,0,3,19.1,529.5,0
0,0,0,1,12,1,2,1,0,0,0,0,2,0,0,1,2,84.05,966.55,0
0,0,1,0,66,1,2,1,0,2,2,0,2,2,0,1,2,105.2,6936.85,0
1,1,0,0,35,1,2,1,0,0,2,0,2,2,0,1,2,101.4,3496.3,1
1,1,1,0,10,1,2,1,0,0,2,0,0,2,0,1,2,89.8,914.3,1
1,0,1,1,27,1,2,1,0,0,0,0,0,0,0,1,0,75.75,1929.0,0
0,0,0,0,58,1,0,1,0,0,0,2,2,2,0,1,2,95.3,5817.7,0
1,0,1,0,54,1,0,1,2,2,2,2,2,2,2,0,0,109.75,6110.2,1
1,0,0,0,9,1,0,2,1,1,1,1,1,1,0,0,3,19.85,178.8,0
1,0,0,0,2,1,0,2,1,1,1,1,1,1,1,0,1,19.3,28.3,1
1,0,0,0,6,1,0,1,0,0,0,0,0,0,0,1,2,69.1,435.0,0
0,1,0,0,26,1,0,1,0,0,0,0,2,2,0,1,2,91.25,2351.8,1
0,0,0,0,9,1,0,2,1,1,1,1,1,1,0,0,3,20.25,186.15,0
1,0,1,0,8,1,0,0,0,2,2,0,0,0,0,1,3,54.75,445.85,0
1,0,0,0,12,1,0,1,0,0,0,0,2,0,0,1,2,81.45,912.0,0
0,0,0,0,15,1,2,0,0,0,0,0,0,0,0,1,2,49.1,679.55,1
1,0,1,0,43,1,2,0,2,0,2,0,2,2,1,1,2,80.2,3581.6,0
1,0,0,0,42,1,2,1,0,0,0,2,2,2,0,1,2,100.3,4222.95,0
0,0,0,0,31,1,2,0,2,0,2,2,0,0,0,0,1,65.25,1994.3,1
0,0,0,1,66,1,2,1,2,0,2,2,0,0,2,1,1,90.95,5930.05,0
0,1,0,0,18,1,2,1,0,2,0,2,0,0,0,1,2,85.45,1505.85,1
1,0,0,0,1,1,0,2,1,1,1,1,1,1,0,0,3,20.0,20.0,0
1,0,1,0,61,1,2,1,0,2,0,2,2,0,2,1,2,94.1,5638.3,1
1,0,0,0,10,1,2,1,0,2,0,0,0,0,0,0,2,79.85,797.25,0
1,1,0,0,1,1,0,1,0,0,0,0,0,0,0,1,2,71.65,71.65,1
0,1,0,0,18,1,0,1,0,2,0,0,0,0,0,1,2,73.55,1359.45,0
1,0,1,0,24,1,2,1,0,2,2,0,2,2,0,1,2,104.65,2542.45,1
0,0,1,1,3,1,0,2,1,1,1,1,1,1,0,0,3,19.3,54.7,0
1,0,0,0,50,1,0,2,1,1,1,1,1,1,1,0,1,20.15,989.05,0
1,0,1,1,1,1,0,0,0,0,0,0,0,0,0,0,2,44.55,44.55,0
1,0,0,0,2,1,0,0,2,0,0,2,0,0,0,1,3,54.45,87.3,0
1,0,0,0,17,1,0,2,1,1,1,1,1,1,1,1,0,19.65,351.55,0
1,0,1,1,69,1,2,1,0,2,2,0,2,2,2,1,2,105.0,7297.75,0
1,0,1,0,72,1,2,0,2,2,2,2,2,2,2,1,1,88.7,6301.7,0
0,0,0,0,3,1,2,1,0,0,0,0,0,0,0,1,2,74.25,210.3,1
1,1,1,1,50,1,2,0,2,2,2,0,0,2,2,1,0,75.15,3822.45,0
0,0,0,0,53,1,0,2,1,1,1,1,1,1,2,0,3,20.25,1048.45,0
0,0,1,0,58,1,2,1,2,2,0,2,2,2,2,1,1,109.1,6393.65,0
1,0,0,0,46,0,1,0,2,0,0,0,0,0,1,1,0,30.75,1489.3,0
1,1,1,0,72,1,2,1,2,2,2,2,2,2,0,1,1,112.9,8061.5,0
0,1,0,0,1,1,2,1,0,0,0,0,0,0,0,1,2,74.2,74.2,1
0,0,1,1,6,1,2,1,0,2,2,0,2,0,0,1,3,94.05,518.75,0
1,0,1,0,72,1,2,0,2,2,2,2,0,2,2,0,0,78.85,5763.15,0
1,0,0,0,4,1,0,0,0,0,0,0,0,2,0,1,3,55.3,238.5,0
0,0,1,1,52,1,0,2,1,1,1,1,1,1,2,0,3,19.35,1031.7,0
0,0,0,0,2,1,0,2,1,1,1,1,1,1,1,0,3,20.45,34.8,0
0,0,1,0,65,1,0,2,1,1,1,1,1,1,2,0,0,19.35,1319.95,0
1,1,1,0,43,1,2,1,0,2,0,0,2,2,0,1,2,101.0,4388.4,1
1,0,1,0,4,1,2,1,0,2,0,0,2,2,0,1,2,100.2,420.2,1
1,1,1,0,25,1,2,1,2,0,0,0,0,2,1,1,2,89.05,2177.45,1
0,0,1,0,51,1,2,0,0,2,0,2,2,2,1,1,1,78.65,3950.85,0
1,0,0,0,12,1,2,0,0,0,2,0,2,2,0,0,0,74.75,827.05,0
0,0,1,1,57,1,0,0,2,0,0,0,2,2,1,1,0,70.1,3913.3,1
0,0,1,1,24,1,0,2,1,1,1,1,1,1,1,0,3,19.9,533.5,0
0,0,1,0,64,1,2,0,0,0,2,2,0,0,1,0,0,58.35,3756.45,0
0,0,0,0,4,1,0,1,0,2,2,2,2,2,1,1,2,105.65,443.9,1
0,0,0,0,26,1,2,1,0,0,2,0,2,2,0,1,0,100.5,2599.95,0
0,0,1,1,15,1,0,2,1,1,1,1,1,1,0,0,3,20.05,284.3,0
1,1,1,0,64,1,2,2,1,1,1,1,1,1,2,0,1,25.65,1740.8,0
1,1,1,0,36,1,2,1,0,2,0,0,2,2,0,1,2,96.5,3436.1,1
0,0,1,0,27,1,2,1,0,0,0,0,2,2,0,0,1,95.0,2462.55,0
1,1,1,0,1,1,0,1,0,0,0,0,0,0,0,0,3,70.85,70.85,1
0,0,0,0,35,1,2,0,2,0,2,2,2,2,1,1,1,85.95,3110.1,1
1,0,0,0,4,1,0,1,0,0,2,0,0,0,0,1,2,73.9,280.85,1
0,0,1,1,8,1,0,0,0,0,0,0,0,0,0,1,2,45.45,411.75,0
1,0,0,0,10,1,0,2,1,1,1,1,1,1,0,1,1,20.0,198.6,0
0,0,0,0,2,1,0,0,0,2,0,0,0,0,0,0,3,49.2,103.7,0
0,0,1,0,58,1,2,1,2,2,2,0,2,2,2,1,0,109.45,6144.55,1
1,0,1,0,51,1,0,0,2,2,2,2,2,2,2,1,1,83.25,4089.45,0
0,0,1,1,46,1,0,2,1,1,1,1,1,1,2,1,3,19.25,864.2,0
1,0,0,0,1,1,0,2,1,1,1,1,1,1,0,1,0,19.65,19.65,0
1,0,0,0,46,1,2,1,0,0,0,0,0,0,0,0,0,72.8,3249.4,0
0,0,1,0,50,1,2,1,2,2,0,2,2,2,0,1,0,109.65,5405.8,0
1,0,1,1,53,1,0,0,0,2,0,2,2,0,0,0,1,65.0,3363.8,0
1,0,1,0,61,1,2,1,0,2,2,2,2,2,0,1,2,114.1,7132.15,0
1,0,0,0,5,1,0,2,1,1,1,1,1,1,0,0,0,20.65,93.55,0
1,0,0,0,47,1,0,0,2,2,2,2,2,2,1,1,0,86.95,4138.9,0
0,0,0,0,54,1,2,1,0,2,2,0,2,0,1,1,0,94.75,5121.75,0
1,0,0,1,19,0,1,0,0,0,0,0,0,0,0,1,1,25.35,566.1,0
0,0,0,1,26,1,0,1,0,2,2,2,2,2,2,1,2,105.45,2715.3,0
1,0,1,1,70,1,2,2,1,1,1,1,1,1,2,0,3,25.4,1782.05,0
1,0,1,0,17,1,2,1,0,2,2,0,2,2,0,1,2,102.55,1742.5,0
0,0,0,0,30,1,2,1,0,2,0,0,2,2,0,1,2,100.2,2983.8,1
0,0,0,1,1,1,2,2,1,1,1,1,1,1,0,0,3,24.0,24.0,0
0,0,1,1,19,1,2,2,1,1,1,1,1,1,2,0,3,25.6,485.9,0
0,0,1,0,26,1,0,0,0,2,2,0,2,2,2,1,1,73.5,1905.7,0
0,0,1,1,21,1,0,1,0,2,0,0,0,0,0,1,0,74.05,1565.7,1
1,0,1,0,50,1,2,1,0,2,0,0,2,2,1,1,2,98.25,4858.7,0
0,0,1,0,68,0,1,0,2,0,2,0,2,2,1,1,2,54.4,3723.65,0
1,0,0,0,3,1,2,1,0,0,2,0,2,2,0,1,0,101.55,298.35,1
1,0,1,1,9,1,0,1,0,0,2,2,2,2,0,0,2,103.1,970.45,0
0,0,1,1,51,0,1,0,2,0,0,2,0,0,2,0,0,34.2,1782.0,0
0,0,0,0,9,1,0,0,0,0,0,0,0,0,0,1,2,43.75,405.7,0
1,1,1,1,41,1,2,1,0,2,2,2,2,2,1,1,2,111.95,4534.9,1
1,0,0,0,22,1,2,1,0,2,0,0,2,2,0,1,2,100.65,2415.95,0
0,0,1,1,21,0,1,0,2,0,2,0,2,2,1,1,2,55.95,1157.05,1
1,0,1,1,71,1,2,1,2,2,2,2,2,2,2,1,0,116.05,8297.5,0
1,0,0,0,1,1,0,0,0,0,0,0,0,0,0,0,2,45.75,45.75,1
1,0,1,1,26,1,2,0,0,0,2,2,2,2,1,1,1,82.0,2083.1,0
1,0,1,0,71,1,2,0,2,2,0,2,0,0,2,0,0,65.15,4681.75,0
1,0,0,0,4,1,0,0,0,0,0,0,0,0,0,1,1,44.8,176.2,0
0,0,0,0,12,1,2,1,2,0,0,0,0,0,0,1,2,79.8,1001.2,0
0,0,1,0,18,1,2,1,0,0,0,2,2,0,0,1,2,88.85,1594.75,0
0,0,0,0,3,1,2,1,0,0,0,0,0,0,0,1,2,74.95,212.4,0
0,1,1,0,72,1,2,1,2,2,0,0,2,2,1,1,0,106.85,7677.4,0
1,0,0,0,11,1,0,1,0,2,0,0,0,0,0,0,2,74.95,815.5,1
0,0,0,0,1,1,0,1,0,0,0,0,0,2,0,0,1,80.15,80.15,1
1,0,0,0,13,1,0,2,1,1,1,1,1,1,1,0,1,19.3,259.65,0
0,0,1,0,72,1,2,1,0,2,2,2,2,2,1,1,2,109.25,8109.8,1
1,0,1,0,42,1,2,0,2,0,0,0,0,0,1,0,1,56.1,2386.85,0
0,0,0,0,17,1,0,2,1,1,1,1,1,1,0,0,1,19.7,340.35,0
0,1,0,0,7,1,0,0,0,2,0,0,0,0,0,1,3,51.3,419.35,0
0,0,1,0,68,1,2,1,2,2,2,2,2,2,2,0,3,118.6,7990.05,0
1,0,1,1,56,1,2,2,1,1,1,1,1,1,2,0,0,24.15,1402.25,0
0,0,1,1,38,1,0,2,1,1,1,1,1,1,1,0,3,20.3,749.35,0
0,0,1,1,72,1,2,1,2,2,2,2,2,2,2,1,2,115.5,8425.15,0
0,0,0,0,48,1,2,2,1,1,1,1,1,1,1,0,1,25.05,1171.5,0
0,1,1,0,52,1,2,1,2,2,2,0,2,2,0,1,2,109.1,5647.95,0
0,0,1,1,35,1,0,2,1,1,1,1,1,1,1,0,3,19.65,708.8,0
1,0,1,0,67,1,2,1,0,2,2,2,2,2,2,1,0,111.3,7567.2,0
0,0,0,0,1,0,1,0,2,0,0,0,0,0,0,0,3,29.9,29.9,0
1,0,0,0,53,1,0,1,0,2,0,2,0,0,0,1,3,80.6,4348.1,0
1,0,1,1,34,1,0,2,1,1,1,1,1,1,0,0,3,20.8,635.9,0
0,0,0,0,3,0,1,0,0,0,0,0,2,0,0,0,1,35.2,108.95,1
0,0,1,0,1,1,0,1,0,0,0,0,2,0,0,0,2,78.8,78.8,1
1,0,0,0,19,1,0,1,0,0,2,2,2,0,0,0,3,89.95,1682.4,0
0,1,1,0,60,1,2,1,2,2,2,2,2,2,2,1,0,116.05,6925.9,0
1,0,0,0,11,1,0,2,1,1,1,1,1,1,2,0,1,19.55,223.15,0
0,0,0,0,47,1,2,1,0,2,2,0,2,2,0,1,2,106.4,5127.95,1
1,0,0,0,18,1,0,0,2,0,0,0,0,0,0,0,2,49.4,874.8,1
0,0,1,1,60,1,2,1,2,2,2,2,2,2,2,0,1,115.25,6758.45,0
1,0,1,0,72,1,2,2,1,1,1,1,1,1,2,0,1,24.8,1874.3,0
1,0,0,0,39,1,0,2,1,1,1,1,1,1,1,0,3,19.9,791.15,0
0,0,1,0,59,1,0,1,2,0,2,0,0,0,1,1,1,81.25,4639.45,0
1,0,1,1,2,1,0,1,0,0,0,0,0,0,0,0,3,69.95,143.9,0
1,1,0,0,1,1,0,1,0,0,0,0,0,0,0,0,2,69.1,69.1,1
1,0,1,1,20,1,0,1,0,0,0,0,2,2,0,1,2,90.2,1776.55,1
0,0,0,0,6,1,2,1,0,0,0,0,2,2,0,1,0,93.55,536.4,1
1,0,0,0,71,1,2,1,0,0,2,2,0,0,2,1,1,86.4,6172.0,0
0,0,1,0,24,1,2,0,2,2,2,0,0,0,0,0,3,66.3,1559.45,0
1,1,1,0,67,1,2,1,0,0,0,0,2,2,0,1,1,94.65,6079.0,0
1,0,0,0,1,1,0,1,0,0,0,0,0,2,0,1,3,80.85,80.85,1
0,0,1,1,48,1,2,1,0,0,0,0,0,2,1,1,3,82.05,4029.95,1
0,0,1,0,37,1,2,0,0,2,0,2,0,2,1,0,3,72.1,2658.4,0
1,0,0,0,11,0,1,0,0,2,2,0,0,0,0,0,3,34.7,383.55,0
1,0,1,0,3,1,0,2,1,1,1,1,1,1,0,1,1,20.55,51.15,1
0,0,1,0,18,1,0,1,0,0,2,0,2,2,0,1,1,95.95,1745.5,0
1,0,1,1,50,1,0,0,0,0,0,0,0,0,1,1,0,44.8,2230.85,0
0,0,1,1,67,1,2,1,2,0,2,2,2,2,1,1,2,109.4,7281.6,0
0,0,1,0,25,1,0,0,2,2,0,2,0,2,0,1,3,71.05,1837.7,0
0,1,0,0,2,1,2,1,0,0,2,0,0,0,0,1,2,78.55,149.55,1
1,0,0,0,9,1,0,2,1,1,1,1,1,1,0,0,1,19.7,180.7,0
0,0,0,1,10,0,1,0,2,2,0,2,0,0,1,0,3,40.25,411.45,0
0,0,1,0,70,1,0,2,1,1,1,1,1,1,2,0,1,19.85,1328.35,0
1,0,0,0,9,1,0,0,2,0,2,2,0,2,0,1,0,68.25,576.95,0
0,0,0,0,4,1,0,2,1,1,1,1,1,1,0,1,1,20.15,68.45,0
0,0,0,0,2,1,0,0,2,0,0,0,0,0,0,0,3,50.95,123.05,0
0,0,0,1,1,1,0,1,0,0,0,0,0,2,0,0,2,78.65,78.65,1
1,0,0,0,19,0,1,0,0,0,0,0,0,0,0,1,0,25.15,468.35,0
1,0,1,1,7,1,0,2,1,1,1,1,1,1,0,1,0,20.25,174.7,0
1,0,0,0,1,1,0,0,0,0,0,0,0,0,0,1,2,42.9,42.9,1
1,1,0,0,1,1,0,0,0,0,0,0,0,0,0,0,2,44.0,44.0,0
0,0,1,1,9,1,0,2,1,1,1,1,1,1,1,0,3,20.25,172.35,0
0,0,0,0,3,0,1,0,2,0,0,2,0,0,0,0,3,34.25,139.35,1
0,0,0,0,9,0,1,0,2,0,2,2,2,2,0,0,3,58.5,539.85,1
0,0,0,0,5,1,0,0,2,0,2,0,0,0,0,0,1,55.8,300.4,0
0,0,1,1,56,1,0,1,0,0,0,0,2,2,1,0,0,88.9,4968.0,0
0,0,0,1,18,1,2,0,2,0,0,0,0,0,0,0,3,57.65,992.7,0
1,1,0,0,49,1,2,1,0,0,0,0,2,2,0,1,2,96.2,4718.25,1
1,0,1,0,70,1,2,0,2,2,2,2,2,0,2,0,3,79.15,5536.5,0
0,0,0,0,72,1,2,1,0,2,2,2,2,2,2,1,1,108.05,7806.6,0
0,1,0,0,6,1,0,1,0,0,2,0,0,0,0,0,2,74.4,434.1,1
1,1,1,0,17,1,2,1,0,0,0,0,2,2,0,1,2,94.8,1563.9,0
1,0,1,0,29,0,1,0,0,0,0,0,2,2,0,1,2,45.9,1332.4,0
0,0,1,0,6,1,2,1,0,2,2,0,2,2,0,1,2,105.3,545.2,1
1,0,1,0,63,1,2,1,0,0,2,0,2,2,2,0,2,102.6,6296.75,0
1,0,1,0,16,1,2,1,0,0,0,0,0,0,0,1,0,73.85,1284.2,1
1,0,0,0,59,1,0,0,0,0,2,0,0,2,1,1,0,61.35,3645.5,0
0,0,0,0,3,1,0,0,0,0,2,0,2,0,0,0,2,57.55,161.45,0
0,0,0,0,8,0,1,0,0,2,0,0,0,0,0,1,3,29.25,226.95,0
0,1,1,0,7,1,2,1,0,0,0,0,0,2,0,1,2,84.55,646.85,1
0,0,0,0,68,1,0,2,1,1,1,1,1,1,2,0,1,19.6,1441.65,0
0,0,1,1,68,1,2,1,2,0,2,2,2,2,2,0,1,111.75,7511.3,0
0,1,1,0,52,1,2,1,0,2,2,0,2,2,1,1,2,106.5,5621.85,0
1,0,1,1,72,1,2,1,2,2,0,2,2,2,2,1,1,107.7,7919.8,0
0,0,1,0,32,1,0,2,1,1,1,1,1,1,1,0,3,19.3,593.2,0
0,0,1,0,72,1,0,2,1,1,1,1,1,1,2,0,0,20.05,1423.65,0
1,0,1,1,1,1,0,1,0,0,0,0,0,0,0,1,1,69.95,69.95,0
1,0,1,1,42,1,0,0,2,0,0,2,0,2,1,0,1,63.7,2763.35,0
0,0,0,0,25,1,2,2,1,1,1,1,1,1,2,0,1,24.75,692.1,1
1,0,0,0,45,1,0,0,2,0,0,0,0,0,0,1,0,50.9,2298.55,0
0,0,1,1,43,0,1,0,2,0,2,2,2,2,1,1,1,60.4,2640.55,0
1,0,1,0,37,1,2,0,2,0,2,0,2,2,1,0,3,79.25,2911.8,0
0,1,0,0,20,1,2,1,0,0,0,0,0,2,0,1,1,85.8,1727.5,1
0,0,0,0,4,0,1,0,0,0,0,0,0,0,0,1,2,24.45,86.6,1
1,0,1,0,63,1,0,1,2,2,2,2,2,2,2,1,1,110.1,6705.7,0
1,0,0,0,3,1,0,1,0,0,0,0,2,2,0,0,3,90.7,237.65,0
1,0,1,1,66,1,2,2,1,1,1,1,1,1,2,1,1,25.3,1672.35,0
1,0,0,0,28,1,2,1,0,2,2,0,2,2,0,1,2,105.7,2979.5,1
0,1,0,0,8,1,2,1,0,0,0,0,0,2,0,0,2,85.2,695.75,0
1,0,0,1,71,1,2,2,1,1,1,1,1,1,2,0,3,24.35,1654.6,0
1,0,0,0,1,0,1,0,0,0,0,0,0,0,0,1,2,24.25,24.25,1
0,0,1,1,72,1,2,2,1,1,1,1,1,1,2,0,0,25.1,1857.85,0
1,1,1,0,16,1,0,0,2,2,0,0,0,0,0,1,0,54.55,825.1,0
1,0,1,0,66,1,2,1,2,2,2,2,0,0,2,0,3,96.6,6424.25,0
0,0,0,0,11,1,2,1,0,0,0,0,0,0,0,1,2,76.5,837.95,1
1,0,0,0,51,1,2,0,2,2,2,2,2,0,1,1,1,81.15,4126.2,0
0,0,0,1,8,0,1,0,2,0,0,0,0,2,0,1,2,38.5,330.8,0
1,0,0,0,14,1,0,1,0,0,0,0,2,2,0,1,2,92.9,1337.45,0
0,0,0,0,4,1,2,1,0,2,0,2,0,2,0,1,2,93.5,362.2,1
0,0,0,0,70,1,2,0,2,2,2,0,2,2,2,0,3,84.7,5991.05,0
0,0,0,1,70,1,2,0,2,2,0,2,0,0,2,0,2,66.0,4891.5,0
0,1,1,0,54,1,2,1,0,2,0,0,2,2,1,1,1,101.5,5373.1,1
1,0,0,1,28,1,0,1,2,0,0,0,0,0,0,1,0,74.9,2068.55,1
1,0,0,0,24,1,0,2,1,1,1,1,1,1,2,0,3,20.75,487.05,0
0,0,1,0,69,1,0,0,0,2,0,0,0,2,2,1,1,61.45,4131.2,0
1,0,1,1,42,1,0,0,2,2,0,0,0,0,0,0,3,54.5,2301.15,0
0,1,0,0,2,1,0,1,0,0,0,0,0,0,0,1,2,69.6,131.65,1
0,1,0,0,39,1,2,1,0,0,2,0,2,2,0,1,2,99.75,4036.0,0
1,0,1,1,45,1,2,1,0,2,2,2,2,2,2,1,0,109.75,4900.65,0
1,0,1,1,72,1,2,0,2,2,2,2,2,0,2,1,0,80.85,5727.45,0
0,0,0,0,38,1,0,2,1,1,1,1,1,1,2,0,3,20.3,743.05,0
1,0,1,0,72,1,2,0,2,2,2,2,0,0,2,1,0,67.8,4804.65,0
1,0,0,0,1,1,2,2,1,1,1,1,1,1,0,1,3,24.05,24.05,1
1,0,1,1,72,1,0,2,1,1,1,1,1,1,2,1,1,19.8,1414.65,0
1,0,1,0,55,1,2,2,1,1,1,1,1,1,2,0,0,25.7,1443.65,0
0,0,1,1,51,0,1,0,0,0,2,2,2,2,1,1,2,56.15,2898.95,0
1,0,0,0,63,1,0,0,2,2,2,2,2,2,2,1,0,86.7,5309.5,0
0,0,0,0,1,1,0,2,1,1,1,1,1,1,0,0,3,20.4,20.4,0
0,0,1,1,23,1,0,2,1,1,1,1,1,1,2,1,3,19.65,451.55,0
0,0,0,0,1,1,0,0,0,2,0,0,0,0,0,0,2,50.55,50.55,1
0,0,0,0,2,1,2,0,0,0,0,2,0,0,0,1,3,54.35,117.05,0
0,1,0,0,52,1,2,1,2,2,2,0,2,2,0,0,1,108.1,5839.3,0
0,0,0,0,36,1,2,0,2,0,0,0,0,0,1,0,3,54.45,1893.5,0
0,0,0,0,1,1,0,0,0,0,0,0,0,0,0,0,3,45.35,45.35,0
0,0,0,0,28,1,2,0,2,0,2,0,0,0,1,0,3,59.0,1654.45,0
0,0,1,1,7,1,0,0,2,2,2,0,2,0,1,0,2,69.45,477.05,0
1,0,0,0,14,1,2,1,0,2,0,0,2,2,0,1,2,100.55,1415.55,1
1,1,1,0,72,0,1,0,2,2,2,2,2,2,2,1,1,64.95,4546.0,0
0,0,1,1,1,1,0,2,1,1,1,1,1,1,0,1,3,20.5,20.5,1
0,0,0,0,10,1,0,2,1,1,1,1,1,1,0,0,3,18.85,163.2,0
1,0,0,0,42,1,0,2,1,1,1,1,1,1,1,0,0,19.8,849.9,0
0,0,0,0,7,0,1,0,0,0,0,0,0,0,0,0,0,25.05,189.95,0
1,0,0,0,4,1,0,1,0,0,2,0,0,0,0,1,0,74.8,321.9,1
1,0,1,1,72,1,2,1,2,2,2,2,2,2,2,1,1,114.3,8058.55,0
0,0,1,0,20,0,1,0,0,0,0,0,0,0,0,1,2,24.45,482.8,1
1,0,0,0,63,1,0,1,2,2,2,2,2,2,2,0,1,109.2,7049.75,0
0,0,0,0,56,0,1,0,2,2,2,2,0,0,2,0,0,45.05,2560.1,0
0,0,0,1,5,1,0,0,0,0,0,2,0,0,0,1,3,51.0,286.8,0
0,0,1,0,72,1,2,1,0,2,2,2,2,2,2,1,0,110.45,7982.5,0
1,1,1,1,68,1,2,1,0,2,2,0,0,0,0,1,2,84.65,5683.6,0
1,0,1,1,67,1,0,0,2,2,0,2,0,0,1,0,3,60.05,3994.05,0
1,0,1,1,8,1,0,0,0,0,0,0,0,0,0,0,0,44.65,369.15,0
1,0,1,1,52,1,2,1,0,2,0,2,0,2,0,1,0,93.25,4631.7,0
0,0,1,1,18,1,0,2,1,1,1,1,1,1,0,1,3,20.25,401.95,0
0,0,1,1,59,1,2,2,1,1,1,1,1,1,2,0,3,25.45,1534.05,0
0,0,0,0,60,1,0,2,1,1,1,1,1,1,2,0,3,20.6,1093.0,0
1,0,0,0,7,1,2,1,0,0,0,0,2,2,0,1,2,94.1,701.3,0
1,0,1,1,59,0,1,0,2,0,2,0,0,0,1,0,3,34.8,1980.3,0
1,0,0,0,46,0,1,0,2,0,2,2,2,2,2,1,0,60.75,2893.4,0
1,0,0,0,5,1,0,0,0,2,0,0,0,0,0,1,2,51.35,262.3,0
1,1,1,0,59,0,1,0,2,0,2,2,2,2,2,1,1,64.05,3886.85,0
0,0,1,0,70,1,2,0,0,2,2,2,2,2,2,1,0,84.8,5917.55,0
0,0,0,0,14,1,0,1,0,0,0,0,0,0,0,1,1,71.0,914.0,1
0,0,0,0,44,1,2,0,0,0,0,0,0,0,0,1,3,50.15,2139.1,0
0,0,1,0,64,1,2,1,2,0,2,0,2,0,2,1,1,94.6,5948.7,0
0,0,1,1,58,0,1,0,2,0,2,2,2,2,2,0,3,59.75,3624.35,0
0,1,1,0,46,1,2,1,0,0,0,2,2,2,1,0,2,100.25,4753.85,0
1,1,1,0,58,1,2,1,0,2,0,0,2,2,0,1,2,98.9,5780.7,0
0,0,1,0,72,1,2,1,0,2,0,0,2,2,2,1,1,97.7,6869.7,0
0,1,0,0,30,0,1,0,0,0,2,0,2,0,0,1,2,40.3,1172.95,1
1,1,0,0,11,1,2,0,2,2,0,0,0,0,0,0,0,60.25,662.95,0
0,1,0,0,34,0,1,0,0,2,2,0,2,2,0,1,2,56.25,1765.95,0
1,0,0,0,54,0,1,0,2,2,0,0,0,2,2,0,0,46.2,2431.95,0
0,0,0,0,3,0,1,0,0,2,0,0,2,2,0,1,2,50.6,155.35,1
0,0,1,1,72,1,2,2,1,1,1,1,1,1,2,0,3,24.9,1859.2,0
0,0,1,1,40,1,2,1,0,0,2,2,0,0,0,1,2,84.85,3303.05,1
0,0,1,1,2,1,0,0,0,0,0,0,2,2,0,0,3,65.7,134.35,1
1,0,1,1,54,1,2,0,0,0,2,0,0,2,2,0,1,63.35,3409.1,0
0,0,0,0,14,1,0,0,2,0,0,0,0,0,0,0,0,50.1,709.5,0
0,0,0,0,1,1,0,1,0,0,0,0,0,0,0,0,2,70.5,70.5,1
0,0,0,0,10,1,2,1,0,2,2,0,0,2,0,1,2,94.85,953.45,1
0,0,0,0,1,1,0,0,2,0,0,0,0,0,0,0,2,50.15,50.15,0
1,0,0,0,1,1,0,2,1,1,1,1,1,1,0,0,3,19.75,19.75,1
1,0,0,0,56,1,2,0,2,2,0,2,0,0,1,1,0,64.65,3665.55,0
0,0,1,0,68,1,0,0,2,2,0,2,2,2,2,1,0,79.6,5515.8,0
0,0,1,1,14,1,0,2,1,1,1,1,1,1,1,1,3,19.5,272.0,0
1,0,1,1,68,1,0,1,2,0,0,2,2,2,2,1,2,99.55,6668.0,0
1,1,1,0,55,1,2,1,0,0,0,0,0,0,0,1,2,74.0,4052.4,0
0,0,0,0,16,0,1,0,2,0,0,0,2,0,0,1,2,38.9,664.4,0
1,1,0,0,9,1,0,1,0,0,0,0,0,2,0,1,2,79.55,718.55,0
1,0,1,1,14,1,0,0,2,2,0,0,2,0,0,1,2,65.45,937.6,1
1,1,1,0,58,1,2,1,0,0,2,0,2,2,0,1,2,98.7,5812.6,1
1,0,0,0,53,0,1,0,2,2,0,0,0,2,0,1,0,46.3,2546.85,0
1,0,1,0,70,1,2,1,2,2,2,0,2,0,2,1,1,99.35,6944.5,0
0,1,1,1,14,1,2,1,0,0,0,0,2,2,0,1,2,95.8,1346.3,0
1,0,1,1,22,1,0,0,2,0,2,2,2,0,1,1,0,67.5,1544.05,1
0,0,1,0,10,1,2,1,2,0,0,0,0,0,0,1,1,78.15,765.15,0
0,0,1,1,29,1,2,2,1,1,1,1,1,1,2,0,3,26.1,692.55,0
0,0,0,0,1,1,0,1,0,0,0,0,0,0,0,1,2,69.6,69.6,1
1,0,1,0,49,1,2,0,2,0,2,2,2,2,1,0,2,84.35,4059.35,1
0,1,1,0,68,1,2,1,0,2,0,0,2,2,0,1,2,100.2,6851.65,1
0,0,0,0,1,1,0,1,0,0,0,0,2,0,0,0,2,78.05,78.05,1
0,0,0,0,30,0,1,0,0,0,0,2,0,2,1,1,1,40.35,1187.05,0
0,0,1,0,72,1,2,0,2,2,2,2,2,0,2,0,1,79.2,5401.9,0
0,0,0,0,10,1,0,2,1,1,1,1,1,1,0,1,3,20.9,247.0,0
1,0,0,0,7,1,2,1,0,0,0,0,0,0,0,0,2,73.6,520.0,1
0,0,0,0,9,1,2,1,0,0,0,0,0,0,0,1,2,74.75,706.6,1
0,0,0,1,1,1,0,0,2,0,0,0,0,0,0,0,3,49.9,49.9,0
0,0,0,0,20,1,2,0,0,2,0,2,0,2,0,1,1,68.9,1370.35,0
0,0,0,0,1,1,0,2,1,1,1,1,1,1,0,1,3,20.25,20.25,0
0,0,0,0,29,1,2,1,0,0,0,0,0,0,0,1,1,76.0,2215.25,0
1,0,0,0,1,1,0,1,0,0,0,2,0,0,0,0,2,74.0,74.0,0
1,0,0,0,3,1,0,1,2,0,0,2,0,0,0,1,3,82.3,214.4,0
0,0,0,0,20,1,0,1,2,0,2,0,2,0,0,1,0,89.4,1871.15,0
1,0,0,1,64,1,0,1,0,2,0,2,2,2,0,1,1,99.15,6171.2,0
1,0,0,0,1,1,0,2,1,1,1,1,1,1,0,1,3,20.2,20.2,1
0,0,0,0,6,0,1,0,2,0,0,0,0,0,0,0,0,29.45,161.45,0
1,0,1,0,50,1,0,2,1,1,1,1,1,1,2,0,2,19.8,1013.2,0
1,0,0,0,6,1,0,0,2,0,0,0,0,2,0,1,0,59.15,336.7,0
1,0,1,1,7,1,0,0,0,0,0,0,0,0,0,0,2,44.75,333.65,0
1,0,1,1,72,1,2,1,0,0,2,0,0,2,2,1,1,90.8,6511.8,0
1,0,1,0,8,1,0,0,0,2,0,0,0,0,0,1,0,49.55,393.45,0
0,0,1,1,67,1,2,1,2,0,0,2,2,2,2,0,1,106.7,7009.5,0
0,1,1,0,24,1,2,1,0,0,0,0,2,2,0,1,2,93.55,2264.05,1
0,0,1,0,72,1,2,1,2,2,0,0,0,2,2,1,1,94.45,6921.7,0
1,0,1,1,33,1,0,2,1,1,1,1,1,1,1,1,0,19.45,600.25,0
1,0,0,0,2,0,1,0,0,0,0,0,0,0,0,1,2,25.05,56.35,1
1,0,1,0,70,1,0,0,2,2,0,2,0,2,2,0,3,67.95,4664.15,0
0,0,0,0,22,1,0,0,0,2,2,0,2,0,1,0,0,65.25,1441.8,0
0,0,0,0,59,1,2,1,2,2,2,0,0,2,0,1,0,99.45,5623.7,0
1,0,0,0,36,1,0,2,1,1,1,1,1,1,1,1,1,20.35,695.85,0
0,0,1,1,51,1,0,2,1,1,1,1,1,1,2,0,3,19.95,1028.75,0
1,0,1,0,53,1,2,0,2,0,2,2,2,0,1,0,0,77.4,4155.95,0
0,0,1,1,20,1,0,2,1,1,1,1,1,1,1,0,0,19.7,395.6,0
1,0,1,0,63,1,0,1,2,0,2,0,2,2,2,0,1,99.7,6330.4,0
0,0,0,0,40,1,0,1,0,2,0,0,0,0,0,0,1,74.8,2971.7,0
1,0,0,0,35,1,0,2,1,1,1,1,1,1,1,1,3,19.15,638.0,0
1,0,1,1,26,1,0,1,0,0,0,0,0,2,1,0,0,78.95,2034.25,0
1,1,1,0,27,1,2,1,0,2,2,0,0,2,0,1,2,95.55,2510.2,1
1,0,0,1,53,1,0,0,2,2,0,2,0,0,1,0,1,62.85,3419.5,0
1,1,1,0,34,1,0,1,0,0,0,0,0,0,0,0,1,71.55,2427.35,0
0,1,1,0,19,1,2,1,0,0,0,0,2,2,0,1,2,94.95,1760.25,0
1,0,1,0,43,1,0,1,2,2,2,0,0,0,0,1,1,86.1,3551.65,0
1,0,1,1,6,1,0,2,1,1,1,1,1,1,0,0,3,19.55,122.9,0
1,0,0,1,56,1,2,2,1,1,1,1,1,1,2,1,3,24.8,1424.2,0
1,0,0,0,57,0,1,0,0,2,0,0,2,0,0,1,2,39.3,2111.45,1
1,0,1,1,34,1,0,1,0,0,2,0,2,0,0,1,3,84.05,2909.95,0
0,0,0,0,10,0,1,0,0,2,0,2,0,0,0,0,2,36.25,374.0,0
0,0,0,0,1,1,0,2,1,1,1,1,1,1,0,1,3,20.25,20.25,1
0,0,0,0,13,0,1,0,0,0,0,0,0,0,0,1,2,23.9,300.8,1
1,0,0,0,56,1,2,1,0,2,0,0,2,2,0,0,2,98.6,5581.05,0
0,0,1,0,55,1,2,1,0,2,2,0,2,2,0,1,1,103.65,5676.65,0
0,0,1,1,36,1,2,0,2,2,2,2,2,2,2,1,1,92.9,3379.25,0
1,0,1,0,47,1,0,2,1,1,1,1,1,1,1,0,0,19.9,942.95,0
0,0,1,1,12,1,0,2,1,1,1,1,1,1,0,1,1,20.1,232.4,0
0,0,0,0,1,1,0,1,0,0,2,0,2,0,0,1,2,85.45,85.45,1
1,1,0,0,24,1,2,1,0,2,0,0,0,0,0,1,2,80.5,2088.45,0
0,0,0,0,63,1,2,1,0,2,0,0,2,2,1,0,0,99.9,6137.0,1
0,1,0,0,35,0,1,0,0,0,2,0,2,0,0,1,2,39.85,1434.6,0
0,0,0,0,67,1,0,0,2,2,0,2,0,0,1,0,1,60.5,3870.0,0
1,0,0,0,25,1,2,1,0,0,0,0,0,2,0,1,2,84.8,2043.45,1
1,0,0,0,21,1,2,1,2,0,2,0,2,2,0,0,3,103.85,2215.0,0
0,0,0,0,13,1,0,0,2,2,0,2,0,2,0,0,0,67.8,842.25,0
1,0,1,0,35,1,2,1,0,0,0,0,0,0,0,1,2,75.2,2576.2,1
1,1,1,0,71,1,2,2,1,1,1,1,1,1,2,0,0,24.85,1901.0,0
0,0,0,0,29,1,0,2,1,1,1,1,1,1,0,0,1,19.35,601.6,0
1,0,1,0,71,0,1,0,0,2,0,0,2,2,2,0,2,49.35,3515.25,1
1,1,1,0,7,1,0,1,0,0,0,0,2,2,0,1,2,89.0,605.45,0
0,1,0,0,57,0,1,0,0,2,2,0,2,2,0,1,2,55.0,3094.05,0
1,0,1,0,65,1,2,0,2,0,2,2,0,2,2,0,0,76.15,4929.55,0
1,0,0,0,27,1,0,2,1,1,1,1,1,1,1,0,3,20.3,595.05,0
1,0,0,0,6,1,2,1,0,0,0,0,0,0,0,1,2,74.9,469.8,1
0,1,0,0,72,1,2,1,2,2,2,2,2,2,2,1,1,117.35,8436.25,0
1,0,0,0,1,1,0,2,1,1,1,1,1,1,0,1,3,19.75,19.75,0
1,0,0,0,11,1,0,0,0,0,0,0,0,0,0,0,1,45.2,492.0,0
1,0,1,1,39,1,2,2,1,1,1,1,1,1,2,0,3,25.2,987.95,0
0,1,0,0,59,1,2,1,2,2,2,0,0,0,0,1,2,89.75,5496.9,0
1,0,0,0,26,1,0,0,2,0,0,2,2,2,1,0,0,75.0,1908.35,0
1,1,0,0,2,1,0,0,0,0,2,0,0,0,0,0,3,49.95,107.1,0
0,0,1,1,72,0,1,0,2,2,2,2,2,2,2,0,0,65.7,4575.35,0
1,0,1,0,65,1,2,0,2,2,2,0,0,0,1,0,1,67.05,4309.55,0
1,0,1,1,72,1,2,1,0,2,2,2,2,2,2,0,1,110.9,7922.75,0
1,0,0,0,6,1,2,1,0,0,0,2,0,2,0,1,0,87.95,522.35,0
1,1,0,0,32,1,0,2,1,1,1,1,1,1,1,0,1,19.8,587.7,0
0,0,1,0,50,1,2,0,0,0,2,0,2,2,1,0,0,75.7,3876.2,0
1,0,1,0,61,0,1,0,2,0,2,2,2,2,2,1,3,62.15,3778.85,0
0,0,0,0,15,1,0,1,0,2,2,0,2,2,0,1,2,101.25,1457.25,1
1,0,1,0,72,1,2,1,2,2,2,2,2,2,2,0,0,115.15,8349.45,0
1,0,0,0,9,1,0,2,1,1,1,1,1,1,0,1,3,18.95,185.6,1
0,0,0,0,1,1,0,2,1,1,1,1,1,1,0,0,3,19.5,19.5,0
0,0,0,0,12,1,2,1,0,0,0,0,0,2,0,1,2,86.55,1066.9,0
0,0,0,0,37,0,1,0,0,0,0,2,0,0,0,0,1,28.6,973.55,1
1,0,1,1,61,1,0,2,1,1,1,1,1,1,1,0,3,20.4,1226.45,0
1,0,1,1,18,1,0,2,1,1,1,1,1,1,1,0,0,19.8,342.3,0
1,0,0,1,21,1,0,0,0,0,0,0,0,0,0,0,3,45.65,985.05,0
1,0,1,1,68,0,1,0,2,2,2,2,0,2,2,1,3,56.4,3948.45,0
1,1,0,0,12,1,2,1,0,0,0,0,0,0,0,1,1,73.3,828.05,0
0,1,0,0,2,0,1,0,0,0,0,0,0,0,0,0,2,24.35,41.85,1
0,0,1,0,62,1,2,1,0,0,2,0,2,2,0,1,2,101.35,6164.7,0
0,1,0,0,29,1,2,1,0,0,0,2,2,2,0,0,2,98.65,2862.75,1
1,0,0,1,1,0,1,0,0,2,0,2,0,0,0,0,3,33.6,33.6,0
1,1,1,0,5,1,2,1,0,0,2,0,0,0,0,1,0,79.9,343.95,1
0,0,0,0,1,1,0,2,1,1,1,1,1,1,0,0,2,20.7,20.7,0
1,0,0,1,62,1,2,1,0,0,2,2,2,2,2,1,2,104.05,6590.5,0
0,0,1,1,36,1,0,2,1,1,1,1,1,1,2,0,0,20.25,717.95,0
0,1,0,0,28,1,2,1,0,0,2,2,2,2,0,1,2,103.3,2890.65,1
0,0,1,1,69,1,2,0,2,2,0,2,2,0,1,0,1,73.7,4885.85,0
0,0,1,0,11,1,2,1,2,0,0,2,2,0,0,1,1,96.2,1222.05,1
0,0,1,0,63,1,2,1,0,2,2,2,2,2,0,1,2,108.75,6871.7,0
1,0,0,0,23,1,0,2,1,1,1,1,1,1,1,0,0,20.15,405.6,0
1,0,0,0,10,1,0,2,1,1,1,1,1,1,0,0,1,19.75,208.25,0
0,0,1,0,71,1,2,2,1,1,1,1,1,1,2,1,1,25.95,1801.9,0
0,1,0,0,45,1,2,0,2,0,0,2,0,2,0,1,2,70.05,3062.45,0
0,0,1,1,70,1,2,2,1,1,1,1,1,1,2,0,3,24.05,1764.75,0
0,0,0,1,22,1,2,1,0,0,0,0,0,2,0,1,2,84.75,1816.75,0
0,0,1,1,52,1,2,2,1,1,1,1,1,1,2,0,3,23.05,1255.1,0
1,0,1,0,55,1,2,1,0,0,2,2,2,2,1,1,2,104.15,5743.05,1
0,0,0,0,65,0,1,0,2,0,2,2,2,2,2,0,1,59.95,3921.1,0
0,0,1,1,72,1,0,2,1,1,1,1,1,1,2,0,0,19.55,1463.45,0
1,0,1,0,10,1,0,2,1,1,1,1,1,1,1,0,0,19.6,189.45,0
0,0,0,1,7,1,0,2,1,1,1,1,1,1,1,0,3,20.05,96.8,0
1,1,0,0,5,1,0,1,0,2,0,0,0,2,0,1,2,85.55,408.5,0
0,0,1,1,24,1,2,0,2,0,2,0,2,2,2,0,1,78.6,1846.65,0
0,0,1,1,72,1,2,1,2,2,2,2,2,2,2,1,1,116.8,8456.75,0
1,0,0,0,21,0,1,0,2,0,0,2,2,0,0,1,3,43.55,1011.5,0
1,0,1,0,69,0,1,0,0,2,2,2,2,2,1,1,1,60.8,4263.4,0
1,0,1,1,44,1,0,0,0,2,0,2,0,0,0,1,0,54.9,2549.1,0
0,1,1,1,61,1,2,0,0,0,2,0,2,0,1,1,2,65.2,3965.05,0
1,1,0,0,24,1,2,1,0,2,2,0,2,2,0,1,1,102.95,2496.7,1
0,0,0,0,1,1,0,1,0,0,0,0,2,2,0,0,2,90.6,90.6,1
0,0,0,0,6,1,0,0,0,0,0,2,0,0,0,1,0,50.8,288.05,1
1,0,0,0,4,1,2,1,0,2,0,0,0,2,0,1,2,90.05,368.1,1
1,0,1,0,72,1,2,1,0,2,2,2,2,2,2,1,2,108.2,7840.6,0
1,0,0,0,72,1,2,0,2,2,2,2,2,2,2,0,0,92.0,6632.75,0
1,1,1,0,14,1,2,1,0,0,0,0,0,0,0,1,2,75.1,1013.35,0
1,0,0,0,7,1,2,2,1,1,1,1,1,1,0,1,0,25.05,152.95,0
0,0,0,0,48,1,0,1,0,2,0,0,0,0,1,0,2,75.15,3772.65,0
1,0,1,1,55,1,0,2,1,1,1,1,1,1,1,0,3,19.5,1026.35,0
1,0,0,0,1,1,0,2,1,1,1,1,1,1,0,0,1,19.3,19.3,0
1,0,0,0,45,1,0,1,2,2,2,2,2,2,1,0,1,112.2,5031.85,0
1,0,0,0,3,1,0,1,0,0,0,0,0,0,0,1,3,70.3,220.4,0
0,0,1,0,71,1,0,2,1,1,1,1,1,1,2,0,3,19.6,1416.5,0
1,0,1,0,8,1,0,2,1,1,1,1,1,1,0,0,3,20.25,158.35,0
0,0,1,0,3,1,2,1,0,0,0,0,0,0,0,1,2,75.85,256.6,1
1,0,1,1,69,1,0,0,2,2,0,2,2,2,2,0,0,80.65,5542.55,0
1,0,1,1,1,1,0,1,0,0,0,0,0,0,0,1,2,68.5,68.5,1
0,1,1,0,72,1,2,1,2,2,2,2,2,2,2,1,1,115.75,8443.7,0
1,0,0,0,11,1,0,1,2,0,0,0,0,0,0,1,2,73.5,791.75,1
1,0,0,0,71,1,2,0,2,2,2,2,0,2,2,0,0,80.6,5708.2,0
0,0,0,0,1,1,0,1,0,0,0,0,0,0,0,1,3,69.95,69.95,1
0,0,1,0,33,0,1,0,2,0,2,2,2,2,2,0,0,59.55,2016.3,0
0,0,0,0,16,1,0,2,1,1,1,1,1,1,1,0,3,19.05,326.65,0
0,1,1,0,56,1,2,1,2,2,2,2,0,0,1,0,2,95.65,5471.75,0
0,0,0,0,1,1,0,2,1,1,1,1,1,1,0,0,1,19.95,19.95,0
1,0,0,0,5,1,0,0,0,0,2,0,2,2,0,1,2,70.05,346.4,1
1,0,1,1,57,1,0,2,1,1,1,1,1,1,1,0,3,19.4,1061.6,0
1,0,1,1,56,0,1,0,0,2,2,0,0,0,1,1,1,36.1,1971.5,0
1,0,0,0,8,1,2,1,0,2,2,0,2,0,0,1,2,94.0,773.65,1
0,0,1,1,22,1,0,0,2,2,2,0,0,0,0,0,3,61.15,1422.05,1
0,0,0,0,1,1,0,2,1,1,1,1,1,1,0,0,3,19.75,19.75,0
0,0,0,1,40,1,0,0,2,0,0,2,2,0,0,1,1,64.1,2460.35,0
1,0,1,1,46,1,0,2,1,1,1,1,1,1,2,0,1,19.75,856.5,0
1,0,1,1,63,1,0,2,1,1,1,1,1,1,2,0,3,19.7,1275.85,0
1,0,1,1,68,1,2,1,2,2,2,0,2,2,2,1,2,110.2,7467.5,0
1,0,1,1,69,1,0,1,2,2,0,2,2,2,2,1,1,106.35,7261.75,0
0,0,1,0,56,1,2,1,0,2,2,2,0,0,0,0,2,90.55,5116.6,0
0,0,1,1,10,1,0,0,0,2,2,0,0,2,1,1,3,65.9,660.05,0
1,0,0,0,63,1,2,1,2,2,2,2,2,0,1,0,1,104.5,6590.8,0
0,0,1,1,24,0,1,0,2,2,2,2,0,2,2,1,3,52.5,1208.15,0
0,0,0,0,19,1,2,0,0,0,2,0,0,0,0,1,3,56.1,1033.9,0
1,0,1,1,22,1,2,1,0,0,2,0,2,0,0,1,2,88.75,1885.15,0
1,0,1,0,29,1,2,1,2,2,0,0,0,0,0,1,2,84.45,2467.1,1
1,0,1,0,13,1,2,0,0,0,2,0,2,2,1,1,3,75.3,989.45,1
0,0,1,0,70,1,2,2,1,1,1,1,1,1,2,1,0,26.0,2006.95,0
0,0,1,0,49,1,0,1,0,2,2,0,2,2,0,0,2,99.4,5025.0,0
0,1,1,0,43,1,2,1,2,0,2,2,2,2,1,1,3,109.55,4830.25,1
0,0,0,0,3,1,0,2,1,1,1,1,1,1,0,1,3,19.6,59.75,1
1,0,1,1,42,1,0,0,0,0,2,2,2,2,1,0,2,73.15,3088.25,0
1,0,0,0,57,1,0,0,0,2,0,2,0,0,1,1,3,54.65,3134.7,0
1,1,0,0,2,1,0,0,2,0,2,0,2,0,0,0,0,66.4,94.55,1
0,0,1,0,72,1,2,1,2,2,2,2,2,2,2,1,1,115.55,8312.4,0
0,1,0,0,46,1,2,1,0,2,2,0,2,2,0,1,2,104.45,4863.85,0
1,1,1,0,66,1,2,1,0,0,0,2,2,2,0,1,1,100.05,6871.9,1
1,0,0,0,62,1,2,1,2,2,0,2,0,2,1,0,2,102.0,6529.25,1
0,0,1,0,72,1,2,0,2,2,2,2,2,2,2,1,0,91.15,6637.9,0
1,0,1,1,35,1,0,1,0,2,0,2,2,0,1,1,2,89.7,3165.6,0
1,0,1,0,17,1,2,1,2,2,2,0,0,0,0,0,1,90.2,1454.15,1
0,0,1,0,72,1,2,0,2,2,2,2,2,2,2,1,2,92.4,6786.1,0
0,0,1,1,28,1,0,2,1,1,1,1,1,1,1,0,3,19.9,543.0,0
1,0,1,0,56,1,2,2,1,1,1,1,1,1,2,1,1,25.15,1327.15,1
0,0,0,0,31,1,2,1,0,0,0,2,0,0,0,1,1,79.85,2404.15,1
1,0,0,0,45,1,0,2,1,1,1,1,1,1,1,0,0,18.85,867.3,0
0,0,0,0,1,1,2,2,1,1,1,1,1,1,0,1,3,25.75,25.75,0
0,0,0,0,2,1,0,0,0,2,0,0,0,0,0,1,3,49.6,114.7,1
0,0,0,0,6,1,0,2,1,1,1,1,1,1,0,1,3,20.95,109.5,0
0,0,1,0,48,1,0,1,0,2,2,0,2,2,1,1,2,97.05,4692.95,0
1,0,1,1,25,1,2,2,1,1,1,1,1,1,0,1,0,25.4,546.85,0
1,0,1,1,64,1,0,2,1,1,1,1,1,1,2,1,0,19.7,1274.05,0
1,0,0,0,50,0,1,0,2,2,0,0,0,0,0,1,3,35.0,1782.4,0
0,0,1,1,52,1,2,1,0,0,2,0,2,2,1,0,0,101.25,5301.1,0
1,1,1,0,4,1,0,1,0,0,0,0,0,0,0,1,2,70.2,280.35,0
0,1,0,0,32,1,0,1,0,0,0,0,2,2,0,0,2,90.95,2897.95,0
1,0,1,1,45,1,2,0,2,2,0,2,2,0,2,0,1,73.85,3371.0,0
1,0,1,0,9,1,2,1,2,0,0,0,0,2,0,1,2,88.05,801.3,0
0,1,1,0,66,1,2,1,0,0,2,2,2,2,1,1,1,105.95,6975.25,1
1,0,0,1,3,1,2,1,0,0,2,0,0,2,0,0,2,91.85,257.05,1
0,0,0,0,54,1,0,2,1,1,1,1,1,1,2,0,3,20.1,1079.45,0
0,0,1,1,1,0,1,0,0,0,0,2,2,0,0,0,2,40.1,40.1,1
0,0,1,1,64,1,2,1,2,2,0,2,2,2,2,0,0,110.3,6997.3,0
0,1,0,0,31,1,2,1,0,0,0,0,0,0,0,1,2,73.9,2217.15,1
0,0,0,0,14,1,0,1,0,0,0,0,2,2,0,1,3,89.8,1129.1,1
0,0,0,0,12,1,0,1,2,0,0,0,2,0,1,1,1,85.15,979.05,0
1,1,1,0,67,1,0,0,2,2,0,2,0,0,1,1,0,60.95,4119.4,0
0,0,1,1,35,1,2,0,2,0,2,2,2,0,0,0,2,72.25,2568.55,1
0,0,0,0,45,1,2,0,2,0,0,2,0,2,2,0,3,73.55,3349.1,0
1,0,0,0,10,1,0,0,0,0,0,0,0,0,0,0,3,46.0,492.1,0
0,1,0,0,29,1,2,0,2,2,0,0,0,0,0,1,0,58.55,1718.95,0
0,0,0,0,24,1,2,2,1,1,1,1,1,1,1,0,0,24.6,605.25,0
1,0,1,1,66,1,0,2,1,1,1,1,1,1,2,1,3,19.75,1344.5,0
1,0,0,0,51,1,0,1,2,0,0,0,2,0,1,0,3,86.35,4267.15,0
0,0,1,0,45,1,2,2,1,1,1,1,1,1,2,0,3,25.5,1121.05,0
0,0,1,0,49,1,0,2,1,1,1,1,1,1,1,0,1,19.0,918.7,0
0,0,1,0,29,1,0,2,1,1,1,1,1,1,2,1,3,19.55,521.8,0
1,0,1,1,40,1,2,1,2,2,0,2,2,2,0,1,1,110.1,4469.1,0
0,1,0,0,37,1,2,1,0,0,0,0,2,2,0,1,2,96.55,3580.3,1
1,0,0,0,25,1,0,1,0,0,0,0,0,0,0,0,2,69.75,1729.35,0
0,0,0,0,22,0,1,0,0,0,2,0,2,2,0,1,2,50.6,1073.3,0
1,0,0,0,72,0,1,0,2,2,2,2,2,2,2,1,0,65.6,4566.5,0
0,0,0,0,7,0,1,0,0,2,0,0,0,2,0,1,1,40.1,293.3,1
1,0,1,1,33,1,0,0,0,2,2,2,2,2,2,0,1,82.1,2603.1,0
0,0,0,0,23,1,0,1,0,2,0,2,0,0,0,1,3,79.1,1783.75,0
1,1,0,0,24,1,2,1,0,2,0,0,2,2,0,1,2,101.25,2440.15,1
0,0,0,0,1,1,0,1,0,0,0,0,2,0,0,0,2,79.55,79.55,1
1,0,0,0,69,1,2,0,2,2,2,2,2,2,2,0,3,90.65,6322.1,0
0,0,0,1,3,1,0,2,1,1,1,1,1,1,1,1,1,20.55,57.4,0
1,0,0,0,56,1,0,0,0,2,0,2,2,2,1,1,0,75.75,4284.65,0
1,0,0,0,65,1,2,1,2,0,2,2,2,2,1,1,1,110.0,7138.65,0
1,0,1,0,71,1,0,2,1,1,1,1,1,1,1,0,2,20.85,1539.75,0
0,1,0,0,14,1,2,1,0,0,2,0,0,0,0,1,0,80.35,1058.1,0
0,0,0,0,2,1,0,1,0,0,0,0,0,0,0,1,2,70.15,123.8,0
0,0,0,0,32,1,2,1,0,0,0,0,2,0,1,0,2,84.05,2781.85,1
1,0,0,0,40,1,0,0,2,0,2,0,0,2,0,0,2,67.45,2731.0,0
1,0,0,0,1,1,0,2,1,1,1,1,1,1,0,0,1,20.75,20.75,0
1,0,0,0,1,1,0,1,0,0,0,0,2,2,0,1,2,89.1,89.1,1
0,0,0,0,7,1,0,1,0,0,0,0,0,0,0,1,3,69.9,497.3,0
0,0,1,0,15,1,2,0,0,0,0,0,0,0,0,1,2,51.1,711.15,0
0,0,1,1,17,1,2,1,2,0,2,0,2,0,0,0,2,94.4,1607.2,1
1,0,0,0,19,1,0,1,0,2,2,0,0,0,0,1,2,78.25,1490.95,1
1,0,0,0,71,1,2,2,1,1,1,1,1,1,2,0,0,25.55,1898.1,0
0,0,1,1,54,1,2,0,2,0,0,2,0,0,2,0,0,60.0,3273.95,0
1,0,1,0,31,1,2,1,2,2,0,2,0,0,0,1,1,90.55,2929.75,0
0,0,0,0,11,1,0,1,2,0,0,0,0,0,0,0,2,76.4,838.7,0
0,1,0,0,18,1,0,1,0,0,2,0,0,2,0,1,2,84.95,1443.65,0
0,1,0,0,72,1,2,1,2,2,0,2,2,2,2,1,0,110.1,7746.7,0
0,1,0,0,71,1,2,1,0,2,0,0,2,2,0,1,1,99.65,6951.15,0
1,1,0,0,5,0,1,0,0,0,2,2,2,0,0,0,1,45.4,214.75,0
1,0,1,0,38,1,2,0,0,0,2,2,0,2,1,0,1,69.0,2669.45,0
1,0,0,1,5,1,0,0,0,0,0,2,0,0,0,1,0,48.65,235.2,0
1,1,0,0,2,1,0,0,0,0,0,0,0,0,0,1,2,44.15,92.65,1
0,1,0,0,52,1,2,0,2,0,2,0,0,0,2,0,0,59.85,3103.25,0
0,1,0,0,8,1,2,1,0,0,0,0,0,0,0,1,2,75.75,606.25,1
0,0,0,0,68,1,2,0,0,2,2,0,2,2,2,1,2,80.65,5330.2,0
1,0,1,1,69,1,0,2,1,1,1,1,1,1,1,1,1,20.55,1403.1,0
0,0,1,0,42,1,2,0,2,2,0,2,0,0,0,1,1,66.4,2727.8,0
0,0,0,0,50,1,0,1,0,2,0,2,2,2,2,1,3,100.2,5038.45,0
0,0,0,0,1,1,0,2,1,1,1,1,1,1,0,1,3,19.1,19.1,1
1,1,1,0,1,1,2,1,2,0,0,0,0,0,0,1,2,80.3,80.3,1
1,0,1,0,33,1,0,0,0,0,0,0,0,0,0,1,1,44.55,1462.6,0
0,0,0,0,7,1,0,2,1,1,1,1,1,1,0,0,3,20.35,150.6,0
1,0,1,1,64,1,2,1,2,2,2,0,0,0,0,1,2,91.8,5960.5,0
0,0,0,0,1,1,0,1,0,0,2,0,0,0,0,1,2,74.9,74.9,1
1,0,0,0,59,1,0,2,1,1,1,1,1,1,2,1,0,20.2,1192.3,0
0,0,1,0,6,1,2,0,0,0,0,0,0,0,0,0,2,50.35,314.55,0
0,0,0,0,3,1,0,2,1,1,1,1,1,1,0,0,3,18.8,56.0,0
0,0,1,0,15,1,0,2,1,1,1,1,1,1,0,0,1,20.45,330.8,0
1,0,1,1,13,1,0,0,0,0,0,0,2,2,1,1,2,64.75,877.35,0
0,0,0,0,23,1,2,1,0,2,0,0,2,2,0,1,1,98.7,2249.1,0
1,1,1,0,31,1,2,1,2,0,0,0,2,0,0,0,2,89.45,2807.65,0
1,0,0,0,29,1,0,0,2,2,0,2,0,0,1,1,2,58.75,1696.2,0
0,0,1,0,49,1,0,2,1,1,1,1,1,1,1,0,1,20.7,1032.05,0
0,0,1,0,56,1,2,1,0,0,0,0,2,0,0,1,0,85.6,4902.8,0
0,0,0,0,63,1,2,0,2,2,2,2,0,2,2,1,1,80.3,4995.35,0
1,0,1,0,63,1,2,0,0,0,2,2,2,2,2,0,1,79.8,5034.05,0
1,1,1,1,24,1,2,1,2,0,0,0,0,0,0,1,2,79.85,1857.75,0
1,1,1,0,36,1,0,0,0,0,2,2,0,0,1,0,1,54.1,1992.85,0
0,1,0,0,9,1,0,1,0,0,0,0,2,0,0,1,2,80.85,751.65,1
1,0,0,0,3,0,1,0,0,0,0,0,0,0,0,0,2,24.75,66.95,1
0,0,1,0,21,1,0,0,2,0,2,2,2,2,1,0,3,80.9,1714.95,0
1,0,1,1,13,1,2,2,1,1,1,1,1,1,1,0,0,24.5,343.6,0
1,0,1,1,1,1,0,2,1,1,1,1,1,1,0,1,0,20.15,20.15,0
0,0,1,1,25,1,0,2,1,1,1,1,1,1,1,0,3,20.05,520.1,0
1,0,1,1,71,1,0,2,1,1,1,1,1,1,2,1,0,19.6,1387.45,0
1,0,0,0,66,1,2,1,2,2,2,2,2,2,1,1,0,114.3,7383.7,0
0,0,0,0,45,1,0,1,2,2,0,0,2,2,1,1,2,100.3,4483.95,0
0,0,1,0,22,1,0,1,0,0,0,0,2,0,0,1,1,80.0,1706.45,0
0,0,1,0,67,1,0,2,1,1,1,1,1,1,1,1,0,20.85,1327.4,0
0,0,1,0,68,1,2,1,0,0,2,0,2,0,2,1,0,89.95,5974.3,0
0,1,0,0,49,1,2,1,0,0,2,0,0,2,0,1,1,90.85,4515.85,1
0,1,0,0,4,1,2,0,0,0,0,0,0,0,0,0,3,48.75,179.85,0
1,0,1,0,63,1,2,0,2,2,2,2,0,2,1,0,1,80.0,5040.2,0
0,0,1,0,2,1,0,1,0,2,2,0,0,0,0,0,0,79.7,165.0,1
1,0,0,0,21,1,0,2,1,1,1,1,1,1,1,1,3,20.35,422.7,0
1,0,1,1,55,1,0,0,2,2,0,2,0,0,2,0,0,57.55,3046.4,1
1,0,0,1,1,1,0,2,1,1,1,1,1,1,0,1,3,20.25,20.25,0
0,0,0,0,17,1,0,2,1,1,1,1,1,1,2,0,3,19.4,358.05,0
1,0,0,0,30,1,2,1,2,0,0,0,2,2,0,1,0,100.4,2936.25,0
1,0,1,1,22,1,0,0,2,2,0,2,0,0,0,1,3,57.95,1271.8,0
0,0,0,0,9,1,0,0,0,0,0,2,2,0,0,1,0,59.5,530.05,0
1,0,1,1,1,1,0,2,1,1,1,1,1,1,0,0,3,19.2,19.2,0
0,0,1,0,21,1,2,1,0,0,0,0,0,2,0,1,2,86.5,1808.7,1
1,0,0,0,19,1,2,0,0,0,2,2,0,0,0,0,2,59.55,1144.6,0
0,0,1,1,69,1,2,1,0,2,2,0,2,2,0,1,2,103.95,7446.9,1
1,1,0,0,1,0,1,0,0,0,0,0,0,0,0,1,2,25.1,25.1,1
0,0,1,0,72,1,2,1,2,2,2,2,2,0,2,1,0,103.95,7556.9,0
1,0,1,1,70,1,2,0,2,0,2,0,2,0,2,0,1,68.95,4858.7,0
0,0,0,0,66,1,2,1,2,2,2,2,0,2,0,1,0,103.1,6595.0,0
0,0,1,1,7,0,1,0,0,0,0,0,0,0,0,1,2,24.7,149.05,0
0,1,1,1,46,1,2,1,2,2,0,2,2,2,0,1,2,110.2,4972.1,0
1,0,0,0,39,0,1,0,2,2,0,2,2,0,0,1,1,48.95,1880.85,1
0,0,1,1,32,1,2,0,0,2,2,0,0,0,0,0,0,62.45,2045.55,0
1,0,0,0,24,1,0,1,0,2,2,0,0,2,0,1,2,89.55,2187.15,0
1,0,1,1,6,1,0,1,0,2,0,0,0,2,0,1,1,83.55,477.55,1
0,0,0,0,37,1,2,0,2,2,2,2,2,0,0,1,1,78.9,2976.95,0
1,0,0,1,8,1,0,2,1,1,1,1,1,1,0,0,3,20.35,178.7,0
0,0,1,1,72,1,2,0,2,0,2,0,2,0,2,1,0,71.45,5025.85,0
1,1,1,0,71,0,1,0,2,2,2,2,0,0,2,0,1,46.35,3353.4,0
0,0,1,0,16,1,0,1,0,2,0,0,2,2,0,1,0,94.65,1461.15,0
0,0,1,0,57,0,1,0,2,0,2,2,0,2,0,1,0,49.9,2782.4,0
1,0,0,0,66,1,2,2,1,1,1,1,1,1,1,0,0,25.45,1699.15,0
0,1,0,0,17,1,0,1,0,2,2,0,2,0,0,1,2,89.15,1496.9,1
0,0,0,1,21,1,0,2,1,1,1,1,1,1,0,0,3,20.75,452.2,0
1,0,1,0,66,1,2,0,2,2,2,0,0,0,2,1,1,66.1,4428.45,0
0,0,1,0,17,1,2,0,0,2,0,0,2,2,0,1,0,75.4,1322.55,0
1,0,0,1,1,1,0,1,0,0,0,0,0,0,0,1,3,70.45,70.45,1
1,0,1,0,58,1,0,0,2,2,2,0,0,0,1,0,1,60.3,3563.8,1
0,0,1,1,8,1,0,2,1,1,1,1,1,1,0,0,1,21.05,139.75,0
1,0,0,0,27,1,0,0,2,0,2,2,2,0,1,0,1,69.35,1927.3,0
1,0,1,0,34,1,2,1,0,2,0,0,0,2,0,0,3,88.85,3000.25,0
1,0,0,0,30,1,0,1,0,2,0,0,2,2,1,1,0,97.0,3021.3,0
1,0,0,0,33,1,0,0,0,2,2,0,2,0,0,1,1,66.4,2245.4,0
1,0,0,1,1,0,1,0,0,0,0,0,0,0,0,0,2,24.75,24.75,1
1,0,1,1,14,1,2,0,2,2,0,0,0,2,0,0,3,69.2,944.65,0
0,0,0,1,16,1,2,1,0,0,0,2,0,0,1,1,1,79.5,1264.2,0
0,0,0,0,49,1,0,1,0,0,2,2,2,2,2,0,1,100.65,4917.75,0
1,0,1,1,19,1,2,1,0,0,2,2,2,2,0,0,2,103.3,2012.7,1
0,0,1,1,70,1,2,0,2,2,2,2,2,0,2,0,0,79.7,5743.3,0
0,0,1,1,32,1,0,0,2,2,0,2,0,0,0,0,0,61.4,1864.65,0
0,0,0,0,18,1,0,1,0,0,0,0,0,0,0,1,2,69.8,1221.65,0
1,0,0,0,37,0,1,0,2,2,0,2,0,0,2,1,3,40.55,1390.85,0
0,0,0,0,4,1,2,1,0,0,0,0,0,0,0,1,2,75.65,302.35,0
0,0,1,0,16,1,2,1,2,2,2,0,0,0,0,0,2,90.7,1374.9,0
1,0,1,0,17,1,2,1,0,2,0,0,0,0,0,1,0,80.5,1336.9,0
0,0,0,1,19,1,0,0,2,2,2,0,0,0,0,1,2,60.6,1297.8,0
1,0,1,0,60,1,2,1,0,0,2,0,2,2,2,0,1,101.15,6067.4,0
1,0,1,1,51,1,2,2,1,1,1,1,1,1,2,1,3,24.95,1222.25,0
1,0,1,1,28,1,0,2,1,1,1,1,1,1,2,1,1,20.3,487.95,0
1,0,0,0,43,1,0,0,0,2,0,0,0,2,2,1,2,60.0,2548.55,0
1,0,1,0,42,1,0,2,1,1,1,1,1,1,2,0,2,20.25,835.5,0
1,0,0,0,3,1,0,1,0,0,0,0,2,0,0,1,2,78.5,242.05,1
0,0,0,0,1,1,0,0,0,0,0,0,0,0,0,0,3,44.75,44.75,0
0,0,0,0,3,1,0,2,1,1,1,1,1,1,0,0,3,19.85,63.75,1
0,0,0,0,63,1,2,1,2,2,2,0,2,0,2,0,1,98.0,6218.45,0
1,1,0,0,3,1,0,1,0,0,0,0,2,0,0,1,2,79.9,260.9,1
1,0,1,0,68,1,2,1,2,2,0,2,2,2,0,1,2,107.7,7320.9,0
0,1,0,0,30,1,2,1,0,2,0,0,2,2,0,1,2,99.7,2967.35,1
0,0,0,0,60,1,2,1,0,2,2,0,2,2,2,0,2,104.7,6333.8,0
1,0,0,0,15,1,2,0,0,2,0,2,0,0,0,1,1,58.6,939.7,1
1,1,0,0,45,1,2,1,0,0,0,0,2,2,0,1,0,93.9,4200.25,0
0,0,1,0,70,1,0,0,2,2,2,2,2,2,2,0,1,86.45,5950.2,0
1,0,1,0,10,1,2,1,0,0,2,0,2,2,0,1,2,98.5,1037.75,1
1,0,0,0,4,1,0,2,1,1,1,1,1,1,0,0,3,19.4,93.4,0
0,0,0,0,1,1,0,0,0,0,2,0,0,0,0,1,3,50.45,50.45,1
0,0,1,0,68,1,2,2,1,1,1,1,1,1,2,1,1,24.95,1614.9,0
1,0,1,1,22,1,0,1,2,0,0,0,0,0,0,0,0,75.0,1573.95,0
1,0,1,1,38,1,2,1,0,2,2,0,2,0,0,1,2,94.65,3624.3,1
0,0,0,0,1,1,2,1,0,2,0,0,2,2,0,1,1,100.25,100.25,1
1,0,1,0,18,1,0,1,0,0,2,2,0,0,0,0,2,78.2,1468.75,0
1,0,0,0,29,1,0,1,0,0,0,2,2,2,0,1,2,94.2,2607.6,0
0,0,0,0,16,1,2,1,0,0,2,0,0,2,0,1,2,88.45,1422.1,1
1,0,0,0,1,1,0,1,0,0,0,0,0,0,0,1,2,69.85,69.85,1
1,0,0,0,12,1,0,1,2,0,2,0,0,0,0,0,0,81.7,858.6,1
1,0,0,0,31,0,1,0,0,0,2,0,2,2,1,1,2,50.05,1523.4,0
1,0,0,0,4,1,0,1,0,0,0,0,0,2,0,1,2,79.9,324.3,1
0,0,1,0,48,1,2,0,0,0,2,2,0,2,1,1,3,69.55,3435.6,0
0,0,0,0,15,1,2,2,1,1,1,1,1,1,0,1,1,25.4,399.6,1
1,0,0,0,50,1,0,1,2,2,2,2,0,0,1,1,1,90.1,4549.45,0
1,0,0,0,7,1,0,0,0,0,0,0,0,0,0,1,0,44.65,322.5,0
1,1,1,0,41,1,2,1,2,0,2,0,0,0,0,1,0,83.75,3273.55,1
1,0,1,1,68,1,0,1,2,0,2,0,0,0,2,0,1,80.35,5375.15,0
0,1,1,0,26,1,2,1,0,0,2,0,2,2,0,1,0,98.1,2510.7,0
1,0,0,0,57,0,1,0,0,0,2,2,2,2,2,0,1,53.35,3090.05,0
0,0,0,0,3,1,0,2,1,1,1,1,1,1,0,0,2,19.55,61.05,0
0,0,0,0,1,1,0,2,1,1,1,1,1,1,0,0,3,20.9,20.9,1
1,0,1,1,19,1,0,0,2,0,0,0,0,0,1,1,0,48.95,955.6,0
0,0,0,0,3,1,0,0,0,0,0,0,2,0,0,1,2,54.2,140.4,0
0,0,0,0,59,1,2,2,1,1,1,1,1,1,2,0,2,24.45,1493.1,0
0,0,1,0,1,1,0,1,0,0,0,0,0,0,0,1,3,69.4,69.4,1
1,0,1,0,42,0,1,0,2,0,0,0,2,0,0,1,0,40.15,1626.05,0
0,0,0,0,7,1,2,1,0,0,0,0,0,0,0,1,2,74.9,541.15,1
1,0,1,0,67,1,2,2,1,1,1,1,1,1,2,0,1,25.6,1784.9,0
1,0,0,0,1,1,0,1,0,0,0,0,0,0,0,1,2,70.35,70.35,0
1,0,1,0,66,1,2,0,2,2,2,2,2,2,2,0,0,91.7,6075.9,0
0,0,0,0,61,1,2,1,0,0,2,0,0,2,0,0,3,89.2,5500.6,0
1,0,1,1,4,1,2,2,1,1,1,1,1,1,1,0,1,24.1,73.1,0
0,1,1,0,42,1,0,1,2,0,0,0,0,0,0,1,1,74.15,3229.4,1
0,0,1,1,64,1,2,0,0,2,0,0,0,0,1,1,0,53.85,3399.85,0
0,1,1,0,54,1,2,1,2,2,2,2,2,2,1,1,0,115.6,6431.05,0
1,0,0,0,1,1,0,2,1,1,1,1,1,1,0,1,1,19.75,19.75,0
1,0,1,1,54,1,2,2,1,1,1,1,1,1,2,1,0,24.05,1230.9,0
0,0,0,1,18,1,2,2,1,1,1,1,1,1,2,0,1,25.3,454.65,0
1,0,0,0,3,1,0,1,0,2,0,0,0,2,0,0,2,84.3,235.05,0
0,0,0,0,1,1,0,1,0,0,0,0,0,0,0,1,2,70.1,70.1,1
0,0,1,1,72,1,2,0,2,2,2,2,2,2,2,0,1,89.75,6595.9,0
1,1,1,0,60,1,0,1,0,2,2,0,2,2,1,1,2,97.95,5867.0,0
0,0,1,1,11,1,0,2,1,1,1,1,1,1,1,1,3,20.0,196.35,0
0,0,0,1,12,1,2,1,2,0,0,0,0,0,0,1,2,78.3,909.25,1
1,0,1,1,61,1,0,1,0,2,2,2,2,2,1,0,1,103.9,6449.15,0
0,0,0,0,39,1,0,2,1,1,1,1,1,1,2,0,1,20.7,762.45,0
1,0,0,0,55,1,2,1,0,0,0,0,2,2,0,1,2,96.8,5283.95,1
0,0,0,0,17,1,2,1,2,2,0,0,2,0,0,1,2,94.4,1617.5,1
1,0,0,0,37,1,0,2,1,1,1,1,1,1,1,0,1,20.15,785.75,0
0,0,1,0,72,1,2,2,1,1,1,1,1,1,2,1,3,26.0,1776.0,0
1,1,1,0,72,1,2,0,0,2,2,2,2,0,2,0,1,77.35,5396.25,0
0,0,0,0,8,1,0,0,2,0,0,2,0,2,0,0,0,66.05,574.5,0
0,0,1,1,22,1,0,2,1,1,1,1,1,1,0,0,3,19.9,400.3,0
0,0,0,0,1,1,0,1,0,2,0,0,2,0,0,0,2,84.3,84.3,1
0,0,0,0,38,1,2,0,0,2,0,2,0,2,0,0,1,68.15,2656.3,0
1,0,0,1,17,1,0,0,0,2,2,2,2,2,1,0,2,80.85,1445.95,0
0,1,0,0,70,1,2,0,0,2,2,2,2,0,2,1,0,75.5,5212.65,0
0,1,1,1,72,1,2,0,2,2,2,2,2,2,2,0,1,92.45,6440.25,1
0,0,0,0,28,1,0,1,0,0,0,0,0,2,0,1,2,80.6,2244.95,0
0,0,0,0,15,1,0,1,0,2,0,0,2,0,0,1,0,83.2,1130.0,0
1,0,1,1,72,1,2,0,2,2,2,2,2,2,2,1,0,87.55,6463.15,0
0,1,1,0,11,1,2,1,0,0,2,0,2,2,0,1,2,99.55,1131.2,1
1,1,0,0,8,1,2,1,0,0,2,0,0,0,0,1,2,81.25,585.95,1
0,0,1,0,57,1,2,1,0,2,2,2,2,2,1,1,0,109.4,6252.7,0
1,0,1,1,1,1,0,2,1,1,1,1,1,1,0,0,0,19.95,19.95,1
0,0,1,0,46,0,1,0,2,2,0,0,2,0,0,0,2,45.55,2062.15,0
1,0,1,0,30,1,0,2,1,1,1,1,1,1,1,0,1,20.7,587.1,0
1,1,1,0,10,1,0,1,2,0,0,0,0,0,0,0,2,75.3,720.45,0
1,0,1,0,23,1,2,1,2,2,2,0,2,0,0,1,2,99.25,2186.4,1
1,0,0,0,32,1,0,1,2,2,2,0,0,2,0,1,1,93.4,2979.3,0
1,0,0,0,13,1,0,1,2,0,0,0,0,0,0,1,1,73.75,956.65,0
0,0,0,0,39,1,0,1,0,0,2,2,0,0,2,1,2,80.45,3201.55,1
0,0,0,0,44,1,0,1,0,2,2,0,2,0,0,1,1,88.15,3973.2,0
1,1,0,0,9,1,0,0,0,0,0,2,0,0,0,0,3,49.2,447.9,0
0,0,1,0,67,1,0,2,1,1,1,1,1,1,2,0,3,19.65,1335.2,0
1,0,1,1,9,1,2,1,0,0,2,0,0,0,0,1,0,79.35,661.25,1
0,0,0,0,15,1,2,1,0,2,0,0,0,0,0,1,2,79.75,1111.85,1
0,0,1,0,71,1,2,1,0,2,2,0,2,2,2,1,0,105.15,7555.0,0
1,0,0,0,1,1,0,0,0,0,0,2,0,0,0,0,1,49.0,49.0,0
0,0,1,1,30,1,2,1,0,0,2,0,2,2,0,1,2,100.05,3046.15,1
1,0,0,0,1,1,0,1,0,0,0,0,0,0,0,1,2,69.35,69.35,1
1,0,1,0,17,0,1,0,0,2,0,0,2,2,0,1,3,49.8,836.35,0
0,0,0,0,3,1,0,1,0,0,0,2,0,2,0,0,2,85.8,272.2,1
1,0,1,1,67,1,2,0,2,0,2,0,2,2,2,1,2,79.7,5293.4,1
1,0,0,0,1,1,0,2,1,1,1,1,1,1,0,0,0,20.95,20.95,0
0,1,0,0,1,1,2,0,0,0,0,0,0,0,0,0,3,50.55,50.55,1
0,1,1,0,32,1,2,1,0,0,2,0,0,0,0,0,3,79.3,2570.0,0
1,0,1,1,41,1,0,2,1,1,1,1,1,1,1,0,0,19.5,798.2,0
1,0,1,0,1,1,0,1,0,0,0,0,2,0,0,1,2,80.55,80.55,1
0,0,0,0,1,1,0,0,0,0,0,0,0,0,0,0,0,44.15,44.15,0
0,0,1,1,12,1,2,1,0,2,2,0,0,0,0,1,2,84.5,916.9,1
1,0,1,1,62,1,2,1,2,2,0,0,2,2,0,1,2,105.5,6487.2,0
0,0,0,0,22,1,0,1,0,2,0,0,0,2,0,1,3,84.3,1855.65,1
0,0,0,1,17,1,2,1,0,2,2,2,0,0,0,1,1,92.7,1556.85,0
0,0,1,1,72,1,2,2,1,1,1,1,1,1,2,1,0,26.25,1988.05,0
1,0,1,1,56,1,2,1,0,2,0,2,2,0,0,1,1,96.95,5432.2,0
0,0,0,0,9,1,0,2,1,1,1,1,1,1,0,1,1,20.45,147.55,0
1,0,1,0,72,1,2,1,2,2,2,2,2,2,2,1,0,115.8,8424.9,0
1,0,0,0,20,1,0,1,2,2,2,2,2,2,0,1,0,108.2,2203.7,0
1,0,1,1,19,1,0,2,1,1,1,1,1,1,2,0,3,20.2,387.4,0
1,0,0,0,2,1,0,1,0,0,0,0,0,0,0,1,2,67.75,116.65,1
1,0,0,0,53,0,1,0,0,0,2,2,2,2,1,0,1,54.9,3045.75,0
0,1,0,0,27,1,2,1,0,0,0,0,0,2,0,1,2,85.25,2287.25,1
1,0,0,0,6,1,0,2,1,1,1,1,1,1,0,0,0,20.15,130.5,0
1,0,1,1,9,1,2,1,0,0,2,0,2,0,1,1,2,90.35,767.9,0
0,0,1,1,8,1,2,0,0,2,0,0,0,0,0,0,2,55.75,446.8,0
0,0,1,1,71,1,2,1,2,2,2,2,2,2,2,0,0,114.6,8100.25,0
0,0,0,0,10,1,2,1,0,2,0,0,0,0,0,1,0,80.05,830.7,1
1,0,0,0,1,1,0,2,1,1,1,1,1,1,0,0,3,20.0,20.0,1
0,0,1,0,71,0,1,0,2,2,2,2,2,2,1,0,0,66.8,4689.15,0
1,0,1,0,68,1,0,1,0,2,0,2,2,2,1,1,2,100.3,6754.35,0
1,0,0,0,34,1,2,1,0,2,0,2,2,2,0,1,2,105.35,3540.65,0
1,0,0,0,26,1,0,1,0,2,2,2,0,0,1,1,2,85.2,2184.6,0
0,0,0,0,22,1,0,0,2,0,0,0,0,0,0,1,1,48.8,1054.6,1
1,0,0,0,7,1,0,2,1,1,1,1,1,1,0,1,3,18.95,130.55,0
0,0,1,0,20,1,0,1,0,0,0,0,0,0,0,1,0,69.8,1540.35,0
0,0,1,0,60,1,2,1,0,2,2,0,2,2,0,1,2,106.15,6411.25,0
1,0,1,1,72,1,0,2,1,1,1,1,1,1,2,0,2,20.55,1432.55,0
0,1,1,0,72,1,2,1,0,2,2,0,2,2,1,1,1,105.75,7629.85,0
1,0,0,0,4,1,2,2,1,1,1,1,1,1,0,0,3,25.25,101.9,0
1,0,1,1,16,1,0,2,1,1,1,1,1,1,0,0,2,19.75,313.4,0
0,1,1,0,62,1,2,1,2,0,2,0,2,2,1,1,2,104.85,6312.9,0
0,0,0,0,10,1,0,0,0,0,0,2,0,2,0,1,3,60.95,629.55,0
1,0,0,0,31,1,2,1,0,2,0,0,0,0,0,1,2,81.15,2640.55,0
0,0,1,0,71,1,0,2,1,1,1,1,1,1,2,0,1,19.1,1372.45,0
1,0,0,0,58,1,0,2,1,1,1,1,1,1,2,0,3,20.8,1212.25,0
1,0,1,1,70,1,2,0,2,2,2,2,2,2,2,1,1,90.15,6237.05,0
0,0,1,0,71,1,2,0,2,2,2,2,2,2,2,0,2,90.1,6310.9,0
1,1,0,0,69,1,2,0,2,0,2,2,0,2,2,0,1,74.1,5031.0,0
0,1,0,0,1,1,2,1,0,0,0,0,0,2,0,1,2,85.05,85.05,1
0,0,1,1,72,1,2,1,2,2,2,2,2,2,2,1,0,118.75,8672.45,0
0,0,1,0,26,1,0,1,0,0,0,2,0,2,0,0,1,85.9,2196.45,0
0,0,1,0,33,1,2,1,0,0,2,2,0,2,0,1,1,95.0,3008.15,0
0,0,1,1,10,1,0,2,1,1,1,1,1,1,2,0,3,20.15,220.8,0
0,1,0,0,57,1,2,1,2,0,2,2,0,2,2,0,1,101.3,5779.6,0
0,0,0,0,10,1,0,2,1,1,1,1,1,1,0,1,2,21.2,222.65,0
0,0,1,1,39,1,2,2,1,1,1,1,1,1,1,1,3,24.2,914.6,0
0,0,0,0,11,1,0,2,1,1,1,1,1,1,0,0,0,20.3,246.3,0
0,0,1,1,21,1,0,1,0,2,2,2,2,2,0,1,2,102.8,2110.15,1
0,0,1,1,68,1,2,0,0,2,2,2,2,2,2,0,0,85.3,5560.0,0
1,0,0,0,18,1,2,1,0,0,2,0,2,0,1,1,1,89.6,1633.0,0
0,0,0,0,6,1,0,1,0,0,2,2,2,2,0,1,3,99.95,547.65,1
1,0,0,0,18,1,2,0,2,0,0,0,0,0,0,0,3,56.25,969.85,0
0,0,1,1,52,1,0,0,0,0,2,0,0,0,1,1,0,50.95,2610.65,0
1,0,1,1,56,1,2,1,2,2,2,2,2,2,2,0,3,115.85,6567.9,0
1,0,0,0,45,1,2,1,0,0,2,2,2,2,0,1,0,103.65,4747.85,0
0,0,0,0,67,1,2,2,1,1,1,1,1,1,2,1,3,26.1,1759.55,0
1,0,1,0,3,0,1,0,2,0,0,2,0,0,0,0,3,35.1,101.1,0
1,1,0,0,65,1,0,1,0,2,2,0,2,2,0,1,0,99.1,6496.15,0
1,0,1,0,63,1,2,0,0,2,0,2,0,2,2,0,3,67.25,4234.15,0
0,0,1,1,11,1,2,2,1,1,1,1,1,1,2,0,3,25.0,300.7,0
1,0,0,1,1,1,0,0,0,0,0,2,0,2,0,1,3,59.55,59.55,0
1,0,0,0,55,1,2,0,0,0,2,0,2,2,2,1,0,77.8,4323.35,0
1,0,1,1,25,1,2,0,0,0,0,2,0,0,1,1,3,55.1,1466.1,0
1,0,1,0,72,1,2,1,2,2,2,2,2,2,1,1,0,117.8,8684.8,1
0,0,1,0,72,1,2,2,1,1,1,1,1,1,2,1,1,24.15,1776.45,0
0,0,0,1,65,0,1,0,0,2,0,2,2,0,2,0,3,45.25,2933.95,0
0,1,0,0,54,1,2,1,0,2,0,0,0,0,0,1,2,79.5,4370.25,1
1,0,1,1,7,1,0,2,1,1,1,1,1,1,0,0,3,20.25,144.35,0
0,0,1,0,72,1,2,0,2,2,0,2,0,0,2,0,0,64.75,4804.75,0
1,0,1,0,21,1,0,0,0,0,0,0,2,0,0,0,0,54.6,1125.2,0
0,0,0,0,2,1,0,2,1,1,1,1,1,1,0,1,0,20.7,39.85,0
1,1,0,0,4,1,0,1,0,0,2,0,2,2,0,1,2,94.75,422.4,0
1,0,1,0,3,1,2,1,0,0,0,2,0,0,0,1,0,79.65,251.75,1
1,0,1,0,72,1,2,1,2,2,2,2,2,2,2,0,1,115.8,8332.15,0
0,0,0,0,6,1,0,0,2,0,0,0,0,0,0,1,2,49.45,314.6,0
1,0,0,0,52,1,0,1,0,0,2,0,0,2,0,1,1,83.8,4331.4,0
1,1,1,0,69,1,2,1,0,2,2,0,0,2,0,1,0,95.35,6382.0,0
1,0,0,0,8,1,0,1,0,0,2,0,2,2,0,1,2,94.7,740.3,1
0,1,0,0,8,1,0,1,0,0,2,0,0,0,0,1,0,74.05,600.15,0
0,1,0,0,63,1,2,1,0,0,2,0,0,2,0,1,0,89.6,5538.8,0
1,0,0,0,60,1,2,1,2,2,2,2,2,2,1,1,1,116.6,7049.5,0
0,0,1,0,12,1,0,0,2,0,0,2,0,0,0,0,0,54.2,690.5,0
0,0,0,0,13,1,0,2,1,1,1,1,1,1,0,1,3,19.3,279.3,0
1,0,0,0,22,1,2,0,2,2,2,0,0,0,0,0,3,65.05,1427.55,0
1,0,0,0,5,1,2,1,0,0,2,0,2,0,0,1,2,92.5,452.7,1
0,0,1,1,1,1,0,2,1,1,1,1,1,1,0,0,3,19.45,19.45,1
0,0,1,1,72,1,2,2,1,1,1,1,1,1,2,1,0,24.05,1709.15,0
0,0,0,0,2,1,0,2,1,1,1,1,1,1,0,0,0,18.75,53.15,0
0,0,1,1,40,1,0,2,1,1,1,1,1,1,2,0,0,20.15,777.35,0
1,0,1,1,44,1,0,2,1,1,1,1,1,1,1,0,0,20.0,860.85,0
1,1,1,0,71,1,0,0,2,2,0,2,2,0,1,1,0,71.0,5012.1,0
0,0,0,0,2,1,2,1,0,0,0,0,0,0,0,1,2,75.55,166.3,1
1,1,0,0,26,1,2,1,0,0,0,0,2,2,0,1,2,93.6,2404.1,0
1,0,1,1,1,1,0,1,0,0,0,0,0,0,0,1,2,70.0,70.0,1
0,0,0,0,1,0,1,0,0,0,0,0,0,0,0,0,3,24.4,24.4,0
1,0,1,1,65,1,0,0,2,0,0,2,2,2,2,1,0,74.8,4820.15,1
1,0,0,0,3,1,2,0,0,0,0,2,2,0,0,1,3,65.25,209.9,0
1,0,0,0,13,1,0,0,0,0,0,2,0,0,0,1,3,50.55,610.75,0
0,0,1,0,33,1,2,1,0,2,2,0,2,2,0,1,2,104.4,3409.6,1
0,0,0,0,1,1,0,1,0,0,0,0,0,0,0,1,3,70.7,70.7,0
1,0,1,1,4,1,0,0,0,0,0,0,0,0,0,0,3,45.25,155.35,0
1,0,0,0,2,1,0,1,0,0,0,0,0,0,0,1,2,70.3,144.0,0
1,0,1,0,72,1,2,1,2,2,0,2,2,2,2,1,1,108.95,7875.0,0
0,0,1,1,37,1,2,2,1,1,1,1,1,1,0,0,3,26.45,911.6,0
0,0,0,0,15,1,0,1,2,0,0,0,2,0,0,0,2,86.2,1270.2,1
0,0,0,0,23,1,0,2,1,1,1,1,1,1,1,1,1,19.65,478.1,0
0,0,1,1,30,0,1,0,0,0,0,2,2,2,0,0,1,51.2,1561.5,1
0,0,1,1,42,1,0,2,1,1,1,1,1,1,1,1,2,19.05,761.85,0
0,0,0,0,32,1,2,0,2,0,0,0,2,2,1,0,3,74.75,2282.95,0
0,0,1,1,22,1,2,1,0,0,0,0,0,0,0,1,0,75.8,1615.1,0
1,0,1,0,42,0,1,0,0,0,0,0,0,0,0,1,1,25.1,1097.15,0
0,0,0,0,8,1,0,0,0,0,0,0,0,0,0,0,3,44.45,369.3,0
0,0,1,1,65,1,2,1,2,0,2,0,2,2,2,1,1,104.3,6725.3,0
0,0,0,0,2,1,0,2,1,1,1,1,1,1,0,0,3,19.5,31.55,1
0,0,1,1,70,1,2,0,2,2,2,2,2,2,2,1,0,89.0,6293.2,0
1,0,0,1,22,1,0,2,1,1,1,1,1,1,0,0,1,20.15,432.5,0
0,1,0,0,4,1,2,1,0,0,0,0,0,0,0,1,2,74.9,321.75,1
0,0,0,0,2,1,2,1,0,0,0,0,0,0,0,0,1,74.9,147.15,1
0,0,1,1,67,0,1,0,2,2,0,0,0,0,2,0,0,36.15,2434.45,0
0,0,0,0,25,1,0,2,1,1,1,1,1,1,0,1,1,19.2,532.1,0
0,0,1,0,20,1,0,2,1,1,1,1,1,1,0,0,0,19.25,375.25,0
0,0,0,1,2,1,0,0,2,0,0,0,0,2,0,1,1,61.2,125.95,0
1,0,0,0,51,1,0,2,1,1,1,1,1,1,2,0,3,20.45,1042.65,0
0,0,1,1,46,0,1,0,2,2,0,0,0,0,0,0,0,35.05,1620.25,0
0,0,0,0,25,1,2,1,0,2,0,0,2,2,0,1,2,100.25,2387.75,1
1,0,0,1,13,1,0,0,0,0,0,0,0,0,0,0,3,44.0,659.35,0
0,1,0,0,25,1,2,1,2,2,0,0,2,2,0,1,3,102.8,2660.2,1
1,0,1,1,26,1,0,0,0,0,2,0,0,0,1,0,3,50.35,1285.8,0
1,0,0,0,43,1,2,1,0,0,0,2,2,2,1,1,2,100.0,4211.55,1
1,0,0,1,19,1,0,2,1,1,1,1,1,1,0,1,2,20.0,377.55,0
1,0,1,0,10,1,0,1,0,2,0,2,2,2,0,1,2,99.85,990.9,1
0,0,0,1,2,1,2,1,0,0,0,0,2,2,0,1,0,94.2,193.8,1
0,0,1,0,72,1,2,0,2,2,0,2,2,2,2,1,0,86.4,6058.95,0
1,1,0,0,18,1,2,0,2,2,0,0,0,0,0,1,1,58.4,964.9,0
1,1,0,0,9,1,2,1,0,0,0,0,0,2,0,1,2,83.85,790.15,1
0,1,0,0,27,1,2,1,0,0,2,0,0,2,0,0,1,88.3,2467.75,1
1,0,0,0,24,1,2,1,0,0,0,0,2,2,0,1,2,94.1,2322.85,0
1,0,0,0,69,1,0,1,0,2,2,2,2,2,1,1,0,104.05,7262.0,1
0,0,1,0,46,1,2,1,0,2,2,2,2,2,2,1,1,108.9,4854.3,0
0,1,0,0,72,1,2,1,2,2,2,2,0,2,2,1,0,107.4,7748.75,0
1,0,1,0,22,1,0,1,0,0,2,0,2,2,0,1,1,94.7,1914.9,1
0,1,1,0,70,1,2,1,2,0,0,0,0,2,0,1,2,90.85,6470.1,0
0,0,0,0,2,1,0,2,1,1,1,1,1,1,0,0,2,19.9,57.4,0
1,0,1,0,31,1,0,0,0,0,2,2,0,2,0,1,1,66.4,2019.8,0
0,1,1,0,56,1,2,1,0,0,2,0,2,2,0,1,0,100.65,5688.05,1
0,0,1,1,16,1,0,1,2,0,2,0,2,2,0,0,0,100.7,1522.7,0
1,0,0,1,52,1,2,2,1,1,1,1,1,1,2,0,1,25.6,1334.5,0
1,0,1,1,13,1,0,2,1,1,1,1,1,1,0,1,3,19.85,252.0,0
0,0,0,0,35,1,0,2,1,1,1,1,1,1,1,0,3,20.75,700.45,0
0,0,0,0,59,1,0,1,0,0,2,0,2,2,2,0,2,95.8,5655.45,0
1,0,1,0,72,1,0,1,0,0,2,0,2,2,0,1,2,94.65,6747.35,0
0,1,1,0,66,1,2,0,0,2,2,0,2,2,2,1,0,80.55,5265.1,1
0,0,1,0,49,1,2,1,2,2,2,2,0,2,2,0,1,106.65,5174.35,0
0,0,0,0,2,1,0,0,0,0,0,0,0,0,0,1,3,45.85,105.6,0
1,1,0,0,21,1,2,1,0,2,2,0,2,2,0,1,2,104.35,2271.85,0
1,1,0,0,54,0,1,0,0,2,2,0,2,2,1,1,2,55.45,2966.95,0
1,1,1,0,24,1,2,1,2,0,0,0,0,0,0,1,2,78.85,1772.25,1
1,0,0,0,1,1,2,0,2,2,0,0,0,0,0,0,2,61.15,61.15,0
1,0,0,0,6,1,0,1,2,2,0,0,0,0,0,1,2,78.95,494.95,0
0,0,0,0,1,1,0,0,0,0,0,0,0,0,0,1,3,44.45,44.45,1
1,0,0,1,49,1,2,1,2,2,2,0,2,2,1,1,1,109.2,5290.45,0
0,0,1,1,56,1,0,0,2,2,2,0,0,0,2,1,1,61.3,3346.8,0
0,1,0,0,56,1,2,1,2,2,0,0,0,2,0,1,2,96.85,5219.65,0
0,0,1,1,6,0,1,0,0,2,2,2,0,0,2,0,3,40.55,217.5,0
1,0,0,0,32,1,0,2,1,1,1,1,1,1,1,0,3,19.8,607.7,0
1,0,1,1,50,1,2,1,2,2,2,0,2,2,1,1,2,108.25,5431.4,0
1,0,1,1,58,1,2,1,0,0,2,2,2,2,1,1,0,105.05,6004.85,0
0,0,1,1,65,1,2,0,2,2,2,2,2,2,2,1,3,90.45,5957.9,0
0,0,0,0,64,1,2,0,2,2,2,2,2,2,2,1,1,86.4,5442.05,0
0,0,1,0,66,1,2,0,2,2,2,0,0,0,2,0,0,66.9,4370.25,0
1,0,1,0,38,1,2,1,2,0,2,2,2,2,1,1,2,110.7,4428.6,0
0,0,1,0,20,1,0,2,1,1,1,1,1,1,1,1,3,20.0,416.45,0
1,0,0,0,36,1,2,1,0,0,0,0,0,2,0,1,2,84.9,3067.2,1
1,1,0,0,64,1,2,1,0,0,2,2,2,2,1,0,2,102.1,6688.1,0
1,0,0,0,1,1,0,2,1,1,1,1,1,1,0,0,3,20.25,20.25,1
0,0,0,0,60,1,0,0,0,2,2,2,2,0,1,1,1,70.15,4224.7,0
1,0,0,0,1,1,0,1,0,2,0,0,0,0,0,1,2,74.35,74.35,1
0,0,1,1,50,1,2,0,2,2,2,2,0,2,1,1,0,80.05,4042.2,0
1,0,0,0,1,1,2,0,0,0,2,2,0,0,0,0,3,62.05,62.05,1
0,0,1,0,72,0,1,0,2,2,2,0,0,2,2,1,2,49.2,3580.95,0
1,0,1,0,60,1,0,2,1,1,1,1,1,1,2,1,0,20.5,1198.8,0
1,0,0,0,46,0,1,0,2,0,2,2,0,0,2,0,3,38.25,1755.35,0
0,0,1,1,69,0,1,0,0,2,2,0,2,2,2,1,1,54.95,3772.5,0
1,1,0,0,31,1,2,1,0,0,2,2,2,0,0,1,0,96.6,2877.95,0
1,0,1,1,19,1,0,2,1,1,1,1,1,1,1,0,3,19.9,357.7,0
0,0,1,1,71,1,0,2,1,1,1,1,1,1,2,0,1,19.9,1397.3,0
1,0,1,0,12,1,0,1,2,2,2,0,0,0,0,1,2,84.6,959.9,0
1,0,1,1,39,1,0,0,2,0,2,2,2,2,1,0,1,80.0,3182.95,1
1,0,0,0,44,1,2,0,0,2,2,2,2,2,1,1,0,85.25,3704.15,0
0,0,1,1,56,1,2,0,2,2,2,2,2,0,2,0,1,81.25,4620.4,0
0,0,1,0,72,1,2,1,2,2,2,2,2,2,2,1,0,115.5,8312.75,0
1,0,0,0,5,1,2,1,0,2,2,0,2,2,0,0,3,104.1,541.9,1
0,0,0,0,11,1,2,1,2,0,0,0,0,0,0,1,0,79.0,929.3,0
1,1,1,0,24,0,1,0,2,0,0,0,0,2,0,0,0,39.1,971.3,1
0,1,1,0,15,1,0,1,0,2,0,0,2,2,0,1,2,94.65,1285.05,0
1,0,0,0,72,1,0,2,1,1,1,1,1,1,2,1,3,20.8,1521.2,0
1,0,1,0,56,1,2,0,0,2,2,0,0,0,2,0,1,59.5,3389.25,0
1,1,0,0,64,1,0,2,1,1,1,1,1,1,2,1,0,20.05,1198.05,0
0,0,1,0,34,1,2,1,0,0,2,0,2,2,0,1,2,100.45,3414.65,0
1,0,0,0,2,1,2,1,0,0,0,0,0,0,0,1,2,76.5,162.45,1
1,0,0,0,35,1,0,2,1,1,1,1,1,1,1,0,0,20.6,754.0,0
1,0,0,0,22,1,0,2,1,1,1,1,1,1,1,0,1,20.3,467.15,0
1,0,0,0,5,1,0,0,0,0,0,2,0,0,0,1,2,49.2,216.9,1
1,0,0,0,9,0,1,0,2,2,2,0,0,0,1,0,3,39.55,373.0,0
1,0,0,0,11,1,2,2,1,1,1,1,1,1,0,0,1,23.15,245.2,1
1,0,0,0,23,1,0,2,1,1,1,1,1,1,1,0,3,20.45,481.1,0
0,0,1,1,4,1,0,1,0,0,0,0,0,2,0,0,2,80.85,302.75,1
1,0,1,0,68,1,2,2,1,1,1,1,1,1,2,0,0,25.25,1728.2,0
1,0,1,0,33,1,0,1,0,0,0,0,2,2,0,0,2,91.25,2964.05,0
1,0,0,0,31,1,0,0,2,2,2,2,2,0,0,1,0,72.45,2156.25,0
1,0,0,0,1,1,2,0,0,2,0,2,0,0,0,0,3,60.1,60.1,1
0,0,0,0,56,1,0,2,1,1,1,1,1,1,2,0,0,19.7,1051.9,0
1,0,0,0,1,1,0,1,0,0,0,0,2,0,0,1,2,78.95,78.95,1
1,0,1,1,66,1,0,0,2,2,2,2,2,0,1,1,2,75.1,5013.0,0
1,0,1,1,72,1,2,2,1,1,1,1,1,1,2,0,0,25.0,1738.9,0
1,1,0,0,34,1,0,1,0,0,0,0,0,0,0,0,1,69.15,2275.1,0
0,0,1,1,58,1,0,1,0,2,2,0,2,0,0,1,2,91.55,5511.65,0
1,0,0,0,2,1,0,0,0,0,0,0,0,0,0,1,2,45.15,98.5,1
1,0,0,0,37,0,1,0,0,0,0,0,2,0,2,0,1,35.8,1316.9,0
0,0,0,0,71,1,2,1,2,2,2,2,2,2,2,1,1,113.15,7993.3,0
1,0,1,1,1,1,0,2,1,1,1,1,1,1,1,0,1,19.85,19.85,0
1,1,1,1,71,1,0,2,1,1,1,1,1,1,2,0,1,19.8,1388.45,0
1,0,1,1,35,1,0,2,1,1,1,1,1,1,1,0,2,19.9,666.0,0
0,0,1,1,6,1,0,2,1,1,1,1,1,1,1,0,3,19.7,94.45,0
0,0,0,0,3,1,0,1,0,0,0,0,2,0,0,1,2,79.4,244.65,1
0,0,1,1,69,1,0,0,0,2,2,2,0,0,1,0,0,59.1,4134.7,0
1,0,0,0,44,0,1,0,0,2,2,0,2,2,1,1,3,53.95,2375.4,1
0,0,1,0,53,1,2,1,0,0,0,2,0,2,1,1,2,91.15,4862.5,0
0,0,1,0,24,1,0,1,0,2,2,0,2,2,0,1,1,99.3,2431.35,1
0,0,1,0,5,1,0,1,0,0,0,0,0,0,0,1,2,68.95,351.5,0
0,0,0,1,2,1,0,0,0,2,0,0,0,0,0,0,3,51.55,106.2,0
1,0,0,1,62,1,2,2,1,1,1,1,1,1,2,1,3,24.4,1413.0,0
0,0,1,0,19,1,0,1,0,0,2,0,2,2,0,1,2,96.8,1743.05,0
1,0,0,0,9,1,0,1,0,0,0,0,0,0,0,0,3,70.05,657.5,0
1,0,0,0,53,1,0,2,1,1,1,1,1,1,2,0,1,19.5,1050.5,0
1,0,0,0,5,1,0,1,0,0,0,0,0,2,0,0,3,78.75,426.35,0
0,1,1,1,71,1,2,0,2,2,0,0,2,0,1,0,2,69.2,4982.5,0
0,0,0,0,1,1,0,2,1,1,1,1,1,1,0,1,3,19.55,19.55,0
1,0,0,0,18,1,2,1,0,2,0,0,0,0,0,1,2,80.65,1451.9,1
1,0,0,0,72,1,2,1,0,2,2,0,2,2,2,1,2,103.65,7634.8,0
0,0,1,0,4,1,0,0,2,2,0,0,0,0,0,0,3,54.7,235.05,0
1,0,0,0,59,1,2,0,0,0,2,0,0,0,2,0,1,54.15,3116.15,0
0,0,0,0,1,1,0,1,0,0,0,0,0,0,0,0,3,71.1,71.1,1
0,1,1,0,31,1,2,1,0,0,0,0,0,2,0,1,2,84.85,2633.4,0
1,0,1,0,3,1,0,2,1,1,1,1,1,1,0,0,0,20.0,49.65,0
0,1,1,0,65,1,2,1,0,2,2,0,2,2,1,1,2,106.25,6979.8,1
1,0,1,0,49,1,0,1,0,0,2,2,2,2,1,1,1,99.25,4920.8,0
1,0,0,0,2,1,0,2,1,1,1,1,1,1,0,0,3,19.35,46.35,0
0,0,1,0,53,1,0,2,1,1,1,1,1,1,1,0,0,20.8,1021.8,1
0,0,1,0,55,1,0,1,2,0,0,0,2,2,1,1,2,94.75,5276.1,0
1,0,1,1,72,1,2,1,2,2,2,2,2,2,2,1,1,114.05,8289.2,0
0,1,0,0,36,1,2,1,0,0,0,0,0,0,0,1,0,74.9,2659.45,0
0,0,1,1,10,1,0,2,1,1,1,1,1,1,0,1,0,19.8,196.75,0
1,1,0,0,1,1,2,1,0,0,0,0,2,2,0,1,2,94.0,94.0,1
0,0,1,1,72,1,2,0,2,2,2,2,0,2,2,0,0,80.85,5824.75,0
0,0,0,0,28,1,0,0,0,2,0,2,0,0,0,0,0,54.65,1517.5,0
1,0,1,0,38,1,2,1,2,0,0,0,2,0,0,0,0,91.7,3479.05,0
0,0,0,0,61,1,2,1,2,2,2,2,2,2,1,1,2,118.6,7365.7,0
1,0,1,1,52,1,2,2,1,1,1,1,1,1,2,0,3,24.55,1331.05,0
1,0,0,0,67,1,0,2,1,1,1,1,1,1,1,1,3,19.45,1195.95,0
0,0,0,1,34,1,2,1,2,2,2,2,2,2,2,1,1,116.15,3946.9,0
0,0,0,0,54,1,0,0,2,0,2,2,2,2,2,0,2,80.6,4299.95,0
0,0,1,0,1,1,0,2,1,1,1,1,1,1,0,1,0,20.3,20.3,0
0,1,0,0,15,1,2,1,0,2,0,0,0,2,0,0,2,89.85,1424.95,1
0,0,0,0,4,1,0,0,0,0,0,0,0,0,0,1,3,46.0,193.6,1
0,0,0,0,9,1,0,0,0,2,0,2,2,0,0,0,3,66.25,620.55,1
0,0,0,1,46,1,0,1,0,2,2,0,2,2,0,1,2,99.8,4391.25,0
0,0,0,0,22,1,2,1,0,0,0,2,2,0,0,1,2,90.0,1993.8,1
1,0,0,0,38,1,0,1,0,0,0,0,0,0,1,1,0,70.45,2597.6,1
0,0,1,1,55,1,2,0,2,2,0,2,2,0,1,1,1,75.0,4213.9,0
0,0,0,0,1,1,0,2,1,1,1,1,1,1,0,0,3,19.9,19.9,0
1,1,1,0,64,1,0,1,2,0,2,0,0,0,1,0,1,80.3,5017.7,0
1,0,0,1,53,1,0,2,1,1,1,1,1,1,2,0,0,19.75,1052.35,1
0,0,1,0,58,1,2,0,2,0,2,2,2,2,2,1,2,84.3,4916.4,0
1,0,1,0,56,0,1,0,0,0,2,2,2,2,1,1,0,54.05,2959.8,0
1,0,1,1,72,1,0,1,2,0,2,2,2,2,2,1,1,104.9,7559.55,0
1,0,0,0,1,1,0,0,2,0,0,2,0,0,0,1,2,53.95,53.95,1
1,1,1,0,72,1,2,1,0,2,0,0,2,2,1,1,1,97.25,7133.1,0
1,0,0,0,22,1,2,1,0,0,0,0,0,2,0,0,2,83.05,1799.3,0
0,1,0,0,8,1,2,1,0,2,2,0,2,2,0,1,2,105.5,829.55,1
0,0,0,1,16,1,0,1,0,0,0,0,2,0,0,1,2,81.0,1312.15,1
0,0,0,0,39,0,1,0,0,2,2,2,0,0,0,0,0,41.1,1597.05,0
0,0,0,0,12,1,0,0,0,0,0,0,0,0,0,1,0,45.0,524.35,0
1,0,1,0,54,1,0,0,2,2,0,0,2,2,2,1,0,74.55,4191.45,0
0,0,0,0,18,0,1,0,2,2,0,2,0,0,1,1,3,40.2,711.95,0
1,0,1,0,32,1,0,0,2,2,0,2,0,2,1,0,3,70.5,2201.75,0
0,0,0,0,41,1,0,2,1,1,1,1,1,1,1,1,3,19.75,806.95,0
1,0,1,1,67,1,2,2,1,1,1,1,1,1,2,0,0,24.65,1620.45,0
1,0,1,0,65,1,2,1,2,0,2,0,2,2,0,1,2,104.25,6812.95,0
0,0,0,0,25,1,2,0,2,2,2,2,2,0,0,1,0,78.35,1837.9,0
0,0,1,1,1,1,0,1,0,0,0,0,0,0,0,1,2,69.8,69.8,1
0,0,1,0,67,1,2,1,0,2,2,2,2,2,1,1,1,109.7,7344.45,0
1,1,0,0,7,1,2,1,0,0,0,0,0,0,0,0,3,73.75,545.15,1
0,1,0,0,43,0,1,0,2,2,0,0,0,0,0,1,1,33.45,1500.25,0
0,0,0,0,24,1,0,1,2,0,0,0,2,2,0,1,2,94.6,2283.15,0
1,1,0,0,9,1,2,0,2,0,0,0,0,0,0,0,2,54.55,494.05,1
1,0,1,1,69,1,0,2,1,1,1,1,1,1,2,0,0,20.2,1376.5,0
0,0,0,1,37,1,0,2,1,1,1,1,1,1,1,0,0,20.3,755.4,0
1,0,1,1,20,0,1,0,2,0,2,2,0,0,2,1,1,39.4,825.4,0
1,0,0,0,7,1,0,1,0,0,0,0,0,0,0,0,0,69.15,488.65,0
0,1,0,0,37,1,2,1,0,0,0,0,0,0,0,1,2,76.25,2841.55,1
0,0,0,0,5,1,2,1,0,0,0,0,2,2,0,1,3,93.9,486.85,1
1,0,0,0,41,0,1,0,0,0,2,0,2,2,1,1,2,51.35,2075.1,0
0,0,0,0,54,1,0,1,2,2,0,0,2,2,1,1,1,100.05,5299.65,0
0,1,0,0,3,1,0,1,0,0,0,0,0,0,0,1,2,70.4,204.7,1
1,1,0,0,69,1,0,2,1,1,1,1,1,1,2,0,1,20.3,1356.3,0
0,0,0,0,53,1,0,1,0,2,2,2,0,2,1,1,1,94.45,5042.75,0
1,0,1,1,18,0,1,0,0,2,2,0,2,0,1,0,1,46.4,812.4,0
1,0,1,0,64,1,0,1,2,2,0,2,2,2,2,1,1,104.05,6605.55,0
0,0,1,1,31,1,2,1,0,2,0,0,0,2,0,1,2,91.15,2995.45,1
0,0,0,0,20,0,1,0,0,0,0,0,0,0,0,0,1,24.9,505.95,0
1,0,1,1,57,1,0,0,2,2,0,2,0,0,1,0,3,59.6,3509.4,0
1,1,1,0,63,1,2,1,2,2,2,0,2,2,2,0,1,108.5,6991.9,0
1,0,1,1,13,0,1,0,2,2,0,2,0,0,2,0,3,40.55,590.35,0
0,1,1,0,48,1,0,0,0,2,0,0,0,2,1,1,0,58.95,2789.7,0
0,0,0,0,2,1,0,1,0,0,0,0,0,0,0,1,2,70.95,137.95,1
1,0,1,1,57,1,0,2,1,1,1,1,1,1,2,0,3,20.75,1123.15,0
1,0,1,0,71,1,2,1,0,2,2,2,2,2,1,1,0,113.15,7953.25,0
0,0,1,1,7,1,2,0,0,0,0,0,0,0,0,0,2,48.8,349.8,0
0,0,0,0,16,1,2,0,0,0,0,0,0,2,0,1,0,63.05,1067.05,0
1,0,1,0,34,1,2,1,0,0,2,0,2,2,0,0,2,100.85,3527.3,0
0,0,1,0,37,1,2,1,0,0,2,0,2,2,0,1,2,99.5,3762.0,1
1,0,0,0,16,1,2,1,0,2,0,0,0,0,0,1,3,80.55,1248.9,0
1,0,0,1,48,1,2,0,2,2,2,0,0,0,1,1,0,64.4,3035.35,0
1,0,1,1,58,1,0,0,0,2,0,2,2,2,1,1,1,75.2,4300.8,0
0,0,1,0,72,1,2,0,2,0,2,2,2,2,2,1,0,84.9,6065.3,0
0,0,0,0,7,1,0,2,1,1,1,1,1,1,0,0,3,19.3,144.95,0
0,0,0,0,38,1,0,1,2,2,2,0,0,0,0,1,1,83.9,3233.6,1
0,1,1,0,48,1,2,1,2,2,2,2,2,2,0,0,2,117.45,5438.9,1
1,0,0,0,10,1,0,1,2,2,2,0,2,2,0,1,2,104.4,1081.45,1
0,0,0,0,30,1,0,0,2,2,2,2,2,0,1,0,1,74.65,2308.6,0
1,0,1,0,31,1,2,0,0,0,0,0,2,0,0,1,1,59.05,1882.8,0
0,1,0,0,46,1,2,0,0,0,2,2,0,2,1,1,1,69.1,3255.35,0
1,0,1,0,50,1,0,2,1,1,1,1,1,1,2,0,3,20.55,1067.65,0
1,0,1,0,28,1,0,1,0,0,0,2,0,0,0,0,0,76.55,2065.4,0
0,0,0,0,66,0,1,0,2,2,2,2,2,2,2,1,0,62.5,4136.4,0
1,1,0,0,8,0,1,0,0,0,2,0,0,0,0,1,2,29.4,221.9,1
0,0,1,1,41,1,0,1,0,0,2,0,2,2,0,1,0,94.9,3848.0,0
1,1,1,0,72,1,2,1,0,2,2,2,2,2,2,1,0,111.65,8022.85,0
0,0,0,0,7,1,0,2,1,1,1,1,1,1,1,0,3,19.9,173.15,0
0,0,1,1,38,1,0,2,1,1,1,1,1,1,0,0,3,20.45,781.25,0
1,0,0,0,44,1,0,1,2,2,2,0,2,2,1,1,2,106.05,4510.8,0
1,0,1,1,47,1,2,1,2,2,2,2,2,2,1,1,0,113.45,5317.8,0
1,0,1,1,53,1,0,1,0,2,0,2,2,0,0,1,2,92.55,4779.45,0
1,0,1,0,4,1,2,0,0,0,2,0,2,0,0,0,2,65.6,250.1,0
1,1,0,0,20,1,2,1,0,0,0,0,2,0,0,1,2,84.35,1745.2,0
1,0,0,0,2,1,0,0,0,0,0,0,0,0,0,0,3,44.65,74.9,1
1,1,1,0,57,1,2,0,0,2,2,0,2,0,1,1,1,71.1,4140.1,0
0,1,1,0,44,1,0,1,2,2,0,2,0,0,0,1,2,85.15,3670.5,0
1,0,0,0,24,1,0,0,0,0,2,0,0,0,0,1,3,49.7,1167.8,0
1,0,1,1,15,0,1,0,2,0,0,0,0,0,0,1,0,30.2,469.65,0
0,0,0,0,3,0,1,0,0,0,0,0,0,0,0,0,2,25.25,58.9,1
0,0,0,1,4,1,2,1,0,2,2,0,0,0,0,0,0,84.05,333.55,1
1,1,1,0,37,1,2,1,0,0,0,0,2,0,0,1,2,85.7,3171.15,1
0,0,0,0,1,1,0,1,0,2,0,0,0,0,0,1,2,74.7,74.7,1
0,0,0,0,24,1,0,0,2,0,0,2,0,0,0,0,1,56.35,1381.2,0
0,0,0,0,5,1,2,1,0,2,0,0,2,0,0,1,2,90.8,455.5,1
0,0,0,0,33,1,2,1,0,2,2,0,2,2,0,0,2,107.55,3645.5,0
0,0,1,1,58,1,0,2,1,1,1,1,1,1,2,1,3,19.85,1158.85,0
0,0,1,1,72,1,2,1,2,2,0,0,2,0,2,1,0,95.9,6954.15,0
0,0,1,0,71,1,2,2,1,1,1,1,1,1,2,0,3,23.85,1672.1,0
0,1,0,0,28,1,2,1,0,2,2,0,2,2,0,1,2,106.15,3152.5,1
1,0,1,0,51,1,0,0,2,2,2,2,2,2,2,1,1,83.85,4307.1,0
0,0,0,0,30,1,0,0,2,2,2,2,2,2,1,0,0,85.35,2530.4,1
1,1,1,0,72,1,0,1,2,2,0,2,0,0,2,1,1,84.8,6141.65,0
1,1,0,0,36,1,2,1,2,0,0,0,2,0,0,1,2,90.85,3186.7,1
1,0,0,1,14,1,0,0,2,2,2,2,0,2,2,0,0,76.1,1054.8,0
0,0,1,1,72,1,2,0,2,2,0,2,2,0,2,0,3,74.55,5430.65,0
0,0,1,1,22,0,1,0,0,2,0,0,2,0,0,0,2,39.2,849.9,0
0,0,0,0,2,1,2,1,0,2,0,0,0,0,0,0,2,79.55,151.75,0
0,0,0,0,15,1,0,2,1,1,1,1,1,1,0,0,3,19.6,299.4,0
1,0,1,1,51,1,0,2,1,1,1,1,1,1,2,0,1,19.55,1086.75,0
1,0,1,0,70,0,1,0,2,0,2,2,0,0,2,1,1,39.15,2692.75,0
0,0,1,1,71,1,0,2,1,1,1,1,1,1,2,0,0,20.1,1389.6,0
0,0,1,1,39,1,2,1,0,0,0,2,2,2,0,1,1,99.95,3767.4,0
0,0,1,1,61,1,2,0,2,2,0,0,0,0,0,0,2,59.8,3641.5,0
0,0,0,0,52,1,0,0,2,0,0,0,0,0,0,1,0,49.75,2535.55,0
0,0,0,0,1,0,1,0,0,0,0,0,2,0,0,1,2,35.75,35.75,1
1,0,1,0,64,1,2,1,2,0,2,2,2,2,1,1,3,108.5,6880.85,0
1,0,1,0,62,1,0,0,0,2,2,2,0,0,2,1,1,60.15,3753.2,0
1,0,1,0,30,1,0,2,1,1,1,1,1,1,2,0,3,19.05,637.55,0
0,1,1,1,4,1,0,0,0,0,0,0,0,0,0,0,2,46.0,181.6,1
1,1,1,0,63,1,0,0,2,2,2,2,2,2,1,1,0,84.0,5329.55,0
0,0,0,0,1,1,0,0,0,0,0,0,0,0,0,1,1,44.55,44.55,0
1,0,1,0,15,1,2,1,0,0,2,2,2,2,0,1,2,103.45,1539.8,0
1,0,1,1,27,1,0,1,2,2,0,0,0,0,1,1,1,80.65,2209.75,0
0,0,0,1,4,0,1,0,2,2,2,0,2,2,0,1,3,57.2,223.75,0
0,0,1,0,72,1,2,1,2,2,2,0,2,2,2,1,2,110.75,7751.7,0
1,1,1,0,45,1,2,2,1,1,1,1,1,1,1,0,1,24.7,1174.35,0
0,1,0,0,45,1,2,1,2,2,0,2,2,0,0,1,2,97.05,4385.05,0
0,0,0,0,36,1,0,0,2,2,2,2,2,0,1,1,3,76.35,2606.35,0
1,0,1,1,17,1,0,1,2,0,2,0,2,0,0,1,2,89.4,1539.45,1
1,0,0,0,1,1,0,2,1,1,1,1,1,1,0,0,3,18.9,18.9,0
1,1,0,0,16,1,2,1,0,0,0,0,0,0,0,1,0,74.45,1261.35,0
1,0,0,0,3,1,0,2,1,1,1,1,1,1,0,1,3,19.8,58.15,1
1,0,1,1,4,1,2,0,0,0,0,0,0,0,0,1,2,50.9,225.6,1
0,0,1,0,71,1,0,0,2,2,2,2,2,2,2,1,1,84.4,5969.3,0
1,0,1,1,10,1,2,2,1,1,1,1,1,1,0,1,3,24.4,253.9,0
1,0,1,1,20,1,0,2,1,1,1,1,1,1,2,0,3,20.05,400.0,0
1,0,0,0,4,1,0,1,0,0,0,0,2,0,0,1,2,81.0,340.85,1
1,0,0,0,26,1,2,1,0,0,2,0,2,2,0,1,2,98.35,2515.3,1
0,0,0,0,4,1,0,0,0,0,0,0,2,0,0,0,1,55.5,227.35,0
1,0,0,0,5,0,1,0,0,2,0,0,2,2,0,1,3,51.0,305.95,1
0,0,1,0,4,1,2,1,0,2,0,0,2,0,0,1,2,91.65,365.4,1
1,1,1,0,29,1,2,1,0,0,0,0,0,2,0,1,2,84.3,2357.75,0
1,0,0,0,2,1,0,1,2,2,0,0,2,2,0,0,2,100.2,198.5,0
0,0,0,0,29,1,0,2,1,1,1,1,1,1,2,0,3,19.4,554.25,0
1,0,0,1,1,1,0,1,0,0,0,0,2,2,0,1,2,90.85,90.85,1
1,0,0,0,1,1,0,1,0,0,0,0,0,0,0,0,3,69.4,69.4,1
0,1,0,0,8,1,0,1,0,0,2,0,2,2,0,1,1,94.45,742.95,1
1,0,0,0,13,1,0,2,1,1,1,1,1,1,0,1,2,20.4,251.65,0
0,0,1,0,59,1,2,1,2,2,0,0,2,0,0,1,2,94.75,5597.65,0
0,0,1,1,1,1,0,2,1,1,1,1,1,1,0,1,1,20.15,20.15,1
1,1,0,0,50,1,2,1,0,0,0,0,2,2,0,1,2,95.7,4816.7,1
1,0,1,0,18,1,0,0,0,0,0,0,0,0,0,1,0,44.35,768.05,0
0,0,1,1,17,1,0,0,2,2,0,0,2,2,0,0,3,74.55,1215.8,0
1,0,1,0,47,1,0,0,0,2,2,0,2,2,2,0,2,73.6,3522.65,0
0,0,0,0,26,1,2,1,0,0,0,0,0,0,0,1,0,74.95,1834.95,1
0,0,0,0,6,0,1,0,0,0,2,0,2,2,0,1,2,47.95,305.1,1
1,0,1,1,19,1,2,0,0,0,0,0,0,0,0,0,1,50.1,910.45,0
0,0,0,0,3,1,2,0,0,0,0,2,2,0,0,1,2,63.6,155.65,1
0,1,1,1,68,0,1,0,0,2,2,0,2,2,2,1,2,53.0,3656.25,0
0,0,1,0,2,1,0,2,1,1,1,1,1,1,0,0,0,19.85,52.0,0
1,0,0,0,7,0,1,0,0,0,0,0,0,0,1,1,1,24.35,150.85,0
0,0,0,0,18,1,0,2,1,1,1,1,1,1,0,1,3,19.55,389.25,0
0,0,1,0,71,1,2,2,1,1,1,1,1,1,2,0,1,25.05,1873.7,0
1,1,1,0,13,1,2,1,2,2,0,0,0,2,0,0,1,93.8,1261.0,0
1,0,0,0,3,0,1,0,0,2,0,2,0,0,0,1,3,36.85,108.7,1
1,0,1,0,72,1,2,1,0,2,2,0,2,2,2,1,0,103.75,7346.2,0
1,0,1,1,66,0,1,0,0,2,2,0,2,2,2,1,1,56.75,3708.4,0
1,0,1,1,24,1,0,2,1,1,1,1,1,1,1,1,1,20.8,469.65,0
0,0,0,0,1,1,0,0,0,0,0,0,0,0,0,1,2,44.1,44.1,1
0,0,1,1,56,1,2,2,1,1,1,1,1,1,2,1,3,24.45,1385.85,0
0,1,1,0,22,1,2,2,1,1,1,1,1,1,1,0,0,25.6,548.8,0
1,0,0,0,14,0,1,0,0,0,2,0,2,2,0,1,2,50.75,712.75,1
0,1,1,0,61,1,2,1,0,2,2,0,2,2,1,1,1,104.4,6405.0,1
0,1,1,0,40,0,1,0,0,2,0,0,2,0,0,1,2,39.3,1637.4,1
0,0,0,0,42,1,0,0,2,2,2,0,0,0,0,0,0,59.65,2536.55,0
0,0,1,1,72,1,2,0,2,0,2,2,2,2,2,1,0,83.3,6042.7,0
0,0,0,0,12,1,2,1,0,0,0,2,0,0,0,1,1,79.55,958.25,0
1,0,1,0,71,1,2,2,1,1,1,1,1,1,2,0,0,24.45,1730.65,0
0,0,1,0,26,1,0,2,1,1,1,1,1,1,1,0,3,19.2,459.6,0
0,0,0,1,7,0,1,0,2,0,0,0,0,0,0,0,3,29.8,201.95,0
0,0,1,1,6,1,0,0,0,0,0,0,0,0,0,0,3,45.5,285.2,0
0,0,0,0,58,1,0,1,2,2,2,0,2,2,1,1,2,106.45,6145.85,1
1,0,1,0,51,0,1,0,0,2,0,0,0,0,0,1,1,30.05,1529.45,0
1,0,1,1,72,0,1,0,2,2,2,2,2,2,2,1,0,65.65,4664.5,0
0,0,0,0,18,1,0,1,2,0,0,0,2,2,0,1,2,96.05,1740.7,1
0,0,0,0,7,1,2,1,0,0,0,0,0,0,0,1,0,75.1,552.95,1
0,0,0,0,47,1,2,0,2,2,0,2,0,2,2,0,3,74.05,3496.3,0
1,1,0,0,2,1,0,0,0,0,0,0,0,0,0,1,2,44.7,93.7,1
1,1,0,0,62,1,2,1,0,2,2,2,2,2,1,1,0,110.75,7053.35,0
0,0,1,1,16,1,0,2,1,1,1,1,1,1,2,0,3,19.7,301.55,0
1,0,0,0,6,1,0,0,0,0,0,2,0,0,0,1,1,49.5,312.7,0
1,0,0,0,19,1,0,0,0,0,2,2,0,0,0,1,1,55.0,1046.5,1
0,0,1,1,69,0,1,0,2,0,2,0,0,2,2,1,1,43.95,2960.1,0
1,0,1,1,11,1,2,1,0,0,0,0,0,0,0,1,2,74.35,834.2,1
0,0,1,0,64,1,2,1,0,2,2,2,2,2,0,1,2,111.15,6953.4,0
0,0,1,0,39,1,0,1,2,0,2,2,2,2,1,1,1,104.7,4134.85,1
0,0,0,0,15,1,2,0,2,0,0,0,0,0,0,1,3,55.7,899.8,1
1,0,0,0,25,1,0,2,1,1,1,1,1,1,0,0,3,20.6,541.5,0
0,0,0,0,6,1,0,2,1,1,1,1,1,1,2,0,1,19.65,116.85,0
1,0,1,0,66,1,2,1,2,2,2,2,2,2,1,0,0,115.8,7942.15,0
0,0,0,0,61,1,2,0,0,2,2,2,2,2,2,0,1,88.65,5321.25,0
0,1,1,0,43,1,2,1,2,2,0,0,2,0,0,1,2,94.5,4156.8,0
0,0,0,0,12,1,0,2,1,1,1,1,1,1,0,0,3,20.1,223.6,0
1,1,0,0,23,0,1,0,0,0,0,0,0,2,0,1,0,34.65,768.45,0
1,1,1,0,71,0,1,0,0,2,2,0,2,2,0,1,0,52.3,3765.05,0
0,0,0,0,34,1,2,0,0,0,0,2,2,0,0,0,3,65.0,2157.5,0
0,0,0,0,5,1,0,2,1,1,1,1,1,1,0,0,1,19.85,108.05,1
0,0,1,0,41,0,1,0,0,2,0,2,0,0,1,0,3,35.45,1391.65,0
0,0,1,1,72,1,0,2,1,1,1,1,1,1,2,0,1,19.7,1379.8,0
1,1,0,0,14,1,2,1,0,0,0,0,2,2,0,1,2,95.6,1273.3,0
0,0,0,0,41,1,0,2,1,1,1,1,1,1,2,1,3,19.85,810.45,0
0,0,1,1,23,1,2,1,2,0,0,0,0,0,1,0,1,81.85,1810.85,0
1,0,1,1,71,1,0,1,2,2,2,2,2,2,2,0,1,109.3,7782.85,0
0,0,0,0,1,1,0,1,0,0,0,0,0,0,0,1,2,70.3,70.3,1
1,0,1,0,72,1,2,2,1,1,1,1,1,1,2,0,3,25.4,1797.1,0
1,0,1,1,6,1,0,1,0,0,0,0,0,0,0,1,2,69.8,377.85,0
1,0,1,1,23,1,0,2,1,1,1,1,1,1,1,1,1,20.0,445.3,0
1,1,1,0,10,1,2,1,0,0,0,0,0,2,0,0,2,85.55,851.75,1
0,0,0,0,72,1,0,1,2,2,2,2,2,2,2,1,2,109.9,7624.2,0
0,0,1,0,7,1,0,0,2,0,0,0,0,0,0,1,0,50.3,355.1,0
1,0,0,1,6,1,0,1,0,0,2,0,2,2,0,0,3,94.5,575.45,1
1,0,1,1,9,1,0,1,0,2,0,2,2,2,0,1,2,101.5,906.85,0
0,0,0,0,12,1,2,1,0,2,0,0,0,2,0,1,2,89.15,1057.55,0
0,0,0,0,1,1,0,2,1,1,1,1,1,1,0,1,3,19.4,19.4,0
0,1,1,1,48,0,1,0,0,2,0,0,0,0,1,0,0,29.9,1388.75,0
1,0,0,0,20,1,0,1,0,0,0,0,2,0,0,0,2,78.8,1641.3,0
0,1,1,0,16,1,2,1,0,0,0,0,0,2,0,1,1,85.35,1375.15,1
0,0,0,0,2,1,0,1,0,0,0,0,2,0,0,1,3,79.65,152.7,1
0,0,0,0,10,1,0,2,1,1,1,1,1,1,1,1,3,19.3,185.2,0
0,1,0,0,2,1,0,1,0,0,0,0,0,2,0,1,2,79.6,195.05,1
1,0,1,1,20,1,2,1,0,2,0,2,2,0,0,0,3,96.8,1826.7,0
1,0,1,0,20,1,0,2,1,1,1,1,1,1,1,0,3,20.65,417.5,0
1,0,1,1,19,1,0,2,1,1,1,1,1,1,1,0,3,19.8,344.5,0
1,1,0,0,19,1,2,1,2,0,0,0,2,0,0,1,2,90.6,1660.0,1
1,0,1,0,22,1,0,1,2,2,0,2,2,2,0,1,2,104.6,2180.55,0
0,0,0,0,35,1,2,1,0,0,0,2,0,0,0,0,1,80.05,2835.9,0
0,0,0,0,1,1,0,0,0,0,0,0,0,0,0,0,3,45.15,45.15,0
1,0,0,0,39,1,2,1,0,0,0,0,0,0,0,1,1,73.15,2730.85,0
0,1,1,0,54,1,0,1,0,0,2,2,2,2,1,1,2,99.1,5437.1,0
0,0,0,0,1,1,0,2,1,1,1,1,1,1,0,1,0,20.2,20.2,1
1,0,1,0,66,1,2,1,2,0,2,0,2,2,2,1,1,106.05,6981.35,1
1,0,0,0,56,1,2,1,2,0,0,2,2,2,0,1,3,105.35,5794.45,0
1,0,0,1,18,1,0,0,0,0,0,0,0,0,0,1,1,45.65,747.2,0
0,0,1,1,16,1,2,1,0,2,0,0,0,0,0,1,1,79.95,1267.95,0
0,0,0,0,68,1,0,0,2,0,2,0,0,0,1,1,1,54.45,3674.95,0
0,1,1,0,53,1,2,2,1,1,1,1,1,1,2,0,1,25.1,1275.6,0
0,0,1,1,72,1,2,0,2,0,2,2,2,2,2,0,1,84.7,5893.9,0
1,0,0,0,9,1,2,1,0,0,0,0,0,0,0,1,2,75.85,724.65,0
0,0,0,0,30,1,0,0,2,0,0,0,0,0,0,1,3,48.8,1536.75,0
0,0,0,0,36,1,2,1,0,2,0,0,2,2,0,1,2,99.15,3615.6,1
0,0,0,0,18,0,1,0,0,0,2,2,0,0,0,1,2,35.2,607.3,0
0,1,1,1,55,1,2,0,2,0,2,2,2,0,1,0,2,76.25,4154.55,0
0,0,1,0,39,0,1,0,2,0,2,0,2,2,0,0,2,55.9,2184.35,1
1,0,0,0,21,1,2,1,0,2,0,0,0,0,0,1,2,82.35,1852.85,1
1,0,0,0,2,0,1,0,0,2,2,2,0,0,0,1,1,40.4,77.15,1
1,1,0,0,33,1,2,2,1,1,1,1,1,1,1,1,0,24.9,847.8,0
1,0,1,0,44,0,1,0,0,2,2,0,2,2,2,0,0,54.3,2390.45,0
0,0,1,1,30,1,0,0,2,0,0,2,0,2,0,0,0,66.3,1923.5,0
0,0,1,0,71,1,0,2,1,1,1,1,1,1,2,1,0,20.9,1493.2,0
0,0,0,0,4,1,2,1,0,0,0,0,0,0,0,0,2,75.35,338.1,1
1,0,0,1,35,1,0,1,0,0,2,0,2,0,1,1,2,85.15,3030.6,1
1,0,1,0,1,1,0,1,0,0,2,0,0,0,0,0,1,75.35,75.35,0
1,1,1,0,23,1,2,1,0,2,2,0,2,2,0,1,2,104.45,2184.85,0
0,0,0,1,22,0,1,0,0,0,2,0,2,2,1,1,1,49.45,1031.4,0
0,0,0,1,49,1,0,2,1,1,1,1,1,1,1,0,1,19.45,921.3,0
0,0,1,1,42,1,0,1,0,0,2,0,2,2,0,1,2,92.15,3875.4,0
0,0,1,1,33,1,0,1,0,0,2,0,2,2,1,1,2,93.8,3124.5,1
0,0,1,1,7,1,0,2,1,1,1,1,1,1,2,0,3,19.85,144.15,0
0,0,1,1,67,1,2,1,2,0,2,2,0,2,1,1,0,100.25,6689.0,0
1,0,0,0,15,1,2,1,0,2,0,2,0,2,0,0,2,95.7,1451.1,0
1,0,1,0,67,1,2,1,0,2,2,0,0,2,2,1,2,93.15,6368.2,0
1,0,1,1,53,1,0,0,2,2,0,2,2,0,2,1,3,69.7,3729.6,0
1,0,1,1,21,1,0,2,1,1,1,1,1,1,1,0,3,19.8,350.1,0
0,0,1,1,40,1,0,0,2,2,0,2,0,2,0,1,3,71.35,2847.2,0
0,0,1,1,22,1,0,2,1,1,1,1,1,1,1,0,0,20.75,452.35,0
1,0,0,0,39,0,1,0,0,0,0,2,0,2,0,1,2,40.6,1494.5,0
1,0,0,0,45,1,0,2,1,1,1,1,1,1,1,1,2,20.4,930.45,1
0,0,1,0,2,1,0,2,1,1,1,1,1,1,0,0,3,20.35,41.85,0
0,0,1,1,57,1,0,2,1,1,1,1,1,1,2,0,0,19.75,1272.05,0
1,0,1,1,8,1,0,0,0,0,0,0,2,0,0,1,2,54.4,475.1,0
1,1,1,0,7,1,2,1,2,2,0,0,0,2,0,1,1,94.7,673.1,1
1,0,0,0,6,0,1,0,0,2,0,0,0,0,0,1,1,30.5,208.7,1
0,0,1,1,7,1,0,2,1,1,1,1,1,1,0,0,3,20.45,150.75,0
1,0,0,0,49,1,2,0,0,0,0,2,2,0,2,1,0,66.15,3199.0,0
0,0,0,0,65,1,2,1,2,2,0,2,0,0,1,1,2,89.85,5844.65,0
0,0,0,0,55,1,0,0,0,0,0,0,0,0,1,0,0,45.05,2462.6,0
1,0,1,1,71,1,2,0,2,2,2,2,2,2,2,0,0,86.85,6263.8,0
1,0,0,0,35,1,2,1,2,2,2,2,0,0,0,1,3,96.75,3403.4,0
1,1,0,0,3,1,2,1,0,0,0,0,0,0,0,1,2,77.0,237.75,1
0,0,0,1,11,1,0,2,1,1,1,1,1,1,0,0,1,20.1,221.35,1
0,0,0,0,1,1,0,1,0,0,2,0,0,0,0,0,2,75.3,75.3,1
1,0,0,0,17,1,2,1,2,2,2,2,2,0,0,1,0,106.65,1672.1,0
0,0,1,0,72,1,2,1,2,0,2,2,2,2,2,1,1,110.15,7881.2,0
0,0,1,1,28,1,0,1,2,0,0,0,0,2,1,1,0,82.85,2320.8,0
0,0,1,0,18,1,0,2,1,1,1,1,1,1,2,0,3,20.1,370.5,0
0,1,1,0,40,1,0,1,0,2,0,2,2,2,1,1,1,99.2,4062.2,1
0,0,0,0,52,1,0,0,0,0,2,0,0,2,0,1,2,59.45,3043.7,0
0,0,1,0,47,1,0,0,0,2,0,0,2,0,0,1,0,58.6,2723.4,0
0,0,0,0,23,1,0,0,0,0,2,0,0,0,0,0,1,49.7,1081.25,0
1,0,1,1,66,1,0,0,2,2,2,2,0,0,2,0,3,65.85,4097.05,0
0,0,0,0,8,1,2,1,0,0,0,0,0,0,0,1,2,73.5,632.2,0
1,1,0,0,47,1,0,1,2,0,0,0,0,2,0,0,3,85.5,4042.3,1
0,0,0,0,7,1,0,2,1,1,1,1,1,1,0,0,3,20.05,164.85,1
0,0,1,1,71,1,2,1,2,2,2,2,2,2,2,0,1,113.65,8166.8,0
0,1,0,0,50,1,2,1,2,2,0,0,0,0,0,1,2,83.4,4113.7,0
1,0,1,0,46,1,0,0,2,2,2,2,0,0,2,0,3,65.65,3047.15,0
1,0,0,0,1,1,0,1,0,0,0,0,0,0,0,0,2,70.4,70.4,1
0,0,0,0,66,0,1,0,2,0,2,2,2,2,2,1,0,61.35,4193.4,0
0,0,1,0,42,1,2,1,0,0,2,2,0,0,0,1,1,85.9,3729.75,0
0,0,0,0,5,1,0,1,0,0,0,2,0,0,0,1,3,75.65,399.45,0
1,0,1,1,7,1,0,0,2,0,0,0,0,0,1,1,2,49.75,331.3,1
1,0,0,0,29,1,2,0,0,2,2,0,0,2,1,0,1,70.9,1964.6,0
0,0,1,1,27,1,0,0,0,2,0,0,0,0,0,0,3,49.85,1336.15,0
0,1,0,0,15,1,0,1,0,2,0,0,0,0,0,1,1,75.3,1147.45,1
0,0,1,1,25,1,0,2,1,1,1,1,1,1,2,0,3,20.1,486.05,0
0,0,1,0,11,1,2,1,0,0,0,0,2,2,0,1,2,94.0,1078.9,1
1,0,1,0,57,1,2,1,2,2,2,2,2,0,0,1,2,103.05,5925.75,0
1,0,0,0,67,1,2,1,2,2,2,2,2,2,1,1,0,118.35,7804.15,1
0,1,1,0,47,1,2,1,0,0,2,0,2,2,0,0,2,99.7,4747.2,0
0,0,0,0,13,1,0,1,0,0,0,0,2,0,0,1,3,81.9,1028.9,0
1,0,0,0,8,0,1,0,2,0,0,0,0,0,0,1,2,30.45,226.45,1
0,0,1,0,44,1,2,1,0,0,0,0,2,2,0,1,2,96.1,4364.1,1
1,0,1,1,71,1,2,0,2,0,0,0,2,0,1,1,2,66.2,4692.55,0
1,1,1,0,24,1,2,1,0,2,2,0,2,2,0,1,2,104.25,2433.9,1
1,1,0,0,15,1,2,1,0,2,0,0,0,0,0,1,2,80.2,1217.25,1
0,0,0,0,1,1,0,2,1,1,1,1,1,1,0,0,2,19.75,19.75,0
1,1,0,0,2,1,2,1,0,0,0,0,0,0,0,1,3,72.6,154.3,0
1,1,0,0,55,1,2,1,2,2,2,2,2,2,0,1,2,116.5,6382.55,0
1,1,0,0,71,1,2,1,0,2,0,2,2,2,2,1,2,106.8,7623.2,0
1,0,1,1,50,1,2,2,1,1,1,1,1,1,2,0,3,24.95,1261.45,0
1,0,0,0,1,1,0,1,0,0,0,0,2,2,0,1,2,89.25,89.25,0
1,0,0,0,5,1,0,2,1,1,1,1,1,1,0,1,3,19.25,86.05,0
0,0,0,0,66,1,2,1,2,2,2,2,2,0,1,1,0,104.55,6779.05,0
0,0,1,1,49,1,0,0,2,2,2,2,2,2,1,1,3,87.2,4345.0,0
0,1,1,0,3,0,1,0,0,2,0,0,0,0,0,1,2,30.75,82.85,0
1,0,1,1,66,1,2,2,1,1,1,1,1,1,1,1,1,25.7,1714.55,0
1,0,0,1,11,1,2,1,0,0,0,0,0,2,0,0,2,86.2,893.2,0
1,0,0,0,28,0,1,0,0,0,0,2,0,0,0,1,1,30.1,810.85,0
1,0,1,0,65,1,2,1,2,2,2,0,2,0,2,1,2,99.35,6347.55,0
0,0,0,0,62,1,0,2,1,1,1,1,1,1,2,1,1,19.2,1123.65,0
0,0,1,0,2,1,0,2,1,1,1,1,1,1,0,0,0,20.1,43.15,0
0,0,0,0,2,1,0,2,1,1,1,1,1,1,0,0,1,20.35,35.1,0
0,0,1,1,55,1,2,2,1,1,1,1,1,1,2,1,1,25.65,1388.0,0
1,1,1,0,41,1,0,1,0,2,0,0,2,2,0,1,2,94.55,3851.45,0
0,0,1,1,17,1,2,1,2,0,2,0,2,2,0,1,2,104.2,1743.5,1
0,0,0,0,30,1,0,1,0,0,0,2,2,2,1,1,0,94.4,2638.1,0
1,0,0,0,17,1,0,0,2,2,0,0,0,0,1,0,3,56.1,946.95,0
0,0,1,1,16,1,0,0,2,2,0,2,0,2,2,0,0,68.25,1114.85,0
1,0,0,0,72,1,2,2,1,1,1,1,1,1,2,0,0,24.75,1777.6,0
1,0,0,0,9,1,2,1,0,0,0,0,0,0,0,1,2,76.25,684.85,0
0,0,0,0,1,1,0,1,0,2,0,0,0,0,0,0,2,74.35,74.35,0
1,0,0,1,23,1,0,0,0,2,0,2,0,0,0,0,2,54.15,1312.45,0
1,0,0,1,8,1,0,2,1,1,1,1,1,1,0,0,0,19.45,159.2,0
1,0,1,1,19,0,1,0,2,2,0,0,0,0,0,1,3,34.95,610.2,0
0,0,0,0,7,1,2,0,2,0,0,0,0,0,0,1,2,53.65,404.35,0
1,1,0,0,1,1,0,1,0,0,0,0,0,0,0,1,2,69.65,69.65,1
1,0,0,0,61,1,2,1,2,0,2,0,2,2,1,0,2,104.0,6363.45,0
0,0,1,0,57,1,0,0,2,2,0,2,2,0,2,1,1,70.35,4124.65,0
1,0,0,0,9,1,0,1,0,0,0,0,0,2,0,1,2,80.8,713.1,1
1,0,0,1,15,1,0,0,2,0,2,0,0,2,1,0,3,64.85,950.75,0
0,0,0,0,1,1,0,2,1,1,1,1,1,1,0,0,3,19.65,19.65,0
0,0,1,0,12,1,0,0,0,0,0,0,0,0,0,0,0,45.9,505.95,0
1,0,0,0,54,1,0,2,1,1,1,1,1,1,2,0,3,20.0,1149.65,0
1,0,1,1,4,1,0,0,0,0,0,0,0,0,0,0,2,44.8,169.65,0
0,0,0,0,7,1,0,1,0,0,0,0,2,0,0,1,3,80.3,526.7,1
0,0,1,0,20,1,0,2,1,1,1,1,1,1,1,0,3,20.35,393.15,0
0,0,0,1,26,0,1,0,2,0,0,2,0,2,0,0,3,45.8,1147.0,0
1,1,1,0,36,1,2,1,0,0,0,0,0,2,0,1,2,84.1,3021.6,1
0,0,1,0,53,1,2,1,0,2,2,2,2,2,1,1,0,108.95,5718.2,0
1,0,0,0,3,1,0,0,0,0,0,2,2,2,0,1,2,69.35,191.35,1
0,0,0,0,68,0,1,0,2,2,2,2,2,2,2,0,1,64.35,4539.6,0
1,0,1,1,72,1,2,0,2,2,2,2,2,2,2,1,1,90.8,6397.6,0
1,0,0,0,12,1,2,2,1,1,1,1,1,1,1,0,1,24.95,280.4,0
0,1,1,1,34,1,2,1,0,2,0,0,0,0,0,1,3,79.6,2718.3,1
0,0,1,0,68,1,2,1,2,2,0,0,0,0,2,1,0,84.7,5711.05,0
0,0,0,1,50,1,0,0,2,0,2,2,2,0,1,1,1,70.8,3478.15,0
0,1,0,0,1,0,1,0,0,0,0,0,2,0,0,1,2,36.45,36.45,1
0,1,0,0,41,1,2,1,0,2,2,0,2,2,0,1,2,104.4,4133.95,0
1,1,1,0,30,1,2,1,0,0,0,2,2,2,0,1,2,101.5,2917.65,0
1,0,0,0,1,1,2,0,0,2,0,0,0,0,0,0,2,54.3,54.3,0
1,1,1,1,29,1,2,1,0,0,2,0,2,2,0,1,2,103.95,2964.8,0
0,0,1,1,23,1,2,0,2,2,2,2,2,2,2,1,1,91.1,2198.3,0
1,0,0,1,60,1,0,2,1,1,1,1,1,1,2,0,3,19.95,1189.9,0
0,0,1,0,72,1,2,2,1,1,1,1,1,1,2,0,1,26.45,1914.5,0
1,0,0,1,22,1,0,1,0,2,2,0,2,0,0,1,2,89.4,2001.5,1
1,0,0,0,72,1,0,0,2,2,2,2,2,0,2,1,0,75.1,5336.35,0
0,1,0,0,66,1,2,1,0,2,2,0,2,2,1,0,0,108.1,7238.6,0
0,0,1,0,72,1,2,1,0,2,2,2,2,2,2,1,2,110.15,7998.8,0
0,1,1,0,47,1,2,1,2,0,0,0,0,0,0,0,2,80.35,3825.85,1
0,0,0,0,51,1,2,1,0,2,2,2,2,2,1,1,2,111.5,5703.25,0
0,0,1,1,70,1,2,1,0,2,2,0,2,2,1,1,2,106.5,7397.0,0
1,0,0,0,9,1,0,2,1,1,1,1,1,1,1,1,2,19.9,164.6,0
1,0,1,1,59,1,2,1,2,2,0,2,2,2,2,1,3,111.1,6555.2,0
1,0,0,1,3,1,0,0,0,0,0,2,2,2,0,0,3,70.7,225.65,0
1,1,1,0,38,0,1,0,0,0,0,0,0,0,0,1,2,24.85,955.75,0
0,0,0,0,37,1,2,1,2,2,2,0,0,0,0,0,0,91.2,3382.3,0
1,0,0,0,37,1,0,0,2,2,2,2,0,0,2,0,0,65.6,2313.8,0
0,1,1,0,24,0,1,0,0,0,2,0,0,2,0,1,1,40.65,933.3,1
0,0,1,1,14,1,0,0,2,2,0,2,0,0,0,0,0,59.45,780.85,0
1,0,1,0,72,1,2,1,2,2,0,2,2,2,2,1,1,109.95,7852.4,0
1,0,1,0,53,0,1,0,0,2,2,2,2,2,1,1,2,60.45,3184.25,1
0,0,1,0,8,1,2,1,0,0,0,0,0,2,0,1,2,84.9,764.95,1
1,0,1,1,72,0,1,0,2,2,2,0,0,0,2,0,1,38.5,2763.0,0
0,1,1,0,17,1,2,1,0,0,0,0,2,2,0,1,2,92.55,1614.7,0
0,0,1,1,2,1,0,1,0,2,0,0,0,0,0,1,0,73.55,145.4,1
0,0,1,0,8,1,0,2,1,1,1,1,1,1,0,0,0,20.15,156.25,1
0,0,1,0,48,0,1,0,0,2,2,0,0,0,1,0,3,34.7,1604.5,1
0,0,0,0,10,1,2,2,1,1,1,1,1,1,0,1,3,24.5,270.15,0
1,0,0,0,1,1,0,2,1,1,1,1,1,1,0,0,3,20.6,20.6,0
0,0,0,0,29,1,0,0,2,0,2,2,0,0,1,0,1,58.0,1734.5,0
0,1,1,1,65,1,2,1,0,2,2,0,2,2,1,1,2,107.45,7047.5,0
0,0,0,0,8,1,2,0,2,2,2,0,0,0,0,1,0,65.5,573.15,0
1,0,1,0,61,1,2,2,1,1,1,1,1,1,2,0,0,25.45,1538.6,0
0,1,0,0,45,1,2,1,0,0,2,0,2,2,1,1,0,100.15,4459.8,0
1,0,1,1,72,1,2,1,0,2,2,0,2,2,1,1,1,104.45,7459.0,0
1,0,1,1,12,1,0,2,1,1,1,1,1,1,0,1,2,21.15,306.05,0
1,0,0,0,7,1,2,1,0,0,0,0,2,2,0,0,2,96.2,639.7,0
1,0,0,0,9,1,0,0,0,0,0,0,0,0,0,1,3,44.4,348.15,0
0,1,1,0,43,1,2,1,0,0,2,2,2,2,1,1,2,107.55,4533.9,1
1,0,1,1,58,1,2,1,0,0,2,2,0,2,2,0,0,94.35,5563.65,0
1,1,1,0,16,1,2,1,0,0,2,0,2,2,0,1,2,98.75,1587.55,1
1,0,1,1,2,1,0,2,1,1,1,1,1,1,0,0,3,20.3,40.25,0
0,0,1,0,8,1,0,1,0,2,2,0,2,2,0,0,2,101.15,842.9,1
0,0,1,0,40,1,2,1,2,0,2,0,2,2,1,0,0,105.75,4228.55,0
1,0,0,0,9,1,2,1,2,0,0,0,0,0,0,1,2,81.15,784.45,0
1,0,0,0,41,1,0,1,0,2,0,2,2,0,1,1,2,89.55,3729.75,0
0,0,0,0,26,1,0,0,0,2,2,0,0,0,0,1,1,54.75,1406.9,0
0,0,1,0,33,1,0,0,0,2,0,2,0,0,1,1,1,53.75,1857.3,0
1,0,1,1,68,1,0,1,0,2,2,2,2,2,1,0,1,105.75,7322.5,0
0,1,1,0,65,1,0,1,0,2,2,2,2,2,2,1,1,105.85,6725.5,0
1,0,0,0,55,1,0,0,0,2,0,2,0,2,1,1,2,64.2,3627.3,0
1,0,0,0,20,1,2,1,0,0,2,0,2,0,0,1,2,88.7,1761.45,1
1,0,0,0,19,1,0,1,0,0,0,2,0,2,1,1,1,87.7,1725.95,0
0,0,0,0,45,1,2,1,0,0,2,0,0,2,0,1,1,89.3,4192.15,0
0,0,1,1,70,1,0,2,1,1,1,1,1,1,2,1,1,20.15,1411.2,0
0,0,0,0,2,1,0,1,0,0,0,0,2,0,0,1,2,79.75,164.5,1
0,0,0,0,27,1,2,1,0,0,0,0,2,2,0,1,3,94.55,2724.6,1
0,0,1,0,12,1,0,2,1,1,1,1,1,1,2,1,2,20.05,264.55,0
1,0,0,1,72,0,1,0,2,2,2,2,2,2,2,0,1,67.2,4671.7,0
1,0,0,0,12,1,2,1,0,0,0,0,2,2,0,0,2,94.55,1173.55,0
0,1,0,0,5,1,0,1,0,0,0,0,0,0,0,1,3,69.05,318.5,1
1,1,1,0,71,1,2,1,2,2,2,0,2,2,0,1,2,107.5,7713.55,0
1,1,0,0,35,1,0,0,0,0,2,2,2,2,1,1,2,73.0,2471.25,0
1,0,1,1,70,1,2,1,2,2,2,2,2,2,2,0,1,114.75,7842.3,0
0,0,0,0,31,1,2,1,0,0,0,0,0,0,0,1,2,76.05,2227.8,0
1,0,1,1,52,1,2,1,0,0,2,2,0,2,2,1,0,96.25,4990.25,1
1,1,0,0,37,1,2,1,0,0,2,0,2,2,0,1,2,101.1,3744.05,1
1,0,0,0,69,1,2,1,0,2,0,2,2,2,1,1,0,104.7,7220.35,1
1,1,1,0,30,1,2,1,0,0,0,0,0,0,0,0,3,77.9,2351.45,0
0,0,0,0,33,1,2,1,2,0,0,0,0,2,0,1,2,90.65,2989.6,0
1,1,1,0,54,1,2,1,0,2,2,2,2,2,2,1,2,110.45,6077.75,0
0,0,0,0,59,1,2,0,2,0,0,2,0,2,1,0,0,68.7,4070.95,0
1,1,0,0,55,0,1,0,2,2,0,0,2,0,0,1,2,44.85,2479.05,0
1,1,1,0,69,0,1,0,0,0,2,0,0,0,1,1,1,29.8,2134.3,0
0,0,0,0,66,1,2,1,0,2,0,0,2,0,1,1,0,88.9,6000.1,0
1,0,1,1,37,1,0,0,2,0,2,2,0,0,1,1,3,58.75,2203.1,0
1,1,1,0,9,1,0,2,1,1,1,1,1,1,1,0,1,19.85,183.15,0
1,0,1,1,69,1,2,0,2,0,2,2,2,2,2,0,0,86.9,6194.1,0
1,0,0,0,10,1,0,0,0,2,0,0,2,0,0,1,3,59.65,638.95,0
1,0,0,1,40,1,0,0,2,2,0,0,0,0,0,1,3,55.25,2139.2,1
1,0,0,1,13,1,0,0,0,0,0,0,2,2,0,0,1,66.4,831.75,0
0,0,0,0,6,1,2,1,0,2,0,0,2,0,0,1,2,90.1,521.3,1
0,0,1,1,69,1,0,2,1,1,1,1,1,1,2,0,0,20.15,1337.5,0
0,1,1,0,66,1,2,1,0,2,2,2,2,2,1,1,1,108.1,7181.95,0
1,0,0,0,11,1,2,0,0,0,2,0,0,0,0,0,2,53.75,608.0,1
1,0,1,1,46,1,0,0,2,0,2,2,0,0,1,0,3,56.9,2560.1,0
0,0,0,0,6,1,0,1,0,0,0,0,2,2,0,0,2,89.3,577.6,1
0,0,1,1,56,1,2,1,2,0,2,2,2,2,0,1,3,109.6,5953.0,0
1,0,1,1,70,1,2,2,1,1,1,1,1,1,2,0,1,25.15,1790.15,0
0,0,1,1,33,1,2,0,0,0,2,2,2,2,1,1,2,79.15,2531.4,0
0,0,1,1,72,1,2,0,2,2,0,2,0,0,2,0,1,66.75,4760.3,0
0,0,1,0,3,1,2,1,0,0,0,0,2,2,0,1,2,95.2,292.85,1
0,0,0,1,19,1,0,0,0,0,0,2,0,0,0,0,3,48.8,953.65,0
0,1,0,0,5,0,1,0,0,0,0,0,2,2,0,0,2,45.7,198.0,1
0,0,1,0,71,1,0,0,0,2,2,2,2,2,2,1,1,80.7,5705.05,0
1,0,1,0,8,1,0,1,2,0,0,0,0,0,0,1,2,74.5,609.9,1
1,0,0,0,1,1,0,2,1,1,1,1,1,1,0,0,1,20.55,20.55,0
0,0,0,0,1,1,0,1,0,0,0,0,2,0,0,1,2,79.65,79.65,1
0,0,0,0,61,1,2,1,2,2,2,2,2,2,1,1,3,115.1,6993.65,0
0,0,1,1,71,0,1,0,2,2,0,2,2,2,2,0,0,59.7,4122.65,0
0,0,1,0,68,1,2,1,0,2,2,0,0,0,1,0,1,86.45,5762.95,0
1,0,0,0,46,0,1,0,0,0,2,2,0,0,1,0,1,33.7,1537.85,0
1,0,0,0,33,1,2,1,2,0,0,0,0,0,1,0,0,80.1,2603.3,0
0,0,1,1,53,1,2,1,2,2,2,2,0,2,2,1,0,104.05,5566.4,0
0,1,1,0,50,1,2,1,2,2,2,0,2,2,0,0,0,108.75,5431.9,0
0,0,0,0,57,0,1,0,2,0,2,2,0,0,1,1,1,41.1,2258.25,0
0,0,1,1,54,1,0,2,1,1,1,1,1,1,2,1,0,20.35,1092.35,0
0,1,1,0,60,1,2,1,0,2,2,0,2,2,0,1,2,105.9,6401.25,0
0,1,1,0,28,1,2,1,0,0,0,2,2,2,0,1,1,101.3,2812.2,1
0,0,1,1,1,1,0,1,0,0,0,0,2,0,0,1,3,80.05,80.05,1
1,0,1,1,29,1,2,1,0,0,2,0,0,2,0,1,2,89.2,2698.35,1
0,0,1,1,10,1,0,0,0,2,0,2,0,2,0,1,2,65.5,616.9,0
1,0,0,1,43,0,1,0,2,2,2,0,0,0,0,1,2,40.45,1912.85,0
1,1,1,0,13,1,0,1,0,0,0,0,0,0,0,0,0,70.45,849.1,0
0,0,1,0,43,1,0,0,2,0,2,2,2,2,2,1,2,78.8,3460.3,0
1,0,1,1,19,1,2,1,0,0,0,0,0,2,0,1,2,83.65,1465.75,1
1,0,1,1,1,1,0,1,0,0,0,0,2,2,0,1,2,90.1,90.1,0
0,0,0,0,69,1,0,0,2,0,2,2,2,2,2,1,1,82.45,5555.3,0
0,0,1,0,61,1,0,2,1,1,1,1,1,1,2,0,1,20.25,1278.8,0
1,0,1,0,43,1,2,0,2,2,0,2,0,0,0,0,0,66.25,2907.35,0
0,0,1,0,6,1,0,2,1,1,1,1,1,1,0,0,0,19.5,146.3,1
1,0,0,0,1,1,0,0,0,0,0,2,0,0,0,0,3,51.25,51.25,1
1,0,1,0,56,1,0,1,0,0,0,0,2,2,0,0,3,89.7,4952.95,0
0,0,1,0,70,0,1,0,2,2,2,2,2,2,2,0,0,64.55,4504.9,0
1,0,0,0,1,1,0,0,0,0,0,0,0,0,0,1,2,45.6,45.6,1
1,0,1,1,49,1,2,1,0,2,2,0,2,0,1,1,2,93.65,4520.15,0
0,0,0,0,6,1,0,0,0,0,0,2,0,0,0,1,0,49.65,267.35,1
0,0,1,1,32,1,0,0,2,2,2,2,0,2,2,0,3,73.6,2316.85,0
0,1,1,0,72,1,2,1,2,0,2,2,2,2,2,1,3,109.75,8075.35,0
1,0,0,1,37,1,0,0,2,2,0,2,0,0,2,0,1,61.45,2302.35,0
0,0,1,0,69,1,0,1,2,2,0,2,2,2,1,1,1,106.4,7251.9,0
0,0,1,0,26,1,0,0,0,2,2,2,2,2,0,0,0,81.9,2078.55,0
0,0,1,1,58,1,2,1,0,2,2,0,2,2,1,1,1,105.2,6225.4,0
1,0,0,0,24,1,2,0,0,0,0,2,0,0,1,0,0,54.6,1242.25,0
1,0,1,1,5,1,0,2,1,1,1,1,1,1,1,0,2,20.55,99.45,0
1,0,1,1,15,1,0,2,1,1,1,1,1,1,0,1,2,20.0,288.05,1
0,0,1,1,30,1,0,2,1,1,1,1,1,1,2,0,3,19.7,599.25,0
0,0,1,0,55,1,2,0,2,2,0,2,0,0,1,1,1,66.05,3462.1,0
0,0,1,0,25,0,1,0,0,0,0,0,2,0,0,1,0,34.0,853.0,1
1,1,1,0,10,1,0,1,0,2,2,2,2,0,0,1,3,92.5,934.1,1
1,0,1,1,44,0,1,0,2,2,2,2,0,2,2,1,1,54.05,2375.2,0
0,0,0,0,47,1,0,0,2,2,0,2,0,0,1,1,3,58.9,2813.05,0
0,0,1,1,13,1,0,1,0,0,0,0,2,2,0,0,2,88.35,1222.8,1
0,0,1,1,49,1,2,1,0,2,2,2,2,2,2,1,0,107.95,5293.2,1
0,0,1,0,64,1,0,1,2,0,0,2,2,2,1,1,3,96.9,6314.35,0
1,0,0,0,1,1,0,2,1,1,1,1,1,1,0,0,3,19.1,19.1,0
1,0,0,0,20,1,0,0,0,0,0,2,0,0,0,0,3,50.0,1003.05,0
0,0,1,0,37,0,1,0,2,0,0,2,2,0,2,0,2,45.4,1593.1,0
1,0,1,1,30,1,2,1,0,0,0,0,2,0,0,0,2,85.45,2509.95,0
0,0,0,0,38,1,2,0,2,2,2,0,2,2,1,0,0,84.1,3187.65,0
0,1,0,0,1,1,2,1,0,0,0,0,0,0,0,1,3,74.45,74.45,1
0,0,0,0,37,1,0,0,0,0,0,0,2,2,0,1,2,64.75,2345.2,1
0,0,1,0,52,0,1,0,2,2,2,2,2,2,2,0,1,66.25,3330.1,0
1,0,0,1,71,1,0,0,2,2,2,2,2,0,2,1,1,76.9,5522.7,0
1,0,0,0,26,1,0,1,0,2,2,0,2,0,0,0,2,89.8,2335.3,1
1,0,0,0,66,1,2,0,2,2,2,0,0,2,2,1,1,74.6,4798.4,0
1,0,1,0,72,1,2,1,2,2,2,2,2,2,2,1,1,116.95,8594.4,0
1,0,0,1,25,0,1,0,2,0,0,0,2,0,1,1,1,40.65,970.55,0
1,0,1,1,69,1,2,1,2,2,2,2,2,2,2,1,0,114.35,7665.8,0
1,0,1,1,53,1,2,0,2,2,0,0,0,2,2,0,0,69.7,3686.05,0
0,0,0,0,12,1,0,1,0,0,2,0,2,2,1,0,3,95.5,1115.15,1
1,0,0,0,26,1,0,1,0,0,2,2,2,2,0,1,2,98.65,2537.0,0
1,0,0,0,21,1,0,0,0,0,2,0,0,2,0,0,3,61.65,1393.6,0
0,0,0,1,1,1,0,1,0,0,0,0,2,2,0,1,2,89.35,89.35,0
1,0,0,0,48,1,2,1,2,0,0,2,0,2,0,1,2,95.4,4445.3,0
0,0,1,0,26,0,1,0,2,0,2,0,0,0,1,0,1,35.4,978.6,0
1,0,1,0,60,1,0,2,1,1,1,1,1,1,2,0,3,19.95,1258.15,0
1,0,0,0,18,1,0,2,1,1,1,1,1,1,0,0,3,19.25,331.35,0
0,1,0,0,10,0,1,0,0,0,0,2,0,0,0,1,2,29.65,291.4,1
1,0,1,1,5,1,2,1,2,0,2,0,0,0,0,1,2,84.5,453.75,1
0,0,0,1,4,1,0,2,1,1,1,1,1,1,1,1,3,20.4,84.75,0
1,0,1,1,65,1,2,2,1,1,1,1,1,1,2,0,1,24.75,1715.1,0
1,0,1,1,70,1,2,2,1,1,1,1,1,1,2,0,3,25.35,1715.15,0
1,0,0,0,18,1,2,1,0,0,2,0,0,2,0,1,1,90.7,1597.25,1
1,0,0,1,62,1,0,2,1,1,1,1,1,1,2,0,0,20.0,1250.1,0
0,0,1,1,66,1,0,0,2,0,0,0,2,0,2,1,2,59.75,3996.8,0
0,0,1,1,65,1,2,0,2,2,0,2,2,2,2,1,0,82.5,5215.1,0
0,1,0,0,3,1,0,1,0,0,0,0,0,0,0,1,2,70.3,235.5,1
0,0,0,0,34,1,0,2,1,1,1,1,1,1,0,0,3,20.35,673.2,0
1,0,1,1,16,1,2,1,0,0,2,0,2,0,0,1,0,90.8,1442.2,0
0,0,0,0,54,1,2,1,2,0,2,0,2,2,1,1,0,103.95,5639.05,1
0,1,0,0,50,1,2,1,0,0,2,2,2,2,0,1,2,104.95,5222.35,0
1,0,1,0,71,1,0,1,0,2,2,2,2,2,2,1,2,105.25,7291.75,0
0,0,0,0,10,1,2,1,0,0,0,0,0,0,0,1,2,74.75,799.65,1
0,0,0,0,1,1,0,0,0,0,0,2,0,0,0,1,2,50.8,50.8,1
1,0,0,0,18,1,2,2,1,1,1,1,1,1,1,0,3,23.75,424.5,0
1,0,0,0,4,1,0,0,0,0,0,2,2,0,0,1,2,61.3,249.4,0
0,0,1,1,58,1,2,0,2,0,2,2,2,0,2,0,3,75.8,4415.75,0
0,0,1,0,56,1,2,1,2,0,0,0,2,2,1,1,2,98.0,5270.6,0
1,0,0,0,2,1,0,1,0,0,0,0,2,0,0,1,2,80.25,144.55,1
1,0,1,0,32,1,2,1,0,0,2,0,0,0,0,1,2,78.9,2447.95,1
1,0,1,1,56,0,1,0,2,2,0,2,2,0,1,1,3,52.0,2884.9,0
1,0,0,0,36,1,2,1,0,0,0,0,0,2,0,1,2,84.75,3050.15,1
0,0,0,0,4,1,2,0,0,0,0,2,2,0,0,1,3,64.4,253.0,0
1,0,0,0,53,1,2,1,0,0,0,0,2,0,0,0,0,85.45,4517.25,1
1,0,0,0,10,1,0,0,0,0,0,0,0,0,0,1,1,45.8,436.2,0
1,0,0,0,4,0,1,0,0,0,0,2,0,0,0,0,2,30.5,118.4,0
1,0,1,1,1,1,0,2,1,1,1,1,1,1,0,0,3,19.9,19.9,1
0,0,1,0,51,1,0,1,0,0,0,0,0,0,0,0,3,69.15,3649.6,0
1,1,0,0,12,1,2,1,0,0,2,0,2,2,0,1,2,99.45,1200.15,1
0,0,0,0,6,0,1,0,0,0,0,2,2,2,1,1,3,49.25,255.6,0
1,0,1,1,63,0,1,0,0,2,2,2,0,0,2,0,0,39.35,2395.05,0
0,0,0,0,1,1,0,1,0,0,0,0,0,0,0,1,2,70.6,70.6,1
0,0,1,0,48,1,2,1,0,2,0,2,2,2,0,1,1,105.1,5083.55,0
0,0,0,0,5,1,0,1,0,0,0,0,2,0,0,1,1,81.0,389.6,1
0,0,0,1,35,1,0,2,1,1,1,1,1,1,1,1,1,20.1,644.5,0
1,0,0,0,6,1,0,1,0,2,0,0,2,0,0,1,2,84.85,523.5,1
1,0,0,0,2,1,0,2,1,1,1,1,1,1,0,0,3,19.75,39.3,0
0,0,0,0,50,1,0,2,1,1,1,1,1,1,1,0,0,19.75,989.05,0
0,0,0,0,33,1,0,1,0,0,0,0,0,0,0,1,0,70.4,2406.1,0
1,0,0,0,31,1,0,2,1,1,1,1,1,1,2,0,3,20.45,638.55,0
0,0,1,1,9,1,0,2,1,1,1,1,1,1,2,0,3,20.35,191.1,0
0,0,1,1,54,1,2,0,0,2,2,2,2,2,0,1,2,86.2,4524.05,0
0,0,0,0,46,1,0,1,2,2,2,0,2,0,1,1,1,95.65,4664.2,0
1,0,0,1,34,1,2,1,2,2,0,0,2,2,1,1,2,103.8,3470.8,0
1,0,1,1,71,1,2,1,2,0,0,0,2,2,2,1,2,97.2,6910.3,0
0,0,1,1,63,1,0,0,2,2,2,2,0,0,2,0,3,63.55,4014.2,0
0,0,0,0,51,1,2,2,1,1,1,1,1,1,2,0,0,24.95,1288.0,0
0,1,0,0,26,1,2,1,0,2,0,0,2,0,0,1,2,89.15,2277.65,1
0,0,1,0,64,1,0,1,2,0,2,0,2,2,2,1,0,99.0,6375.8,0
0,1,1,0,1,0,1,0,0,0,0,0,0,0,0,1,2,24.8,24.8,1
1,1,1,0,61,1,2,1,0,2,0,2,0,0,1,1,0,85.55,5251.75,0
0,0,0,0,15,1,0,1,0,0,2,0,2,2,0,1,1,94.0,1505.45,0
1,0,0,0,64,1,2,1,0,2,0,2,2,2,1,1,1,105.65,6903.1,1
0,0,0,0,18,1,2,0,0,0,0,0,0,0,0,1,2,50.3,913.3,0
0,0,1,1,57,1,0,1,0,2,0,0,2,2,1,1,2,95.0,5535.8,0
1,0,1,1,14,1,0,0,2,2,0,0,0,2,2,1,0,61.4,815.55,0
1,1,0,0,18,1,2,1,0,2,0,0,0,0,0,1,1,80.55,1411.65,0
0,1,1,0,72,1,2,1,2,0,0,0,0,0,2,0,0,78.5,5602.25,0
1,0,1,0,70,1,2,1,2,2,2,2,2,2,2,0,1,114.3,8244.3,0
0,0,0,0,38,1,0,2,1,1,1,1,1,1,2,0,3,20.05,741.5,0
1,0,1,1,68,1,0,0,2,2,2,2,0,0,2,0,1,62.65,4375.8,0
1,0,0,0,13,1,0,1,0,0,0,0,0,2,0,1,2,80.85,1008.7,1
1,1,1,0,65,1,2,1,2,2,0,0,2,0,2,1,1,92.7,5968.4,0
0,0,0,0,30,1,2,1,0,0,2,0,2,2,0,0,2,100.45,3096.9,0
1,0,1,0,51,1,2,0,0,0,0,2,2,2,2,1,0,75.2,3901.25,0
0,0,0,0,31,1,2,1,2,0,2,0,0,0,0,1,1,84.75,2613.4,0
0,0,1,0,9,1,0,1,0,0,0,0,2,2,0,0,2,89.45,853.1,1
0,0,1,1,72,1,2,0,2,2,2,2,0,2,2,1,0,79.5,5661.7,0
1,0,0,0,10,1,2,0,0,0,0,0,2,2,0,1,1,72.15,794.25,1
0,0,0,0,37,1,0,2,1,1,1,1,1,1,1,1,2,19.8,695.05,0
0,0,0,0,2,1,0,0,0,0,2,2,2,2,0,0,2,76.4,160.8,1
1,0,0,0,55,1,0,1,2,2,0,0,2,2,1,1,3,100.9,5552.05,0
1,0,0,1,33,1,2,1,2,0,2,0,0,2,0,1,0,95.3,3275.15,0
0,0,1,1,46,1,0,1,0,0,2,2,0,2,1,0,0,90.95,4236.6,0
0,0,0,1,1,1,0,0,2,0,0,2,0,0,0,0,2,54.5,54.5,0
0,1,0,0,20,1,2,0,0,0,0,0,0,2,0,1,3,61.6,1174.35,1
1,0,1,0,9,1,0,1,0,2,2,0,0,0,0,1,2,79.9,741.7,1
1,1,0,0,32,1,2,1,0,0,0,0,2,2,0,1,1,96.15,3019.25,1
0,0,1,1,19,1,0,0,0,0,2,0,0,0,0,1,0,49.6,962.9,0
0,0,1,0,70,1,2,0,2,0,2,2,0,0,2,0,1,65.3,4759.75,1
0,0,0,1,61,1,2,2,1,1,1,1,1,1,2,1,1,25.0,1498.35,0
1,0,0,0,26,1,0,0,0,0,0,0,0,0,0,0,2,45.45,1233.15,0
1,0,1,0,45,1,2,1,0,2,2,0,2,2,0,1,0,107.75,4882.8,0
1,0,1,1,62,1,2,1,0,0,2,0,2,0,2,1,1,89.1,5411.65,0
1,0,0,0,1,1,0,2,1,1,1,1,1,1,0,0,3,19.65,19.65,1
0,0,0,0,3,1,0,0,0,0,0,0,0,0,0,0,3,44.75,148.05,0
0,0,1,1,41,1,2,1,2,2,2,0,0,2,1,1,0,101.6,3930.55,0
1,0,1,1,67,1,0,1,0,2,2,2,2,2,2,0,0,103.15,6895.5,0
1,0,0,0,1,1,2,1,0,0,0,0,2,0,0,1,3,84.65,84.65,1
0,0,1,0,71,1,2,1,2,2,0,0,2,0,1,0,3,95.65,6856.95,0
0,0,1,1,37,1,0,0,2,2,0,0,2,2,1,0,0,75.1,2658.8,0
1,0,1,0,60,1,0,0,2,2,0,2,0,0,2,1,3,61.35,3766.2,0
0,1,1,0,1,1,0,1,0,0,0,0,0,0,0,1,2,69.55,69.55,1
0,0,0,0,6,1,0,2,1,1,1,1,1,1,0,0,1,19.7,129.55,0
0,0,0,0,13,0,1,0,0,2,0,0,0,0,0,1,2,31.05,347.25,1
0,0,1,1,11,1,0,0,2,0,0,0,0,0,0,0,0,51.0,581.7,0
1,0,0,0,7,1,0,0,2,0,0,0,0,0,0,1,3,51.0,354.05,1
0,0,1,1,10,1,0,1,0,0,0,0,2,2,0,1,2,88.85,929.45,0
1,0,1,0,34,1,0,2,1,1,1,1,1,1,2,0,1,20.05,679.0,0
0,0,0,0,62,1,0,0,2,0,0,2,0,2,2,1,3,65.1,3846.75,0
1,0,1,0,64,1,2,0,0,2,0,2,0,2,1,1,3,70.15,4480.7,0
0,0,1,1,1,1,0,0,0,0,0,0,0,0,0,1,0,44.35,44.35,1
1,0,0,0,25,1,0,2,1,1,1,1,1,1,2,1,3,20.75,499.4,0
0,0,0,0,26,1,0,0,0,2,2,0,0,0,1,1,3,56.05,1553.2,0
1,0,0,1,10,1,0,2,1,1,1,1,1,1,1,1,0,19.95,219.5,0
0,0,0,0,53,1,2,1,2,2,2,0,2,0,1,0,3,98.6,5311.85,0
0,0,0,0,7,1,0,1,0,0,0,0,2,0,0,1,2,79.7,586.05,1
1,0,0,0,33,1,0,1,0,2,2,0,0,0,0,1,1,79.0,2576.8,0
0,1,1,0,71,1,0,1,0,2,2,0,0,2,2,0,1,89.45,6435.25,0
0,0,0,0,29,1,2,1,0,0,0,0,0,0,0,1,2,74.2,1993.25,0
1,0,1,1,24,1,2,0,2,0,0,2,2,2,0,0,0,81.0,1923.85,0
1,0,1,1,20,1,0,0,0,0,2,0,0,0,0,1,2,49.6,939.8,0
0,0,0,0,1,1,2,1,0,0,0,0,2,0,0,1,2,84.6,84.6,0
1,0,0,1,54,1,2,0,0,2,0,0,0,0,0,1,1,55.0,3092.65,1
0,1,0,0,5,1,0,1,0,0,2,0,2,0,0,1,3,84.85,415.55,1
0,0,1,1,72,1,2,0,2,0,2,2,2,2,2,1,0,84.2,5986.55,0
1,0,1,0,52,1,0,1,2,2,2,2,2,2,2,1,2,106.3,5487.0,0
0,0,0,0,9,1,0,1,0,0,0,0,0,0,0,0,2,69.05,651.5,0
0,0,0,0,1,1,0,0,0,0,0,0,0,0,0,1,3,45.4,45.4,0
1,1,0,0,1,1,2,1,0,0,0,0,0,0,0,1,2,73.65,73.65,1
1,0,1,1,33,1,0,0,0,0,2,2,2,2,1,1,3,73.9,2405.05,1
0,0,1,0,55,1,2,1,0,0,2,0,0,0,0,1,2,77.75,4458.15,1
1,0,1,1,69,1,2,1,0,0,0,2,2,2,2,1,2,99.35,6856.45,0
1,0,0,0,1,1,0,0,2,0,0,0,0,0,0,1,3,50.75,50.75,0
1,0,0,0,54,1,2,0,2,0,2,2,2,2,2,0,0,87.1,4735.2,0
1,0,0,1,33,1,0,2,1,1,1,1,1,1,1,1,3,20.15,682.15,0
1,1,1,0,45,1,2,1,0,2,2,2,2,0,1,1,0,98.7,4525.8,0
0,0,0,1,11,0,1,0,0,0,0,0,0,0,0,0,2,25.2,321.05,0
1,0,0,0,6,1,0,0,2,2,0,0,0,0,0,1,0,55.7,335.65,0
1,0,0,0,21,1,0,0,2,0,2,0,2,0,0,0,0,65.35,1424.4,0
0,0,1,1,65,1,2,2,1,1,1,1,1,1,2,1,0,25.3,1748.55,0
0,1,1,0,6,1,2,1,0,0,0,0,0,2,0,1,2,84.35,474.9,1
0,0,0,0,8,1,0,1,2,0,0,0,2,0,0,0,2,84.95,668.4,1
1,0,0,0,11,1,0,1,0,0,0,2,0,0,0,1,2,73.85,926.25,1
1,0,1,1,43,1,2,2,1,1,1,1,1,1,2,0,3,24.25,1077.95,0
1,0,1,1,49,0,1,0,0,2,0,0,2,2,1,1,0,51.8,2541.25,1
0,1,1,0,1,1,0,0,0,0,0,0,0,0,0,0,2,46.0,46.0,1
1,1,0,0,15,1,0,1,0,0,0,0,0,2,0,1,2,79.4,1156.1,1
1,0,1,1,60,1,0,0,2,2,2,0,0,0,2,0,0,60.5,3694.45,0
1,0,0,0,17,0,1,0,0,0,0,0,0,0,0,0,1,25.1,382.8,0
1,1,1,0,16,1,0,1,0,0,0,0,0,0,0,1,0,71.8,1167.8,1
1,0,1,1,35,1,0,2,1,1,1,1,1,1,1,0,0,20.05,746.75,0
1,1,1,0,44,1,2,1,0,2,0,0,0,2,1,0,3,88.4,3912.9,1
0,0,1,1,12,0,1,0,0,0,0,2,0,0,1,0,1,30.25,368.85,0
1,0,0,0,1,1,0,2,1,1,1,1,1,1,0,0,3,20.2,20.2,0
0,0,0,0,28,1,0,0,2,2,0,2,0,0,1,1,2,59.9,1654.7,0
1,0,1,0,70,1,2,2,1,1,1,1,1,1,2,0,0,25.15,1940.85,0
0,0,0,1,5,1,0,0,0,0,0,0,0,0,0,0,3,46.0,221.7,1
1,0,0,0,18,1,0,1,0,2,2,0,2,2,0,0,1,101.3,1794.65,0
1,0,1,0,70,1,2,0,2,0,0,2,2,2,2,1,1,76.95,5289.8,0
0,0,1,1,9,1,2,0,0,2,0,0,0,0,0,1,3,55.3,501.2,0
0,1,0,0,67,1,0,1,2,2,0,2,2,0,2,1,0,92.45,6140.85,0
0,0,0,0,1,1,0,0,2,0,0,0,0,0,0,1,0,48.45,48.45,0
0,0,1,1,18,1,0,2,1,1,1,1,1,1,2,0,3,19.35,309.25,0
1,0,0,0,4,1,2,0,0,0,0,0,0,0,0,0,1,51.75,201.1,1
1,1,1,1,71,1,0,1,2,2,2,0,0,0,1,1,0,86.7,6179.35,0
1,0,1,1,30,1,2,1,2,2,0,0,2,0,0,1,2,94.4,2838.7,1
1,0,1,0,1,1,0,0,2,0,2,0,0,0,0,0,3,55.7,55.7,0
0,0,0,0,55,1,2,1,2,0,2,0,0,0,1,1,1,84.25,4589.85,0
1,0,0,0,59,1,0,0,0,0,2,2,2,0,0,1,2,64.65,3735.45,0
0,0,0,0,1,1,0,1,0,0,0,0,0,0,0,1,3,70.15,70.15,1
0,0,1,0,7,1,0,1,0,0,0,0,0,0,0,1,0,69.2,477.55,0
1,0,1,1,45,1,0,0,2,0,0,2,0,0,2,0,0,54.65,2553.7,0
0,0,1,1,54,1,2,2,1,1,1,1,1,1,1,1,0,24.75,1342.15,0
1,0,1,1,51,1,2,2,1,1,1,1,1,1,1,1,3,23.95,1216.35,0
0,1,1,0,72,1,2,1,0,2,2,0,2,2,1,0,1,105.0,7578.05,0
1,0,1,0,44,1,0,0,2,2,0,2,0,0,1,1,0,59.85,2603.95,0
1,0,0,0,2,1,0,2,1,1,1,1,1,1,0,0,3,20.05,42.7,0
0,0,0,0,66,1,2,1,0,0,2,0,2,0,1,1,0,92.15,6056.9,0
1,0,1,1,68,0,1,0,2,2,0,0,2,0,1,0,3,44.8,2983.65,0
0,0,0,0,31,1,0,2,1,1,1,1,1,1,2,0,1,20.9,689.35,0
0,1,0,0,21,1,2,1,0,0,0,0,2,2,0,1,0,95.4,2025.1,0
1,0,0,1,21,1,2,1,2,0,0,0,0,0,0,0,2,80.35,1747.2,0
0,0,1,1,55,1,2,0,2,0,2,2,2,2,2,1,0,85.1,4657.95,0
1,0,0,0,9,0,1,0,0,0,0,0,2,0,0,1,1,34.7,296.1,1
1,1,1,0,71,1,2,1,2,2,2,2,2,2,2,1,0,115.05,8016.6,0
0,0,0,0,1,1,0,1,0,0,0,0,0,2,0,1,2,81.1,81.1,1
1,0,1,1,22,1,0,2,1,1,1,1,1,1,1,0,3,19.95,433.5,0
0,0,1,1,1,1,0,2,1,1,1,1,1,1,0,0,3,20.55,20.55,1
0,0,0,0,61,1,2,1,0,0,2,2,2,2,2,1,2,106.6,6428.4,1
0,0,1,0,67,1,2,0,0,2,2,2,2,2,2,0,0,86.15,5883.85,0
0,1,0,0,14,1,0,1,2,2,0,0,0,0,0,0,2,78.85,1043.8,0
1,0,1,0,59,1,2,1,2,2,2,2,2,0,0,1,2,106.75,6252.9,1
1,1,1,0,21,1,0,1,0,0,2,0,2,0,0,0,0,86.55,1857.25,0
1,0,0,0,4,0,1,0,2,2,0,2,0,0,0,0,3,42.4,146.4,0
0,0,0,0,3,1,0,1,0,0,0,0,2,2,0,1,2,89.45,240.45,1
1,0,1,0,70,1,2,2,1,1,1,1,1,1,2,0,0,24.25,1724.15,0
0,0,0,0,3,1,0,1,0,2,0,2,2,2,0,1,2,97.9,315.3,1
1,1,0,0,21,1,0,2,1,1,1,1,1,1,1,0,0,20.5,429.55,0
1,0,0,0,20,1,0,2,1,1,1,1,1,1,0,1,1,19.6,356.15,0
1,0,1,1,22,1,0,2,1,1,1,1,1,1,1,0,0,20.25,488.25,0
1,0,0,0,1,1,0,0,0,0,0,0,0,2,0,1,3,55.7,55.7,1
0,0,0,0,63,1,0,2,1,1,1,1,1,1,2,1,3,20.6,1298.7,0
0,0,1,1,70,1,0,2,1,1,1,1,1,1,2,0,0,19.8,1378.75,0
1,0,0,0,13,1,0,1,0,2,2,0,0,0,0,1,2,79.8,973.45,1
0,0,0,0,5,1,0,1,0,0,0,0,2,0,0,0,2,80.2,384.25,0
0,0,1,1,72,1,2,1,2,2,2,2,2,2,2,1,1,116.4,8543.25,0
0,0,0,0,13,0,1,0,0,2,0,0,0,0,0,1,2,31.65,389.95,0
1,0,1,0,61,1,0,1,0,2,2,2,0,2,0,0,1,94.15,5731.85,0
1,0,0,0,1,1,0,2,1,1,1,1,1,1,0,0,2,20.65,20.65,0
0,1,1,0,56,1,2,1,0,0,0,2,0,0,0,1,0,76.85,4275.75,0
0,0,0,0,4,1,0,2,1,1,1,1,1,1,0,0,3,20.15,84.5,0
1,0,0,0,35,1,2,0,2,0,0,0,0,0,2,0,3,55.25,1924.1,0
0,0,1,0,18,0,1,0,0,0,2,0,2,0,0,1,2,39.05,669.85,1
1,0,1,0,72,1,2,0,0,2,2,0,2,2,2,0,0,82.15,5784.3,0
0,1,0,0,49,1,2,1,2,2,2,2,0,2,1,0,0,103.0,5166.2,0
0,0,1,0,44,1,2,1,2,2,2,2,0,0,0,1,1,95.1,4060.55,0
0,1,1,0,3,1,0,1,0,0,0,2,2,0,0,1,3,83.9,267.4,1
0,0,1,1,37,1,2,1,0,2,2,0,0,2,0,1,2,95.15,3532.85,0
1,0,1,0,61,1,2,0,0,2,2,0,2,2,1,1,2,79.8,4914.8,0
1,0,1,0,70,1,2,0,2,0,2,2,0,2,2,1,1,74.8,5315.8,0
0,1,0,0,1,1,0,1,0,0,0,0,0,0,0,1,2,69.85,69.85,1
0,0,0,0,41,1,0,2,1,1,1,1,1,1,0,0,2,20.45,775.6,0
1,0,1,1,70,1,2,0,2,2,2,2,0,2,1,0,0,78.35,5445.95,0
0,0,0,0,1,1,0,0,0,0,0,0,2,0,0,1,3,53.55,53.55,1
1,0,0,0,51,1,0,2,1,1,1,1,1,1,1,0,2,19.1,1007.8,0
0,0,1,1,42,1,0,2,1,1,1,1,1,1,2,0,3,20.0,833.55,0
0,0,1,1,70,1,2,1,2,2,2,2,0,0,2,0,0,93.9,6579.05,1
1,0,0,0,48,1,0,2,1,1,1,1,1,1,1,0,0,19.95,1004.5,0
1,0,1,1,68,1,2,1,2,2,2,2,2,2,2,1,2,113.15,7856.0,1
0,0,0,0,48,1,2,2,1,1,1,1,1,1,2,0,1,24.0,1183.05,0
0,1,1,0,26,1,0,1,0,2,0,0,0,2,0,0,2,84.95,2169.75,1
1,0,1,0,11,1,2,1,0,2,0,0,0,0,0,1,0,80.5,896.9,1
1,0,0,0,1,1,0,2,1,1,1,1,1,1,0,1,3,19.3,19.3,1
0,0,0,0,27,1,0,2,1,1,1,1,1,1,1,0,3,19.15,501.35,0
0,1,0,0,46,1,0,1,0,2,2,0,2,0,1,1,0,91.3,4126.35,0
1,0,0,0,1,1,0,0,0,0,2,0,0,0,0,1,3,49.65,49.65,1
0,0,0,0,46,1,0,0,0,0,2,2,0,0,2,0,1,54.35,2460.15,1
1,0,1,1,25,1,0,2,1,1,1,1,1,1,0,1,3,19.15,477.6,0
1,0,0,0,4,1,0,1,0,0,0,0,2,2,0,1,2,88.45,370.65,1
1,0,0,0,13,1,0,2,1,1,1,1,1,1,2,0,3,19.75,265.75,0
1,0,1,0,31,1,0,0,2,2,2,2,0,2,1,1,1,75.5,2424.45,0
0,0,1,1,23,1,2,1,0,0,0,0,2,0,0,1,2,83.75,1849.95,0
0,0,0,0,2,1,0,2,1,1,1,1,1,1,0,0,3,19.4,61.05,0
0,0,0,0,65,1,2,2,1,1,1,1,1,1,2,0,0,26.5,1698.55,0
1,1,0,0,22,1,2,1,0,0,0,2,2,0,0,1,0,90.5,1910.6,1
0,0,1,1,55,1,0,2,1,1,1,1,1,1,1,0,1,19.15,998.1,0
1,0,1,0,9,1,0,1,0,2,2,2,2,0,0,1,3,94.85,890.6,1
1,0,1,1,7,1,0,1,0,0,0,0,0,0,0,1,0,69.95,529.5,1
0,0,1,1,35,0,1,0,0,0,0,2,2,0,1,0,3,40.9,1383.6,0
1,0,0,0,6,1,0,0,2,0,2,2,2,2,2,1,3,80.25,493.4,0
0,0,0,0,1,1,0,0,2,0,0,0,0,0,0,1,1,48.6,48.6,1
1,0,0,0,17,1,0,1,0,0,0,0,0,0,0,1,2,70.8,1207.0,0
1,0,1,1,10,1,0,0,0,0,2,0,2,0,0,0,3,60.2,563.5,0
1,0,0,1,15,1,0,0,0,0,2,2,0,0,1,0,1,55.2,864.55,0
0,1,0,0,40,0,1,0,2,2,0,0,2,2,0,1,2,55.8,2109.35,1
0,0,1,1,13,1,0,0,2,0,0,2,0,0,1,0,0,54.15,701.05,0
1,0,1,0,29,1,2,1,0,2,0,0,0,0,0,1,0,80.15,2265.25,1
0,0,0,0,3,1,2,1,0,0,0,0,0,0,0,1,2,75.5,220.6,1
0,1,1,0,58,1,2,1,0,0,0,2,2,2,0,1,0,100.4,5749.8,0
0,0,0,0,45,1,0,0,2,2,0,2,0,0,1,1,1,62.55,2796.45,0
0,0,1,1,72,1,2,0,2,2,2,2,0,0,2,1,0,70.45,5165.7,0
1,0,1,1,68,1,2,1,2,2,0,0,0,0,1,1,0,85.5,5696.6,0
1,0,0,0,1,1,0,2,1,1,1,1,1,1,0,1,0,20.2,20.2,1
0,0,1,1,38,1,0,0,2,2,0,0,0,0,0,0,2,54.5,2076.05,0
1,0,0,0,2,1,0,2,1,1,1,1,1,1,0,0,3,20.75,44.2,0
1,0,0,0,11,1,0,2,1,1,1,1,1,1,0,0,3,20.35,215.25,0
0,1,1,0,20,1,0,1,0,0,0,0,2,2,1,1,0,91.0,1859.5,0
1,0,1,0,72,1,2,1,0,2,2,0,2,2,2,1,0,104.8,7470.1,0
0,0,1,0,3,1,2,1,0,0,0,0,0,0,0,1,1,74.75,229.5,1
1,0,0,0,23,1,2,1,0,0,2,2,2,2,0,1,3,104.05,2470.1,1
1,0,0,0,40,1,0,0,0,0,0,2,0,0,0,1,2,51.1,2092.9,0
1,1,1,0,62,1,2,1,0,2,0,0,0,2,0,1,0,89.8,5629.55,0
0,0,0,1,22,1,0,2,1,1,1,1,1,1,0,1,2,20.55,469.85,0
0,0,0,0,11,1,0,0,2,0,2,0,0,2,0,0,0,64.05,733.95,0
1,1,1,0,7,1,2,1,0,0,0,0,0,0,0,1,2,74.85,485.25,0
0,0,0,0,13,1,2,1,2,2,0,0,2,0,0,1,2,96.65,1244.5,1
1,1,0,0,1,1,0,2,1,1,1,1,1,1,0,0,3,20.05,20.05,1
0,0,0,0,39,1,2,1,0,2,2,0,2,2,0,1,2,103.45,3994.45,1
1,0,1,0,3,0,1,0,0,0,0,0,0,0,0,0,3,25.0,78.25,0
1,0,0,0,58,1,0,2,1,1,1,1,1,1,2,0,1,20.3,1131.5,0
1,0,0,1,6,1,2,2,1,1,1,1,1,1,0,0,3,26.35,184.05,0
0,0,1,1,1,1,0,2,1,1,1,1,1,1,0,1,2,19.9,19.9,1
0,0,1,0,22,1,0,0,0,2,2,0,0,0,0,1,3,54.7,1178.75,0
1,0,1,0,14,0,1,0,0,0,0,0,2,2,0,0,2,46.35,667.7,1
1,0,1,1,64,1,2,1,0,0,2,0,0,2,1,0,1,90.25,5629.15,0
1,0,0,0,1,1,0,2,1,1,1,1,1,1,0,0,2,19.95,19.95,1
1,0,0,0,6,1,0,2,1,1,1,1,1,1,0,0,3,20.65,109.3,0
1,0,0,0,1,1,0,1,0,0,0,0,0,2,0,0,2,79.6,79.6,1
1,0,0,1,39,1,2,2,1,1,1,1,1,1,1,0,0,25.45,958.45,0
0,0,0,0,20,1,0,2,1,1,1,1,1,1,1,0,3,19.5,403.15,0
1,0,0,0,1,1,0,1,0,0,0,2,0,0,0,1,2,75.9,75.9,1
1,0,1,0,1,1,0,1,0,0,2,0,0,0,0,0,2,76.2,76.2,1
1,0,1,0,64,1,2,0,2,0,0,0,2,0,1,1,1,66.15,4392.5,0
1,0,0,1,1,1,0,2,1,1,1,1,1,1,0,0,3,19.25,19.25,1
0,0,1,0,46,1,0,0,0,2,0,0,2,2,0,1,1,69.1,3168.0,0
0,1,1,1,28,0,1,0,0,2,0,0,0,2,1,1,2,39.1,1096.6,0
0,0,1,0,33,1,0,2,1,1,1,1,1,1,0,0,3,20.05,669.45,0
1,0,1,1,39,1,0,0,2,2,2,0,0,0,1,0,2,59.8,2343.85,0
0,0,1,0,42,1,2,1,0,0,2,2,0,0,0,1,2,84.3,3588.4,1
0,0,0,0,1,1,0,0,0,2,0,0,0,0,0,1,2,48.6,48.6,0
0,0,0,0,7,1,0,1,0,0,0,0,2,0,0,1,2,79.0,522.95,1
1,1,1,0,70,1,0,1,2,2,2,0,2,2,2,0,1,105.35,7511.9,0
1,0,0,0,65,1,2,2,1,1,1,1,1,1,2,1,0,25.1,1725.0,0
1,0,0,0,1,1,0,0,2,0,0,0,0,0,0,0,2,49.75,49.75,0
1,0,1,0,18,1,2,1,0,0,0,0,2,2,0,1,2,94.75,1691.9,0
1,0,1,0,24,1,2,1,0,0,0,0,2,2,0,1,2,93.0,2248.05,0
1,0,0,0,63,1,2,0,2,0,2,2,0,2,2,1,0,71.9,4479.2,0
0,0,0,1,44,1,2,0,0,2,0,0,2,2,1,1,3,77.55,3471.1,0
1,0,0,0,4,1,0,2,1,1,1,1,1,1,0,1,2,19.85,63.0,0
0,0,0,0,1,1,0,1,0,0,0,0,0,0,0,1,2,70.25,70.25,1
0,0,1,1,37,1,2,1,0,0,0,0,2,2,0,1,2,95.25,3314.15,0
0,1,0,0,10,1,0,1,0,0,2,0,0,2,0,1,1,84.6,865.55,1
1,0,0,0,34,0,1,0,0,0,0,0,0,0,0,1,0,25.05,852.7,0
1,0,1,0,35,0,1,0,2,0,2,0,2,2,1,0,1,53.15,1930.9,0
0,0,1,0,4,1,0,2,1,1,1,1,1,1,0,0,2,20.15,91.4,0
0,1,1,0,39,1,2,1,0,0,0,2,2,2,0,1,2,101.25,3949.15,0
1,1,1,0,43,1,0,1,0,2,2,0,2,2,1,1,0,100.55,4304.0,0
0,0,1,1,17,1,2,2,1,1,1,1,1,1,0,0,3,24.1,409.9,1
0,0,1,0,61,1,2,2,1,1,1,1,1,1,2,0,0,25.3,1554.9,0
0,0,1,0,49,1,2,0,2,2,2,0,0,2,1,0,2,71.8,3472.05,0
1,0,0,0,4,1,0,2,1,1,1,1,1,1,1,0,3,19.7,117.8,0
0,0,1,1,64,0,1,0,0,2,2,2,0,2,2,0,2,49.85,3210.35,0
1,0,0,0,3,1,0,1,0,0,0,0,0,0,0,1,3,69.6,207.4,0
1,0,1,1,1,1,0,2,1,1,1,1,1,1,0,0,2,19.75,19.75,0
1,0,1,0,40,1,0,1,0,2,2,0,0,0,1,0,2,80.8,3132.75,0
0,0,0,1,1,1,0,0,2,2,0,2,0,0,0,1,2,60.0,60.0,1
1,0,0,0,8,1,2,1,0,0,0,0,0,2,0,1,2,86.55,649.65,1
0,1,1,0,1,1,0,2,1,1,1,1,1,1,0,1,3,20.85,20.85,1
0,1,1,0,34,1,0,0,0,0,2,2,2,0,1,0,0,64.2,2106.3,0
0,0,1,0,1,0,1,0,0,0,0,0,0,2,0,0,2,35.0,35.0,0
0,0,0,0,39,0,1,0,0,0,2,0,2,2,0,1,2,50.75,2011.4,1
0,1,1,0,58,1,0,1,2,2,0,2,2,2,1,1,1,105.5,6205.5,1
1,0,1,1,45,1,0,2,1,1,1,1,1,1,2,0,2,19.2,903.7,0
1,1,0,0,6,1,0,1,2,0,0,0,2,0,0,1,0,85.15,503.6,1
1,0,0,0,43,1,0,1,2,2,2,2,0,0,1,1,1,90.65,3882.3,0
1,0,1,1,41,1,0,2,1,1,1,1,1,1,2,1,3,20.0,879.8,0
1,0,0,0,5,1,0,1,0,2,0,0,0,0,0,1,2,74.65,383.65,0
1,0,0,0,72,0,1,0,2,0,2,2,2,2,2,1,1,61.2,4390.25,0
1,0,0,0,4,1,0,2,1,1,1,1,1,1,1,0,3,19.95,68.2,0
1,0,1,1,9,1,0,0,0,2,0,2,0,0,0,0,3,54.8,452.8,0
1,1,1,0,72,1,2,0,0,0,2,0,2,2,2,1,1,73.45,5329.0,0
0,0,1,0,33,1,0,0,0,0,0,2,0,0,1,1,3,51.45,1758.9,0
0,0,1,0,72,1,2,1,2,0,0,0,0,0,2,0,0,80.45,5737.6,0
1,0,1,0,22,1,0,0,2,0,0,2,0,0,0,1,2,54.2,1152.7,1
0,0,1,0,70,1,2,1,0,2,2,2,2,2,1,1,2,109.5,7674.55,1
1,0,1,1,21,1,2,1,0,2,2,0,2,2,0,0,2,104.4,2157.95,1
1,0,0,0,15,1,0,1,0,0,2,0,2,0,0,0,2,85.3,1219.85,0
1,1,1,0,29,1,2,1,0,0,0,2,0,0,0,1,2,79.3,2414.55,0
0,0,1,1,15,1,0,0,0,2,2,2,2,2,0,0,0,76.5,1155.6,0
1,1,1,1,71,1,2,1,2,2,0,0,2,2,0,1,1,105.1,7548.1,1
1,1,0,0,72,1,2,2,1,1,1,1,1,1,2,0,0,25.4,1809.35,0
0,0,1,0,19,1,2,1,0,0,0,0,2,0,0,1,2,86.85,1564.4,0
1,0,0,0,1,1,0,2,1,1,1,1,1,1,0,0,3,19.65,19.65,0
0,0,0,0,1,1,0,1,0,2,0,0,0,0,0,1,2,75.7,75.7,1
0,0,0,0,2,1,0,0,0,0,0,0,0,0,0,0,2,45.55,84.4,0
0,1,1,1,11,1,2,1,0,0,2,0,0,0,0,1,1,78.1,864.85,0
0,0,0,0,12,1,0,2,1,1,1,1,1,1,1,0,3,19.3,228.75,0
0,0,1,0,70,1,2,1,0,2,2,2,2,2,2,1,2,110.5,7752.05,0
0,1,1,0,20,1,2,1,0,0,2,0,2,0,0,0,2,90.8,1951.0,1
0,0,0,0,23,1,0,2,1,1,1,1,1,1,0,1,0,20.3,470.6,0
1,1,0,0,49,1,2,0,2,2,2,2,0,2,2,0,1,81.35,4060.9,0
0,0,1,1,4,1,2,1,0,2,0,0,2,2,0,1,2,97.95,384.5,1
1,0,0,0,32,1,2,1,2,2,0,2,2,2,0,1,1,108.15,3432.9,1
1,0,0,1,2,1,0,0,0,0,0,0,0,2,0,1,2,55.3,108.65,0
1,1,1,0,69,0,1,0,2,2,0,0,2,2,2,0,1,56.55,3952.65,0
1,0,0,0,6,1,0,1,0,0,0,0,2,0,0,1,1,80.5,463.05,1
0,0,1,1,24,1,0,2,1,1,1,1,1,1,2,1,3,19.7,494.05,0
0,0,0,0,32,1,2,1,0,2,2,0,2,2,1,1,1,104.05,3416.85,0
0,0,0,0,27,1,0,0,2,2,0,0,0,0,2,0,0,52.85,1498.65,0
0,1,1,0,27,1,2,1,2,0,0,2,2,2,0,1,0,104.3,2867.75,1
1,0,0,0,58,1,2,1,0,0,0,2,0,0,0,0,0,80.65,4807.35,0
1,0,0,0,1,1,0,1,0,0,0,0,0,0,0,1,3,71.35,71.35,1
0,0,1,1,18,1,2,2,1,1,1,1,1,1,2,1,1,24.65,471.35,0
0,0,1,1,47,1,0,2,1,1,1,1,1,1,2,1,0,21.3,1041.8,0
0,0,1,1,70,1,2,1,0,2,2,2,2,2,2,1,2,110.2,7689.8,0
0,0,0,0,13,1,2,1,0,2,2,2,0,0,0,0,2,89.4,1132.35,1
0,0,1,1,36,1,0,0,2,0,0,0,0,0,0,0,1,51.05,1815.0,0
1,0,0,0,67,1,0,2,1,1,1,1,1,1,2,1,3,19.8,1311.3,0
0,0,0,0,10,1,0,2,1,1,1,1,1,1,0,1,3,19.9,199.45,0
1,1,0,0,19,1,0,1,2,0,0,0,0,2,0,1,2,87.3,1637.3,0
0,0,1,1,71,1,0,2,1,1,1,1,1,1,2,0,0,19.85,1326.35,0
1,0,1,1,72,1,2,0,2,2,2,2,2,2,2,1,3,89.4,6376.55,0
0,0,1,1,48,1,0,2,1,1,1,1,1,1,2,0,3,20.0,935.9,0
1,0,0,0,1,1,0,2,1,1,1,1,1,1,0,0,3,20.05,20.05,0
1,0,1,1,18,1,0,0,2,0,2,2,2,2,0,0,2,83.25,1611.15,0
1,0,0,0,1,1,0,2,1,1,1,1,1,1,0,0,3,20.6,20.6,1
1,1,1,0,67,1,2,1,0,2,0,2,2,2,2,0,0,102.9,6989.7,0
1,0,1,1,69,0,1,0,2,0,2,2,0,0,2,0,3,39.1,2779.5,0
1,0,0,0,19,1,2,1,0,2,0,0,2,2,0,1,2,99.95,1931.75,1
1,1,1,0,72,1,2,1,2,2,2,2,2,2,2,1,3,114.5,8331.95,0
0,1,0,0,38,1,0,2,1,1,1,1,1,1,2,0,3,20.2,735.9,0
1,1,1,0,40,1,0,0,0,0,0,0,0,2,1,0,2,55.8,2283.3,0
0,0,1,1,61,1,2,2,1,1,1,1,1,1,2,1,3,24.2,1445.2,0
0,0,0,0,10,1,2,1,0,2,0,0,0,0,0,1,1,81.0,818.05,1
1,0,1,0,32,1,2,0,2,0,0,2,2,0,1,1,1,72.8,2333.05,0
0,0,0,0,21,1,2,1,0,2,0,0,2,2,0,1,1,99.85,1992.55,0
0,1,0,0,59,1,2,1,0,0,2,0,2,2,1,1,2,99.5,5890.0,0
0,1,1,0,13,1,0,1,0,0,0,0,0,0,0,1,2,70.15,916.75,1
0,0,0,0,47,1,0,2,1,1,1,1,1,1,2,0,1,20.25,1029.8,0
1,0,1,1,69,1,2,2,1,1,1,1,1,1,2,1,0,26.0,1796.55,0
1,0,0,0,2,1,0,2,1,1,1,1,1,1,0,1,1,19.9,33.7,0
0,0,1,1,22,1,0,2,1,1,1,1,1,1,0,0,0,19.05,454.05,0
1,1,1,0,15,1,2,1,2,0,2,0,2,0,0,1,2,96.5,1392.25,0
0,0,0,0,53,1,0,2,1,1,1,1,1,1,2,0,1,19.85,1049.6,0
0,1,1,0,28,1,2,2,1,1,1,1,1,1,0,0,3,25.7,734.6,0
1,0,0,0,22,1,0,2,1,1,1,1,1,1,1,0,3,20.3,475.1,0
0,0,0,0,1,1,0,1,0,0,0,0,0,0,0,1,3,70.15,70.15,1
1,1,1,0,16,1,0,1,0,0,2,2,0,2,0,1,2,91.55,1540.05,0
0,0,1,1,48,0,1,0,2,2,0,2,0,0,2,0,3,39.4,1978.65,0
1,1,1,0,30,1,2,1,2,2,2,2,2,0,0,1,0,105.7,3181.8,0
0,0,0,0,3,1,0,1,0,0,0,0,0,0,0,1,2,70.25,229.7,0
1,1,0,0,57,1,2,1,2,0,0,2,0,2,2,0,2,93.75,5625.55,0
0,1,1,0,68,1,2,1,2,2,0,0,0,2,1,1,1,96.55,6581.9,1
0,0,1,0,23,1,0,0,0,0,0,2,2,0,1,0,0,60.0,1347.15,0
0,0,1,0,65,1,0,0,0,0,0,2,2,0,2,1,1,59.8,3808.2,0
1,0,1,0,44,1,0,1,0,0,0,0,2,2,1,1,0,90.65,3974.15,0
0,0,1,1,71,1,2,1,2,2,2,0,2,2,2,1,0,109.0,7661.8,0
0,0,1,0,37,1,2,0,2,0,2,2,0,0,1,0,1,68.1,2479.25,0
0,0,0,0,12,1,0,2,1,1,1,1,1,1,0,0,3,20.4,266.6,0
1,0,1,1,69,1,2,0,0,2,2,2,2,2,2,1,0,81.95,5601.4,0
0,0,0,0,35,1,0,0,2,2,2,0,0,0,0,0,2,60.55,1982.6,0
1,0,0,0,5,1,0,0,0,2,0,2,0,2,0,1,0,65.6,339.9,0
1,0,1,1,58,1,2,1,0,0,0,0,2,0,2,0,0,82.5,4828.05,0
1,0,1,0,72,1,2,0,2,2,2,2,0,2,2,1,0,82.3,5980.55,0
1,0,1,0,72,1,2,0,2,2,2,2,0,0,2,0,3,68.15,4808.7,0
0,0,0,0,1,1,0,2,1,1,1,1,1,1,0,0,1,20.3,20.3,0
0,0,0,0,39,1,0,1,2,0,2,2,2,0,1,1,2,95.55,3692.85,1
1,0,1,1,53,1,0,2,1,1,1,1,1,1,1,0,1,20.2,1068.15,0
0,0,0,0,27,1,0,1,0,0,2,2,0,2,0,1,2,89.2,2383.6,0
0,1,0,0,1,1,0,1,0,0,0,0,0,0,0,1,2,69.65,69.65,1
0,1,0,0,1,1,0,1,0,0,0,0,2,2,0,1,2,89.3,89.3,1
0,0,1,0,18,1,0,1,2,0,0,0,0,0,0,0,2,74.8,1438.05,0
1,0,1,1,46,1,0,2,1,1,1,1,1,1,2,1,3,20.2,917.45,0
0,0,1,0,72,1,2,0,2,0,2,2,2,2,2,1,1,84.4,6096.45,0
0,0,0,0,36,1,0,1,0,0,2,2,0,2,0,1,2,87.55,3078.1,1
0,0,1,0,4,0,1,0,0,0,0,0,0,0,0,1,2,25.15,99.95,0
0,0,0,0,25,1,0,2,1,1,1,1,1,1,2,0,1,19.8,475.2,0
0,0,1,1,40,0,1,0,0,2,0,0,2,2,0,1,2,50.85,2036.55,0
1,0,1,0,63,1,2,1,0,2,2,0,2,2,0,1,2,102.4,6444.05,0
0,1,0,0,15,1,0,1,2,0,2,2,0,2,0,1,3,96.3,1426.75,1
1,0,0,0,14,1,2,0,0,2,0,0,0,0,0,1,1,55.5,767.55,0
1,1,1,0,72,1,2,1,0,2,2,2,2,2,2,1,0,109.75,7932.5,0
1,0,0,0,39,1,2,1,2,2,0,0,2,2,0,1,2,106.4,4040.65,0
0,0,1,1,47,0,1,0,2,2,2,0,2,2,2,1,1,60.0,2768.65,0
1,0,1,0,19,1,2,1,2,2,0,2,0,0,0,1,1,88.8,1672.35,0
0,0,0,0,5,1,2,1,0,0,0,0,2,0,0,1,2,85.2,474.8,1
0,0,0,0,13,0,1,0,0,0,0,0,0,2,0,1,2,35.1,446.1,1
0,0,0,0,17,1,2,1,0,0,2,0,0,0,0,0,0,80.05,1345.65,0
1,1,1,0,34,1,2,1,0,0,0,0,0,0,0,1,2,75.55,2425.4,0
0,0,0,0,42,1,0,0,0,2,0,0,0,0,0,1,2,49.55,2077.95,0
1,0,1,0,5,1,2,1,0,2,0,0,0,0,0,1,2,81.3,416.3,1
0,0,1,1,71,1,2,2,1,1,1,1,1,1,2,0,1,23.9,1663.5,0
1,1,1,0,19,1,0,0,2,0,2,0,2,0,0,0,0,66.4,1286.05,0
0,0,0,1,2,1,0,2,1,1,1,1,1,1,0,1,2,19.6,35.85,1
1,0,0,0,57,1,0,2,1,1,1,1,1,1,2,0,1,18.8,1094.35,0
1,0,1,0,72,1,2,1,0,2,2,2,2,2,2,1,2,108.4,7719.5,0
0,0,0,0,6,1,0,1,0,2,0,0,0,2,0,1,3,85.95,514.6,0
0,0,1,1,17,1,2,1,0,0,0,0,0,2,0,1,2,85.45,1451.6,1
1,0,1,0,61,1,2,0,0,2,2,0,2,2,2,0,0,80.9,4932.5,0
1,0,1,1,1,1,0,1,0,0,0,0,0,0,0,1,2,71.0,71.0,1
1,0,1,1,48,1,2,1,2,2,2,2,2,2,2,0,1,111.8,5443.65,0
1,0,0,0,16,1,0,2,1,1,1,1,1,1,0,1,1,20.6,330.25,0
1,1,0,0,9,1,2,1,0,0,0,0,0,2,0,1,2,85.05,746.5,1
0,0,0,0,3,1,0,0,0,0,0,0,0,0,0,0,2,44.6,122.7,0
1,0,0,1,1,1,0,0,0,0,0,0,0,0,0,1,2,44.4,44.4,1
1,0,0,0,65,1,2,1,0,2,2,0,2,2,2,0,1,105.1,6631.85,0
0,0,1,1,70,1,2,1,2,2,2,2,2,2,2,1,1,115.15,8250.0,0
1,0,1,0,60,1,0,0,2,0,0,0,2,0,1,1,3,59.8,3561.15,0
0,0,1,0,69,1,2,2,1,1,1,1,1,1,1,1,2,26.3,1763.55,0
0,1,0,0,35,1,0,1,0,0,0,0,0,0,0,0,2,70.55,2419.0,0
0,0,0,0,22,1,0,2,1,1,1,1,1,1,0,1,3,20.05,470.2,0
1,0,1,1,66,1,2,0,0,2,2,0,2,2,2,0,0,79.85,5234.95,0
1,1,1,0,1,1,0,1,0,0,0,0,0,0,0,1,2,70.3,70.3,1
0,0,1,0,1,1,0,1,0,0,0,0,2,0,0,1,0,79.35,79.35,1
1,0,1,1,34,1,2,1,0,0,2,0,0,2,0,1,1,90.05,3097.0,0
0,0,1,1,72,1,2,2,1,1,1,1,1,1,2,0,0,24.45,1709.1,0
1,0,1,1,31,0,1,0,2,0,2,2,2,2,1,0,2,59.95,1848.8,0
1,0,0,1,30,1,2,2,1,1,1,1,1,1,1,0,0,25.35,723.3,0
0,0,0,0,9,1,0,1,0,0,0,0,2,2,0,1,0,90.8,809.75,1
1,0,1,1,20,1,0,1,0,0,0,0,0,0,0,1,2,70.45,1470.95,1
1,1,1,0,19,0,1,0,0,2,2,0,0,0,0,1,1,34.3,577.15,0
0,0,1,0,65,1,2,1,2,0,2,0,2,2,0,1,2,105.05,6914.95,0
0,0,1,1,30,1,0,2,1,1,1,1,1,1,2,0,3,19.3,602.9,0
1,0,0,0,6,1,0,2,1,1,1,1,1,1,1,0,3,19.15,124.4,0
0,0,0,0,2,0,1,0,0,2,0,0,2,2,0,0,2,51.4,96.8,0
1,0,1,1,53,1,2,0,2,0,0,2,0,2,0,0,2,71.85,3827.9,0
1,1,1,0,7,1,2,1,0,0,0,0,0,0,0,1,2,75.4,533.05,0
0,0,1,1,61,1,0,0,2,0,0,0,0,0,1,1,0,49.7,2961.4,0
1,1,0,0,70,0,1,0,0,0,0,0,2,2,1,1,2,45.25,3264.45,1
0,0,0,0,13,1,2,0,2,0,2,0,2,2,0,1,2,78.75,995.35,0
1,1,1,0,35,1,2,1,0,0,2,0,0,0,1,1,0,81.6,2815.25,0
0,0,1,0,2,1,0,1,0,0,0,0,0,0,0,1,1,70.4,154.8,0
0,0,0,0,3,1,2,1,0,0,0,0,0,0,0,1,2,75.8,246.3,1
0,0,0,0,3,1,2,1,0,0,0,0,0,0,0,0,2,76.1,257.6,0
0,0,0,0,62,1,2,1,0,0,0,0,2,2,1,1,0,94.0,5757.2,0
1,0,1,1,72,1,2,1,2,2,2,2,0,2,2,0,1,103.95,7517.7,0
1,0,1,0,63,1,0,2,1,1,1,1,1,1,2,1,0,19.95,1234.8,0
1,1,0,0,20,1,0,1,0,0,0,0,0,0,0,0,1,71.3,1389.2,1
0,1,0,0,35,1,2,1,2,2,2,2,2,2,1,1,0,110.8,3836.3,0
1,1,1,0,21,1,0,1,0,0,0,0,0,0,0,1,2,69.1,1474.75,1
1,0,1,0,62,1,2,1,2,2,0,0,0,2,1,0,2,96.1,6001.45,0
0,0,0,0,15,1,2,0,0,0,0,0,0,0,0,1,3,48.8,720.1,0
0,0,0,0,55,1,0,0,2,0,0,0,0,0,0,1,1,50.55,2832.75,0
0,0,0,0,11,1,0,0,0,0,0,0,0,0,0,1,3,44.65,472.25,0
0,0,1,1,17,1,2,1,0,0,2,0,2,0,0,0,2,88.25,1460.65,1
0,0,0,0,61,1,0,2,1,1,1,1,1,1,1,0,0,19.45,1336.35,0
0,0,1,0,71,1,2,0,2,2,2,2,2,2,2,0,1,89.3,6388.65,0
0,0,0,0,2,1,0,1,0,0,0,0,0,0,0,0,0,70.0,153.05,1
1,0,0,0,35,1,0,2,1,1,1,1,1,1,2,0,3,19.25,677.9,0
0,0,0,0,17,1,0,1,0,0,0,0,0,0,0,0,0,70.5,1165.6,0
0,0,0,0,21,1,2,1,0,0,0,0,2,2,0,1,2,97.35,2119.5,1
0,0,1,0,47,1,0,2,1,1,1,1,1,1,2,0,0,19.65,921.55,0
0,0,1,0,3,1,0,2,1,1,1,1,1,1,0,0,3,20.85,72.0,0
1,0,0,0,3,1,0,2,1,1,1,1,1,1,0,1,3,19.65,68.35,0
1,1,1,0,44,1,0,2,1,1,1,1,1,1,2,1,1,19.35,847.25,0
0,0,0,0,1,1,0,0,0,0,0,0,0,0,0,1,3,44.0,44.0,0
0,0,1,1,44,1,2,1,0,2,2,0,0,2,1,0,2,94.4,4295.35,0
1,0,1,1,5,1,2,2,1,1,1,1,1,1,0,1,0,25.9,135.0,1
1,0,0,0,24,1,2,0,2,0,0,0,0,0,0,1,0,55.65,1400.55,1
0,0,0,1,1,1,0,1,0,0,0,0,0,0,0,1,2,69.65,69.65,1
0,0,0,0,18,1,0,1,2,0,0,0,0,0,0,1,2,75.4,1380.4,0
0,0,0,0,10,1,2,1,0,0,2,0,2,2,0,1,2,100.6,1060.2,1
0,0,1,0,65,1,0,0,2,2,2,0,0,2,2,0,0,71.0,4386.2,0
0,1,0,0,1,1,0,1,0,2,0,0,0,2,0,1,2,86.0,86.0,1
0,0,0,0,53,1,2,1,2,0,2,0,2,2,1,1,1,106.95,5785.5,1
1,0,0,0,3,1,0,2,1,1,1,1,1,1,1,0,3,21.2,52.05,0
1,0,1,0,33,1,0,0,2,2,0,2,0,0,2,1,3,61.05,2018.4,0
1,0,0,0,3,0,1,0,0,2,0,0,0,0,0,1,2,29.6,79.45,1
0,0,0,0,34,1,0,0,2,0,2,2,2,2,1,1,0,79.95,2727.3,0
0,0,1,1,14,1,0,2,1,1,1,1,1,1,2,1,3,19.7,263.65,0
0,0,0,0,13,1,0,2,1,1,1,1,1,1,0,1,3,20.3,275.4,0
1,1,1,0,46,0,1,0,0,2,2,2,2,2,1,1,0,59.9,2816.65,1
1,0,1,1,23,1,2,2,1,1,1,1,1,1,1,0,3,24.35,538.5,0
0,0,1,1,47,1,0,2,1,1,1,1,1,1,2,0,3,19.75,948.9,0
1,0,0,1,17,1,0,0,2,0,0,0,0,0,0,1,3,50.3,846.8,0
0,0,1,1,49,1,2,1,0,0,0,0,2,2,0,1,2,95.6,4783.5,1
1,1,1,0,59,0,1,0,0,2,0,0,2,2,0,1,2,50.25,2997.45,0
0,0,0,0,69,1,2,0,2,0,2,2,2,2,2,1,1,85.35,5897.4,0
1,0,0,0,11,0,1,0,0,0,2,0,2,0,1,1,2,41.6,470.6,1
1,0,0,0,10,1,0,0,2,0,0,0,0,0,0,1,3,51.65,524.5,0
1,0,1,1,12,1,2,2,1,1,1,1,1,1,2,1,0,24.0,269.65,0
1,0,0,0,45,1,2,1,0,2,0,0,2,2,0,1,1,100.85,4740.0,1
0,0,1,1,39,1,0,0,0,0,2,0,2,0,0,1,3,59.85,2341.5,0
1,1,1,0,71,1,2,2,1,1,1,1,1,1,2,0,1,25.45,1789.65,0
1,0,1,1,71,1,2,2,1,1,1,1,1,1,2,0,1,23.9,1626.4,0
0,0,1,1,33,1,2,2,1,1,1,1,1,1,1,0,1,24.15,800.3,0
1,1,0,0,67,1,2,1,0,0,0,0,0,0,0,1,3,75.7,5060.85,0
1,0,1,1,37,0,1,0,2,2,2,0,0,0,0,0,0,40.2,1448.8,1
1,0,1,1,49,1,2,1,0,0,0,0,2,0,0,0,2,84.5,4254.85,1
0,0,1,0,9,1,0,0,0,2,0,0,0,0,0,0,3,50.85,466.6,0
1,0,1,0,52,1,2,1,2,0,2,2,0,0,2,1,1,91.6,4627.8,0
0,0,0,0,70,1,2,1,0,2,0,0,2,2,1,0,2,98.9,6838.6,0
1,0,0,0,1,1,0,1,0,2,0,0,0,2,0,1,2,85.0,85.0,0
0,1,0,0,14,1,2,1,0,2,0,0,0,0,0,1,2,78.95,1101.85,1
1,0,0,0,1,1,0,0,0,0,0,0,0,0,0,1,3,44.3,44.3,0
1,0,0,0,1,1,0,2,1,1,1,1,1,1,0,0,3,20.2,20.2,1
0,0,0,0,52,1,2,1,0,2,0,0,0,0,1,1,3,80.2,4297.6,0
1,0,0,0,6,1,0,0,0,0,2,0,2,0,0,0,3,60.9,414.1,0
1,0,1,0,7,0,1,0,2,2,0,0,0,0,0,0,3,34.2,256.6,0
0,1,0,0,47,1,2,1,0,2,2,0,0,0,0,1,0,85.2,3969.35,1
0,0,0,0,26,1,0,1,2,0,2,2,0,0,1,1,1,87.15,2274.1,0
1,0,1,1,25,1,0,0,2,0,0,2,0,0,0,0,2,54.3,1296.8,0
1,0,0,0,69,1,0,2,1,1,1,1,1,1,2,1,3,19.1,1268.85,0
0,0,0,0,72,1,2,1,2,2,2,2,2,2,2,1,1,112.75,8192.6,0
1,0,0,0,4,1,0,2,1,1,1,1,1,1,0,1,3,19.95,59.25,0
1,0,1,1,59,1,0,2,1,1,1,1,1,1,2,0,3,19.5,1147.85,0
1,0,0,0,67,1,0,0,2,0,2,0,0,2,2,0,0,65.55,4361.55,0
0,1,0,0,26,1,0,1,0,0,0,0,0,2,0,1,2,78.8,2006.1,0
0,0,0,0,27,1,0,0,0,2,2,2,2,2,1,0,3,78.2,2078.95,0
1,0,1,1,72,1,2,1,2,0,2,0,2,2,2,0,0,105.25,7609.75,0
0,0,0,0,6,1,0,1,0,0,2,2,0,2,0,1,2,89.25,487.05,0
1,0,1,1,62,1,0,2,1,1,1,1,1,1,2,0,1,20.65,1218.45,0
1,0,0,0,20,1,2,0,0,2,0,2,2,0,1,1,2,68.7,1416.2,0
1,0,0,0,6,1,0,0,2,0,2,2,2,2,0,0,1,78.65,483.3,0
1,0,0,0,51,1,2,2,1,1,1,1,1,1,2,0,3,24.75,1234.6,0
0,0,1,1,61,1,0,2,1,1,1,1,1,1,2,0,1,19.75,1311.6,0
1,1,1,0,62,1,2,1,2,2,2,0,0,0,0,1,2,89.1,5618.3,0
0,0,0,0,72,1,2,1,2,0,0,2,0,0,2,1,0,84.7,6185.15,0
1,1,1,0,13,1,0,1,0,2,2,0,2,2,0,1,2,98.0,1237.85,1
1,0,1,0,5,1,0,1,0,0,2,0,2,2,0,1,2,94.45,498.1,1
1,1,0,0,3,1,2,1,0,2,2,0,2,2,0,1,2,105.0,294.45,1
0,1,1,0,26,1,2,1,0,2,2,0,0,2,0,1,2,93.85,2381.55,1
1,1,0,0,13,1,0,0,0,2,0,0,2,0,0,1,2,59.9,788.35,0
0,0,1,1,38,1,0,2,1,1,1,1,1,1,2,1,3,19.95,756.4,0
0,1,1,0,8,1,2,1,0,0,0,0,0,2,0,1,2,84.0,613.4,1
1,1,1,1,34,1,2,1,0,2,2,2,2,2,0,1,2,108.9,3625.2,0
1,0,0,0,18,0,1,0,2,0,2,0,0,0,0,0,3,33.6,550.35,0
1,0,1,1,56,1,0,1,0,2,2,2,0,0,1,1,3,85.85,4793.8,0
0,0,0,0,36,0,1,0,0,2,0,2,0,0,0,1,0,34.85,1267.2,0
0,0,1,0,9,0,1,0,0,0,2,0,2,2,0,1,2,48.75,442.2,1
1,0,0,0,1,1,0,1,0,0,2,0,2,0,0,1,2,84.85,84.85,1
1,0,0,0,12,1,0,0,2,0,0,2,0,0,0,0,3,56.65,654.85,1
0,1,1,1,57,1,0,1,0,2,2,2,2,0,0,1,1,95.3,5567.45,0
0,0,0,0,42,1,0,0,2,2,2,2,0,2,1,0,1,73.9,3160.55,1
0,0,1,1,33,1,2,2,1,1,1,1,1,1,2,1,3,24.5,740.3,1
1,0,1,0,70,1,0,1,2,2,0,2,0,0,2,0,0,84.6,5706.2,0
0,0,0,0,68,0,1,0,0,2,0,2,0,2,0,0,2,44.95,3085.35,0
1,0,0,1,1,0,1,0,0,0,0,0,0,0,0,1,2,24.7,24.7,0
0,0,0,0,37,1,2,1,0,0,0,2,2,2,0,0,1,100.3,3541.4,0
0,0,0,1,4,1,2,2,1,1,1,1,1,1,0,1,3,25.45,84.2,0
1,0,0,0,1,1,0,0,2,0,0,0,0,0,0,1,3,50.7,50.7,0
1,0,0,0,20,0,1,0,2,2,2,2,2,0,0,1,1,55.0,1165.55,0
1,0,1,1,72,1,0,0,2,2,0,2,2,0,2,0,0,68.4,4855.35,0
0,0,0,0,31,1,2,1,0,0,2,0,0,2,0,1,2,89.9,2806.9,1
1,1,1,0,18,1,0,1,0,0,0,0,0,2,0,0,2,78.55,1422.65,1
1,0,1,0,11,1,0,0,0,0,0,0,2,0,0,1,0,55.05,608.15,0
0,0,1,1,33,1,0,2,1,1,1,1,1,1,2,0,1,19.8,641.35,0
0,1,0,0,62,1,2,1,0,0,0,0,2,0,1,0,2,84.45,4959.15,0
0,0,0,0,1,0,1,0,0,0,2,2,0,0,0,0,3,35.9,35.9,0
1,0,1,0,16,1,0,1,2,2,0,0,0,0,0,0,0,80.75,1321.3,0
1,0,1,1,22,1,2,0,0,0,2,2,2,2,1,1,3,78.65,1663.75,0
0,0,1,1,49,1,0,0,2,0,2,2,0,0,0,0,0,61.75,3024.15,0
1,0,1,1,36,1,0,0,2,0,2,0,0,2,1,1,1,63.7,2188.5,0
1,0,1,0,42,1,2,1,0,2,2,2,0,2,0,1,2,99.45,4138.05,1
1,1,0,0,4,0,1,0,0,0,0,0,0,0,0,1,0,25.2,102.5,1
0,0,0,0,12,1,2,0,0,0,0,2,2,2,1,0,3,74.05,872.65,1
0,0,0,0,31,1,0,1,2,0,2,2,0,0,0,0,2,87.6,2724.25,0
1,0,1,0,5,1,2,1,2,0,0,0,0,2,0,1,2,89.15,413.25,0
1,0,1,1,66,1,0,2,1,1,1,1,1,1,2,0,1,20.0,1374.2,0
0,1,0,0,15,1,2,0,0,0,0,2,0,0,0,0,1,55.0,757.1,1
1,0,0,0,64,1,2,1,0,2,2,0,2,2,2,1,0,104.4,6692.65,0
1,0,1,1,10,1,0,2,1,1,1,1,1,1,0,1,1,20.05,218.5,0
1,0,1,1,7,1,0,1,0,2,0,2,2,0,0,1,2,89.75,608.8,1
1,0,0,0,29,0,1,0,0,2,0,2,0,0,0,0,2,34.3,1004.75,0
1,0,0,0,57,1,0,2,1,1,1,1,1,1,2,0,0,20.65,1125.6,0
0,0,0,0,46,1,2,1,2,2,0,0,0,0,0,0,3,84.25,3847.6,0
1,0,0,0,53,1,0,2,1,1,1,1,1,1,2,0,0,19.65,978.0,0
0,0,0,0,17,1,0,0,2,2,0,2,2,2,1,0,1,79.85,1387.35,0
0,0,1,1,38,1,0,2,1,1,1,1,1,1,2,1,3,20.2,746.05,0
1,0,0,0,15,1,0,2,1,1,1,1,1,1,1,0,3,19.8,304.6,0
0,0,0,0,22,0,1,0,0,2,0,0,2,2,0,1,2,50.35,1098.85,0
1,0,1,0,14,1,2,1,0,0,0,0,0,2,0,1,2,85.15,1139.2,1
0,0,1,0,57,1,2,0,0,2,2,2,2,0,1,0,0,74.6,4368.95,0
1,1,0,0,11,1,0,1,0,0,0,0,0,2,0,1,1,79.15,827.7,0
0,0,1,1,1,1,0,2,1,1,1,1,1,1,2,0,3,20.35,20.35,0
1,0,1,1,12,1,0,2,1,1,1,1,1,1,2,0,0,21.05,262.05,0
1,1,1,0,3,1,2,1,0,0,0,0,2,2,0,1,2,94.6,279.55,1
1,0,0,1,36,1,0,1,0,2,0,0,2,2,0,1,2,94.7,3512.5,0
1,0,0,0,16,1,0,1,2,0,0,0,2,2,0,1,2,94.25,1483.25,1
1,0,1,1,65,1,2,0,2,2,2,0,0,2,1,0,1,72.45,4653.85,1
1,0,0,0,2,1,0,1,0,2,0,0,0,0,0,0,2,74.95,151.75,0
0,0,0,0,42,1,2,1,2,0,2,0,2,2,0,1,2,105.2,4400.75,1
1,0,1,1,72,1,0,1,2,2,2,2,2,2,2,0,0,111.95,8033.1,0
1,0,0,0,62,1,0,2,1,1,1,1,1,1,2,0,0,19.85,1253.65,0
0,0,0,0,6,1,2,1,0,2,0,0,2,0,0,1,2,89.75,552.65,0
1,0,1,0,48,1,0,2,1,1,1,1,1,1,2,1,3,20.05,1036.0,0
1,0,0,0,35,1,2,1,2,0,2,2,2,2,2,1,2,108.95,4025.5,0
1,0,0,1,52,1,0,2,1,1,1,1,1,1,1,0,1,19.65,928.4,0
0,0,0,0,1,0,1,0,0,0,0,0,0,0,0,1,3,24.9,24.9,0
1,0,1,0,6,1,2,1,0,0,0,0,2,0,0,1,2,82.85,460.25,1
0,0,1,0,71,1,2,0,2,2,2,2,2,2,2,0,1,93.2,6506.15,0
0,0,1,1,67,1,0,1,2,2,2,0,0,0,1,0,0,84.8,5598.3,0
1,1,0,0,60,1,2,0,2,2,0,0,0,2,1,1,2,71.75,4374.55,0
1,0,1,1,23,0,1,0,0,0,0,2,0,0,0,1,0,30.35,678.75,0
1,0,0,1,39,0,1,0,0,0,2,2,2,2,1,0,0,54.85,2191.7,0
1,0,1,1,15,1,0,2,1,1,1,1,1,1,1,1,3,19.5,239.75,0
1,1,1,0,53,1,2,1,0,2,2,0,2,2,0,1,2,103.85,5485.5,1
1,0,1,1,24,1,2,2,1,1,1,1,1,1,2,0,3,24.2,609.05,0
0,0,1,1,37,1,0,2,1,1,1,1,1,1,0,0,2,19.35,683.75,0
0,0,1,1,5,1,0,1,0,2,0,0,0,2,0,1,2,83.6,404.2,1
0,1,1,0,50,1,2,1,0,0,0,2,2,2,1,1,2,100.65,5189.75,0
0,0,0,0,54,1,0,1,0,0,2,0,2,2,1,1,1,94.1,5060.9,0
0,0,0,0,3,1,0,1,2,0,0,0,0,0,0,1,2,74.55,233.65,0
1,0,0,0,68,1,2,1,0,2,2,2,2,2,1,0,2,108.45,7176.55,1
1,0,0,0,5,1,0,0,0,0,2,2,0,0,0,0,2,56.15,291.45,0
1,0,0,0,33,1,0,2,1,1,1,1,1,1,2,0,3,20.35,689.75,0
0,0,0,0,41,1,2,0,0,2,2,0,2,2,1,1,2,80.55,3263.9,0
0,0,1,1,34,0,1,0,2,0,2,2,2,2,1,0,3,61.25,1993.2,0
0,0,1,1,13,1,0,2,1,1,1,1,1,1,0,1,3,20.45,254.5,0
0,0,0,0,20,1,0,2,1,1,1,1,1,1,0,1,1,18.9,347.65,0
0,1,0,0,51,1,0,2,1,1,1,1,1,1,2,0,1,19.6,967.9,0
0,0,1,0,3,1,2,1,0,2,0,0,0,2,0,1,1,91.5,242.95,1
0,0,0,1,41,1,0,0,0,0,0,0,0,0,0,0,0,45.2,1841.9,0
0,0,0,0,13,1,0,2,1,1,1,1,1,1,0,0,1,19.45,232.1,0
1,0,1,1,35,1,2,2,1,1,1,1,1,1,2,0,0,25.45,809.25,0
1,0,1,0,12,1,0,1,2,0,0,2,0,0,0,0,0,80.85,866.45,1
1,0,0,0,4,1,0,1,2,2,0,2,0,2,0,1,3,94.9,360.55,0
0,0,0,0,43,0,1,0,0,0,2,0,2,2,0,1,0,49.05,2076.2,1
0,1,1,1,12,0,1,0,0,0,0,2,0,0,0,1,3,29.3,355.9,0
1,1,1,0,68,1,2,1,0,2,2,0,2,2,0,1,2,105.3,7299.65,1
1,1,0,0,25,1,2,1,0,2,0,0,2,0,0,1,2,88.95,2291.2,1
0,0,0,0,7,1,0,2,1,1,1,1,1,1,1,0,3,20.25,129.15,0
1,1,1,0,66,1,2,1,0,2,2,2,2,2,1,1,2,110.85,7491.75,1
0,0,1,0,53,1,0,1,2,2,2,2,2,2,1,0,2,110.5,5835.5,0
1,1,0,0,63,1,2,1,2,2,2,0,2,2,0,1,0,109.4,7031.45,0
0,0,1,1,70,1,2,1,2,2,2,2,2,2,2,1,0,114.2,7723.9,1
1,1,1,0,27,0,1,0,0,0,0,0,0,2,0,0,0,36.5,1032.0,1
0,0,0,0,1,1,0,1,0,0,0,0,0,0,0,0,3,70.75,70.75,1
0,0,0,0,5,1,0,2,1,1,1,1,1,1,0,0,3,19.95,109.6,0
0,1,1,0,37,1,0,2,1,1,1,1,1,1,1,0,3,19.6,727.8,0
1,0,0,0,3,0,1,0,0,0,2,0,2,0,0,1,3,40.15,130.75,1
0,0,0,1,12,1,2,1,0,0,0,0,0,0,0,1,2,76.6,893.0,0
0,0,1,1,38,1,0,2,1,1,1,1,1,1,1,0,1,19.6,763.1,0
0,0,0,0,9,1,0,1,0,0,2,0,0,2,0,1,1,85.3,781.4,0
1,0,1,0,13,1,2,0,2,0,0,0,0,2,0,1,2,65.85,902.25,0
1,1,1,0,29,1,2,1,0,0,0,0,2,2,0,1,2,94.45,2653.65,1
0,0,1,1,47,1,0,2,1,1,1,1,1,1,2,0,1,20.05,1016.7,0
1,0,1,0,61,1,2,1,2,0,2,2,2,0,0,0,0,99.4,5943.65,0
1,0,0,0,16,1,0,2,1,1,1,1,1,1,0,0,3,20.0,275.7,0
0,0,1,1,41,1,0,0,2,2,0,2,2,2,2,0,2,78.45,3126.45,0
0,0,0,1,43,1,2,2,1,1,1,1,1,1,2,1,2,25.1,1070.15,0
0,0,1,1,36,1,2,1,0,2,2,0,2,0,0,1,0,97.35,3457.9,1
0,0,0,0,6,1,0,0,0,0,0,0,0,2,0,1,2,55.0,340.4,0
0,0,0,0,58,1,2,0,2,2,2,2,0,0,1,1,1,71.1,4299.2,0
1,0,0,0,19,1,0,0,0,0,0,2,2,0,0,1,1,61.55,1093.2,0
1,0,1,0,11,1,0,0,0,0,0,0,0,0,0,1,0,45.9,521.9,0
0,0,0,0,39,0,1,0,2,2,0,2,0,0,1,1,0,40.3,1630.4,0
0,1,0,0,8,1,0,1,0,2,0,0,2,0,0,1,2,87.1,713.6,0
0,0,0,1,26,1,2,0,0,0,0,0,0,0,0,1,3,49.5,1265.65,0
0,1,0,0,53,1,0,1,0,2,0,0,0,0,0,1,1,73.8,4003.85,0
0,0,1,1,70,1,0,2,1,1,1,1,1,1,2,1,3,19.2,1401.4,0
1,0,0,0,1,0,1,0,0,0,0,0,2,2,0,1,3,45.3,45.3,1
1,0,0,0,59,1,2,2,1,1,1,1,1,1,2,0,3,25.0,1510.5,0
1,0,0,0,2,1,0,1,0,0,2,0,2,2,0,0,2,94.95,178.1,1
1,0,0,0,7,0,1,0,2,0,2,0,0,0,1,0,3,35.3,264.8,0
0,0,0,1,12,1,0,0,0,0,0,0,0,0,0,1,2,44.55,480.6,1
1,0,1,1,59,1,0,0,0,2,2,2,2,2,1,0,1,76.75,4541.9,0
1,0,1,1,61,1,2,0,0,0,2,2,2,2,2,1,0,81.0,4976.15,0
1,0,1,1,72,1,2,1,2,0,2,0,2,2,2,1,0,105.55,7542.25,0
0,0,1,1,13,1,0,2,1,1,1,1,1,1,0,0,3,18.8,251.25,0
0,0,1,1,64,1,2,2,1,1,1,1,1,1,1,0,3,24.9,1595.5,0
1,0,1,0,1,0,1,0,0,0,0,0,0,0,0,1,2,23.45,23.45,1
0,0,0,0,10,1,0,0,0,2,0,2,0,2,1,0,3,64.9,685.55,0
0,0,1,1,65,1,0,0,2,2,2,0,0,0,1,0,0,61.35,3874.1,0
0,0,1,0,62,1,2,1,2,2,2,2,2,2,2,0,3,113.95,6891.4,0
0,0,1,0,55,1,2,0,2,2,2,2,2,2,1,1,2,90.15,4916.95,0
0,0,1,0,25,1,2,0,0,2,0,0,0,0,0,0,2,54.1,1373.0,0
1,0,0,0,1,0,1,0,2,0,0,0,0,0,0,0,3,29.7,29.7,1
1,0,0,0,1,1,0,0,2,0,0,0,0,0,0,1,1,49.8,49.8,0
0,0,1,0,59,1,2,1,0,2,0,0,2,2,0,0,2,101.1,6039.9,1
1,1,1,1,64,1,2,2,1,1,1,1,1,1,2,1,0,24.4,1548.65,0
1,0,1,0,36,1,2,1,0,0,0,0,2,2,0,1,0,95.0,3440.25,0
0,0,0,0,3,1,2,0,0,0,0,0,0,0,0,1,3,50.65,151.3,1
1,0,1,0,61,1,2,0,2,0,2,0,0,2,2,1,3,69.9,4226.7,0
1,0,0,1,26,0,1,0,0,2,0,0,2,0,1,1,0,39.95,1023.75,0
0,0,0,0,1,1,0,0,0,0,0,0,0,2,0,1,2,55.4,55.4,1
0,1,1,0,1,1,2,1,0,2,0,0,2,0,0,1,2,90.6,90.6,1
1,0,1,1,68,1,0,1,2,2,2,0,2,2,2,1,1,103.25,7074.4,0
1,1,1,0,2,1,2,1,0,0,0,0,2,0,0,1,3,86.85,156.35,1
0,0,1,0,72,1,2,1,2,2,2,2,0,0,2,1,0,94.25,6849.75,0
0,0,1,0,71,0,1,0,0,0,2,2,0,2,2,1,2,47.05,3263.6,0
1,0,0,0,57,1,0,2,1,1,1,1,1,1,2,0,1,20.55,1252.85,0
1,0,0,0,4,1,0,2,1,1,1,1,1,1,0,1,3,19.65,67.55,0
0,1,0,0,1,1,0,1,0,0,0,0,0,0,0,1,2,70.2,70.2,0
1,0,1,1,72,1,2,0,2,2,2,2,0,2,2,0,1,81.0,5750.0,0
1,0,1,1,21,1,2,0,2,0,0,0,2,2,1,1,0,75.9,1549.75,0
0,0,1,1,71,1,2,2,1,1,1,1,1,1,2,0,0,24.7,1810.55,0
0,1,1,0,29,1,2,1,0,0,2,0,2,2,0,1,0,99.05,2952.85,1
0,1,0,0,69,1,2,1,2,0,2,2,2,2,2,0,1,110.25,7467.55,0
0,0,1,0,64,1,2,0,2,0,2,2,2,2,2,1,1,85.0,5484.4,0
1,0,0,0,16,1,0,2,1,1,1,1,1,1,0,0,1,19.75,294.9,0
0,0,0,0,4,1,2,2,1,1,1,1,1,1,1,0,2,23.9,97.5,0
0,0,0,0,52,1,2,1,2,2,0,2,2,2,1,1,1,111.25,5916.45,1
1,0,0,0,2,1,0,0,2,0,2,0,0,0,0,1,3,55.1,113.35,1
1,0,0,0,1,1,0,2,1,1,1,1,1,1,0,0,3,19.95,19.95,0
1,0,0,0,18,0,1,0,0,0,0,0,0,0,0,0,3,25.15,476.8,0
0,0,0,0,2,1,2,0,0,2,0,0,0,0,0,0,3,54.15,101.65,0
0,0,1,0,19,1,0,0,0,2,0,0,0,2,0,1,3,59.8,1130.85,0
0,0,0,0,40,1,2,1,0,0,0,0,0,2,0,0,0,83.85,3532.25,0
0,1,1,1,66,1,2,1,0,2,2,0,2,2,1,1,2,104.9,6891.45,0
1,0,0,0,21,1,2,1,0,0,0,0,0,0,0,0,3,75.3,1570.7,0
1,0,0,0,8,1,0,0,0,2,0,2,2,0,0,1,2,66.65,520.95,0
0,0,1,1,72,1,0,1,2,2,2,2,2,2,2,1,1,109.5,7854.9,0
0,0,0,0,48,1,2,0,0,2,2,2,2,0,1,1,0,73.85,3581.4,0
1,0,0,0,69,1,0,2,1,1,1,1,1,1,2,1,0,19.3,1447.9,0
1,0,0,0,72,1,2,1,2,2,2,2,2,2,2,1,2,118.2,8547.15,0
0,0,0,0,14,1,0,0,0,2,0,0,0,0,1,0,1,51.45,727.85,0
1,0,0,0,6,1,0,0,0,2,0,0,2,0,0,0,2,59.45,357.6,0
0,0,1,1,8,1,0,2,1,1,1,1,1,1,2,0,0,19.5,159.35,0
0,0,0,0,17,1,0,2,1,1,1,1,1,1,1,0,3,19.55,280.85,0
1,0,0,0,65,1,2,1,2,0,0,2,0,2,1,0,2,93.55,6069.25,0
0,0,1,1,57,1,0,0,2,0,2,2,0,0,1,1,3,59.3,3274.35,0
1,0,1,0,13,1,2,1,0,0,2,0,2,2,0,1,1,102.25,1359.0,1
1,1,0,0,19,1,0,1,0,0,2,0,2,2,0,1,1,95.9,1777.9,1
0,0,1,0,56,1,2,1,2,2,2,0,2,2,1,0,0,109.8,6109.65,0
0,0,1,0,14,1,0,1,0,0,0,0,0,2,0,1,2,78.1,1122.4,0
1,0,1,0,52,0,1,0,2,0,0,0,0,2,0,1,2,39.9,2020.9,0
0,0,0,0,58,1,0,0,2,2,2,2,0,0,2,1,1,64.9,3795.45,0
0,1,0,0,47,1,2,1,0,2,0,2,2,0,0,1,2,95.05,4504.55,1
0,0,0,0,67,0,1,0,0,0,2,2,2,2,0,1,1,53.4,3579.15,0
1,0,0,0,2,0,1,0,0,0,0,0,0,0,0,1,1,24.9,49.7,0
1,1,0,0,6,1,0,0,0,0,0,0,0,0,0,0,1,44.7,276.5,0
1,0,1,1,71,1,2,1,2,2,2,2,2,2,2,1,0,114.0,8175.9,0
0,0,1,1,46,1,0,2,1,1,1,1,1,1,2,0,0,20.25,890.35,0
0,0,0,0,5,1,0,0,2,0,0,2,0,0,0,0,1,53.85,259.8,1
1,1,1,0,67,1,2,1,2,2,0,0,0,0,0,0,0,83.85,5588.8,0
1,0,0,1,3,1,0,2,1,1,1,1,1,1,0,0,0,20.2,50.6,0
0,0,0,0,3,1,0,2,1,1,1,1,1,1,0,0,3,19.95,58.0,0
1,1,1,0,52,1,2,1,2,0,2,0,2,2,0,1,2,104.2,5568.35,1
0,0,1,0,42,1,2,0,0,0,0,0,0,0,0,1,2,50.25,2203.65,1
1,0,1,1,50,1,0,2,1,1,1,1,1,1,1,1,3,20.35,938.95,0
1,1,1,0,23,1,0,1,2,2,0,0,0,2,0,1,2,90.0,2024.1,0
0,0,1,1,67,0,1,0,2,2,2,2,2,0,2,0,1,54.2,3623.95,0
0,0,0,0,25,1,0,1,0,2,2,0,2,2,0,1,2,99.5,2369.05,1
0,1,1,0,39,1,0,1,2,2,0,0,2,2,1,0,3,99.1,3877.95,0
0,0,0,0,69,1,2,0,2,2,0,2,0,0,2,1,3,66.9,4577.9,0
0,0,0,0,1,0,1,0,0,0,0,0,0,0,1,0,3,25.85,25.85,0
1,0,0,0,32,1,0,1,0,0,0,0,2,2,0,0,2,91.05,2871.5,0
0,0,0,0,9,1,0,1,0,0,0,0,0,0,0,0,2,71.0,672.55,1
0,0,0,0,16,1,0,1,0,2,2,0,0,2,0,1,1,93.2,1573.7,1
1,0,1,1,60,1,0,2,1,1,1,1,1,1,2,1,0,20.95,1270.55,0
0,0,1,1,72,1,2,1,0,2,2,2,2,2,2,1,0,109.2,7711.45,0
1,0,1,0,5,1,0,2,1,1,1,1,1,1,0,0,3,19.35,126.05,1
0,1,0,0,26,1,0,1,2,0,0,0,2,0,0,1,1,85.8,2193.65,0
1,0,0,0,3,1,0,2,1,1,1,1,1,1,0,0,3,19.85,64.55,1
1,0,0,0,2,1,0,2,1,1,1,1,1,1,0,1,2,19.65,31.2,0
0,0,0,1,2,1,0,2,1,1,1,1,1,1,1,0,0,20.5,38.25,0
0,0,0,0,36,1,2,0,2,0,2,2,2,2,1,1,1,89.65,3348.1,0
1,0,0,0,7,1,0,1,2,0,0,0,0,0,0,0,3,74.35,533.6,0
0,1,1,0,60,0,1,0,0,2,0,0,2,2,2,1,1,49.45,2907.55,0
0,0,1,0,19,1,2,1,0,2,0,0,0,2,0,1,2,89.1,1620.8,0
1,1,1,0,45,1,2,0,2,0,2,2,0,2,2,0,1,75.15,3480.35,0
1,1,0,0,4,1,0,1,0,0,0,0,0,0,0,1,2,70.65,293.85,0
0,0,1,1,31,1,2,1,0,0,2,2,2,2,0,1,2,104.2,3243.45,1
1,0,1,1,47,1,0,1,2,0,2,0,0,2,0,0,2,90.05,4137.2,0
1,0,0,0,1,1,0,1,0,0,0,0,0,2,0,1,2,79.25,79.25,1
0,0,0,0,1,1,0,0,0,0,0,0,0,0,0,1,0,44.9,44.9,1
0,0,0,0,1,1,0,2,1,1,1,1,1,1,0,0,1,19.4,19.4,0
0,1,1,1,59,1,2,1,0,0,2,0,0,2,0,1,1,88.75,5348.65,0
1,0,1,0,10,1,0,1,0,0,0,0,0,0,0,1,2,70.1,659.65,1
1,1,0,0,35,1,2,1,2,0,0,0,0,2,0,0,1,91.0,3180.5,0
1,0,0,0,4,0,1,0,0,0,2,0,0,0,0,1,2,29.65,118.5,1
1,0,1,1,32,1,0,1,2,2,0,0,0,2,1,1,2,90.8,3023.85,0
1,0,0,0,43,1,2,1,0,2,0,0,0,0,0,1,2,77.85,3365.85,1
1,0,0,0,4,1,0,0,0,0,0,0,0,2,0,0,2,54.3,195.3,1
0,1,1,0,54,1,0,2,1,1,1,1,1,1,2,1,3,18.95,1031.1,0
0,1,0,0,11,1,2,1,0,0,0,0,2,2,0,1,0,95.15,997.65,1
0,1,0,0,66,1,2,1,2,0,0,0,2,2,2,1,0,102.4,6471.85,0
1,0,1,1,61,1,2,1,0,0,2,0,2,2,1,1,2,99.9,6241.35,0
1,0,1,1,72,1,2,0,2,2,2,2,2,2,2,0,1,88.7,6501.35,0
1,0,1,1,44,0,1,0,0,0,2,2,2,2,1,1,2,54.3,2317.1,0
1,0,0,0,41,1,2,0,0,0,2,0,0,0,0,1,0,55.7,2237.55,0
1,0,1,0,50,1,2,1,2,0,2,0,2,2,1,1,2,103.95,5231.3,0
1,0,1,0,47,1,2,1,2,0,2,2,2,2,1,1,1,110.85,5275.8,1
1,0,1,1,8,1,0,2,1,1,1,1,1,1,2,0,3,20.15,165.5,0
1,0,0,0,18,1,0,2,1,1,1,1,1,1,0,0,3,20.05,358.5,0
1,0,1,1,72,1,2,0,2,2,2,2,2,2,2,1,1,91.95,6614.9,0
1,0,0,0,1,1,0,1,0,0,0,0,0,2,0,0,2,80.5,80.5,1
0,1,0,0,42,1,2,0,0,0,2,0,0,0,0,0,2,55.65,2421.75,0
0,1,0,0,18,1,0,1,0,2,0,0,0,0,0,1,2,74.7,1294.6,0
0,0,0,1,13,1,2,1,0,2,2,0,2,2,1,1,1,104.15,1299.1,0
0,0,1,1,68,1,2,1,0,2,0,2,0,0,1,1,0,83.65,5733.4,0
1,0,0,0,4,1,2,1,0,0,0,0,0,0,0,1,0,72.2,305.55,1
1,0,0,0,69,1,2,1,2,2,2,0,2,2,2,1,1,110.05,7430.75,0
1,0,0,0,17,1,0,0,0,0,0,2,0,0,0,0,3,51.5,900.5,1
1,0,1,1,25,1,2,2,1,1,1,1,1,1,2,0,1,25.5,630.6,0
1,1,0,0,43,1,0,1,0,0,0,0,2,2,0,1,3,89.55,3856.75,1
0,0,1,1,59,1,0,2,1,1,1,1,1,1,2,0,1,19.5,1222.65,0
0,1,0,0,5,1,0,1,2,2,0,0,0,0,0,0,2,80.7,374.8,0
1,0,1,1,21,1,2,0,2,2,0,2,2,0,1,0,3,77.5,1625.0,1
0,0,1,1,69,1,2,1,2,2,2,2,2,0,1,1,1,105.1,7234.8,0
1,0,0,0,13,0,1,0,0,0,0,0,0,0,0,1,0,25.15,331.85,0
1,0,1,0,42,1,2,1,0,2,2,0,2,0,0,1,0,95.25,3959.35,1
1,0,1,0,52,1,2,1,0,2,0,2,0,2,0,1,1,95.65,5088.4,0
1,1,0,0,46,1,0,1,2,0,0,0,0,2,0,0,2,85.0,3969.4,1
1,0,1,0,61,1,2,0,2,2,2,2,0,2,2,1,0,80.8,4860.85,0
1,0,0,0,29,0,1,0,0,0,0,0,0,0,1,1,3,24.85,788.05,0
0,0,0,1,25,1,0,0,0,2,0,2,0,0,1,1,1,54.75,1266.35,0
0,0,1,1,5,1,0,1,0,0,0,2,2,0,0,1,2,85.75,470.95,1
1,0,0,0,15,0,1,0,0,0,2,0,2,2,1,0,2,50.75,688.2,0
0,0,1,1,19,1,0,2,1,1,1,1,1,1,2,0,3,20.15,387.7,0
1,0,0,0,44,1,0,2,1,1,1,1,1,1,2,0,3,20.05,845.25,0
0,1,0,0,6,1,2,1,0,2,0,0,2,2,0,1,2,98.25,560.6,1
1,0,1,1,58,1,2,0,2,2,2,2,0,0,2,0,1,71.6,4230.25,0
1,0,1,1,62,1,0,1,2,2,0,0,0,0,1,1,1,81.45,4983.05,0
0,0,1,1,70,0,1,0,0,2,2,2,2,2,1,1,0,58.4,4113.15,0
0,1,0,0,1,0,1,0,0,0,0,0,0,0,0,1,3,25.7,25.7,1
1,0,1,1,10,0,1,0,2,2,2,2,0,2,2,0,1,53.7,521.0,0
1,0,0,0,26,1,0,2,1,1,1,1,1,1,1,1,0,19.6,471.85,0
1,0,0,0,66,1,2,1,0,2,0,0,0,2,0,0,1,89.4,5976.9,0
0,0,1,1,7,1,0,1,0,0,0,0,0,0,0,1,2,69.0,506.9,1
1,0,1,1,51,1,2,1,0,2,0,2,0,0,1,0,0,84.2,4299.75,0
1,0,1,1,72,1,2,1,2,2,2,2,2,0,2,1,1,106.1,7548.6,0
1,0,0,0,65,1,2,2,1,1,1,1,1,1,2,0,3,25.75,1654.75,0
1,0,0,0,2,1,0,0,0,0,0,0,0,0,0,0,0,46.05,80.35,1
1,0,0,1,70,1,2,0,2,2,0,2,0,0,1,0,0,64.95,4551.5,0
1,0,1,0,72,1,2,0,0,2,2,2,2,2,2,1,1,85.45,6227.5,0
0,0,1,1,1,1,0,2,1,1,1,1,1,1,0,0,3,20.05,20.05,0
0,1,1,0,1,1,0,1,0,2,0,0,0,0,0,1,3,76.4,76.4,1
0,0,0,0,5,1,2,1,0,0,2,0,2,2,0,1,2,100.5,514.0,1
1,0,0,0,3,1,0,2,1,1,1,1,1,1,0,0,3,20.7,57.5,0
1,0,0,0,58,1,2,2,1,1,1,1,1,1,2,1,1,25.3,1474.35,0
1,1,1,1,22,0,1,0,2,0,0,0,0,2,0,0,3,40.05,880.2,1
1,1,1,0,33,1,2,1,0,2,0,0,2,2,0,1,0,100.6,3270.25,0
1,0,0,0,1,1,0,1,0,0,0,0,0,0,0,0,2,69.95,69.95,1
1,1,1,0,54,1,2,1,0,0,0,0,0,0,0,0,0,74.0,3919.15,0
1,0,1,0,72,1,2,1,0,2,0,0,2,2,2,1,2,99.4,7285.7,0
1,0,0,1,1,1,2,1,0,0,0,0,2,2,0,1,2,93.3,93.3,1
1,0,0,0,3,1,0,0,0,0,2,0,0,0,0,1,2,49.15,169.05,1
0,0,1,1,72,1,2,1,2,2,2,2,0,2,2,0,1,107.45,7658.3,0
0,0,1,1,72,1,2,0,2,2,2,0,2,2,2,1,1,83.6,5959.3,0
1,1,1,0,54,1,2,1,0,0,2,0,2,2,0,1,1,99.05,5295.7,0
0,0,1,0,59,1,2,0,0,2,0,2,2,2,1,1,2,80.1,4693.2,0
1,0,0,0,54,1,0,0,2,2,0,0,2,0,2,1,0,65.3,3512.9,0
1,0,0,0,60,1,2,1,0,0,2,0,2,0,2,1,2,89.55,5231.2,0
0,0,1,0,60,0,1,0,0,2,2,2,2,2,2,0,1,60.8,3603.45,0
1,0,0,0,3,1,2,1,0,0,0,0,0,0,0,0,2,74.5,217.45,0
0,0,1,0,69,1,2,1,2,0,0,0,2,2,2,0,0,99.15,6875.35,0
0,0,1,1,1,1,0,2,1,1,1,1,1,1,0,0,2,19.25,19.25,0
1,0,1,1,50,0,1,0,2,0,0,0,2,0,0,1,1,39.45,2021.35,0
0,0,0,0,56,0,1,0,0,0,0,0,2,2,0,1,1,44.85,2564.95,0
0,0,1,0,60,1,0,1,2,0,0,2,2,2,2,1,2,97.2,5611.75,0
1,1,1,0,69,1,2,1,2,0,2,2,2,2,1,1,3,110.55,7610.1,0
0,0,0,0,1,0,1,0,0,0,0,0,0,2,0,0,3,35.05,35.05,1
0,1,0,0,1,1,0,1,0,2,0,0,0,0,0,1,2,73.0,73.0,1
0,0,1,0,3,1,0,2,1,1,1,1,1,1,0,1,3,19.9,45.75,0
1,0,1,1,60,1,0,0,0,2,0,2,2,2,2,0,0,76.95,4543.95,0
0,0,0,0,13,0,1,0,0,0,2,2,0,0,2,0,3,35.4,450.4,0
1,0,1,1,62,1,0,2,1,1,1,1,1,1,2,0,0,20.45,1297.35,0
0,0,0,0,45,1,2,1,2,2,0,0,0,2,1,0,0,96.75,4442.75,0
0,0,0,0,25,0,1,0,0,0,2,2,2,2,1,0,2,54.2,1423.15,0
1,0,0,0,44,1,0,1,0,0,2,2,2,2,2,0,0,100.1,4378.35,0
0,0,0,0,2,1,0,0,0,0,0,0,0,0,0,1,3,45.25,74.2,0
1,1,0,0,33,1,2,1,0,2,2,0,0,0,0,1,1,83.85,2716.3,1
0,0,0,0,1,1,0,1,0,0,0,0,0,0,0,1,2,70.1,70.1,1
0,0,0,0,22,1,0,2,1,1,1,1,1,1,1,0,0,20.85,450.65,0
0,0,0,0,35,0,1,0,0,0,2,2,0,0,0,1,3,33.45,1175.85,0
0,0,1,1,29,1,0,2,1,1,1,1,1,1,2,0,3,20.2,558.8,0
1,1,1,0,27,1,2,1,2,0,2,0,0,0,1,1,2,85.9,2220.1,0
1,0,0,1,54,1,0,0,0,2,2,2,0,0,1,1,2,61.0,3283.05,0
0,1,0,0,2,1,0,1,0,0,0,0,0,0,0,1,2,70.65,142.35,1
1,0,0,0,57,1,2,1,0,0,0,0,2,0,1,1,2,86.9,4939.25,0
1,0,0,0,62,1,2,0,2,2,2,2,0,0,2,0,0,69.4,4237.5,0
0,0,1,1,15,1,0,2,1,1,1,1,1,1,1,0,1,20.35,335.95,0
1,0,0,0,2,1,0,2,1,1,1,1,1,1,0,0,3,20.35,33.2,1
0,0,1,0,70,1,2,1,0,0,2,2,2,2,2,1,0,104.3,7188.5,0
0,0,1,1,21,1,0,0,0,0,0,0,0,0,0,1,2,44.95,926.25,0
0,0,0,1,23,1,0,0,0,0,0,2,0,0,1,1,2,49.45,1119.35,0
1,0,0,0,6,1,0,2,1,1,1,1,1,1,1,0,3,20.6,116.6,0
1,0,1,1,4,1,0,2,1,1,1,1,1,1,2,0,1,19.55,68.8,0
0,0,0,0,3,1,0,1,2,0,2,0,2,2,0,1,1,99.0,287.4,1
0,0,0,0,23,1,2,1,0,0,0,0,2,2,0,1,2,93.5,2341.55,0
1,0,0,0,26,0,1,0,2,0,0,2,2,2,1,0,1,54.55,1362.85,0
0,0,0,1,8,1,0,2,1,1,1,1,1,1,0,0,3,20.05,163.6,0
1,0,0,0,26,1,2,1,0,0,0,0,0,2,0,1,2,83.95,2254.2,1
1,0,0,0,2,1,2,1,0,2,0,0,0,0,0,1,2,79.45,145.15,0
1,0,0,0,67,1,2,1,2,2,2,2,2,2,2,0,1,116.2,7752.3,1
0,0,1,0,71,1,2,1,0,0,0,0,2,2,2,1,0,93.7,6585.35,1
0,0,0,0,59,1,2,0,2,2,2,2,0,2,1,0,1,79.85,4786.1,0
1,0,1,1,39,1,2,1,0,0,2,0,2,2,1,0,2,100.0,3835.55,0
1,0,0,1,21,1,0,2,1,1,1,1,1,1,2,0,3,19.6,397.0,0
1,0,0,0,1,1,0,2,1,1,1,1,1,1,0,0,3,19.7,19.7,1
0,0,1,1,48,1,0,2,1,1,1,1,1,1,2,0,0,20.2,1027.25,0
0,1,1,0,31,0,1,0,2,2,2,0,0,2,1,1,1,50.4,1580.1,0
0,0,1,1,64,1,2,1,2,2,2,2,2,2,1,0,2,113.35,7222.75,0
1,0,1,1,46,1,2,1,0,2,0,0,0,0,0,1,0,80.0,3769.7,0
0,0,0,0,52,1,2,0,0,0,2,2,2,2,2,1,0,80.95,4233.95,0
0,0,1,1,67,1,2,2,1,1,1,1,1,1,2,1,3,24.9,1680.25,0
0,1,0,0,67,1,2,0,0,2,0,0,0,0,0,0,2,54.9,3725.5,0
0,0,0,0,5,1,2,1,0,0,0,0,0,0,0,0,2,75.55,413.65,1
0,0,1,0,71,1,2,1,0,2,2,2,2,2,2,0,2,109.25,7707.7,0
0,0,0,0,9,1,0,1,0,0,0,0,2,0,0,1,0,77.65,714.15,1
0,1,0,0,26,1,2,1,2,2,0,0,0,2,0,1,2,95.0,2497.2,1
1,0,0,0,71,1,2,1,2,2,2,2,2,2,1,1,0,116.3,8309.55,0
0,0,0,0,32,1,0,2,1,1,1,1,1,1,0,0,0,19.9,601.55,0
0,0,0,0,2,1,0,1,0,0,0,0,0,0,0,0,2,70.35,139.25,0
0,0,1,0,71,1,2,2,1,1,1,1,1,1,2,0,1,25.6,1888.25,0
0,0,0,0,60,0,1,0,2,0,2,0,0,2,1,1,2,44.45,2773.9,0
0,1,0,0,55,1,2,1,0,0,2,0,2,2,1,1,2,100.15,5409.75,0
1,0,0,0,54,1,0,1,2,2,0,2,2,2,1,1,1,105.4,5643.4,1
1,0,0,0,2,1,0,1,0,0,2,0,2,2,0,1,2,95.85,197.7,1
0,0,0,0,6,1,2,1,0,0,0,0,0,0,0,1,3,73.85,401.3,0
0,0,1,1,48,1,0,0,2,2,2,0,0,2,2,1,1,70.1,3238.4,0
1,0,1,1,63,1,2,2,1,1,1,1,1,1,2,0,3,25.25,1573.05,0
1,0,0,0,1,1,2,1,0,2,0,0,0,0,0,1,2,79.15,79.15,1
1,0,0,1,12,1,0,2,1,1,1,1,1,1,0,0,1,21.05,235.8,0
1,1,1,0,54,0,1,0,0,0,0,0,0,0,0,1,0,24.95,1364.75,0
0,0,1,1,30,1,0,0,0,0,2,2,2,0,1,1,2,64.5,1985.15,0
0,0,1,0,30,1,0,2,1,1,1,1,1,1,0,0,0,19.65,655.85,1
0,0,0,0,4,1,0,1,0,0,0,0,2,0,0,1,2,79.0,303.15,1
0,0,0,0,40,1,2,1,0,0,2,2,2,2,1,1,1,105.95,4335.2,0
0,0,1,1,9,1,0,1,0,0,0,2,0,0,0,1,2,75.85,647.5,0
0,0,1,1,17,1,0,1,2,0,0,2,2,0,0,0,2,91.85,1574.45,1
0,0,0,0,62,0,1,0,0,2,2,0,0,2,2,1,1,43.6,2748.7,0
1,0,0,0,28,1,0,1,0,2,0,2,2,0,1,1,0,91.25,2483.65,0
0,0,0,0,70,1,2,0,2,2,2,2,2,2,2,0,1,89.75,6367.2,0
0,0,0,0,46,1,0,1,0,2,2,2,2,2,2,1,0,104.4,4904.2,0
0,0,1,0,23,1,2,1,0,0,2,0,0,2,0,0,3,90.15,2044.95,0
1,0,1,1,47,0,1,0,2,0,2,2,0,0,1,0,2,40.3,1794.8,0
1,0,1,1,68,1,0,1,2,2,2,0,2,2,2,1,0,105.25,7173.15,0
0,1,0,0,60,1,2,1,0,0,2,2,2,2,1,1,2,106.0,6441.4,1
0,0,0,1,67,1,2,1,0,2,0,2,2,2,2,1,2,104.0,7039.05,0
0,0,0,0,14,1,0,0,0,0,0,2,2,2,0,1,2,69.65,921.4,0
1,0,1,1,57,1,2,1,0,0,0,0,0,0,0,1,2,74.3,4018.35,0
0,0,1,1,55,1,2,1,2,0,0,0,2,2,1,0,3,100.9,5448.6,0
1,0,0,0,1,1,0,2,1,1,1,1,1,1,0,1,3,20.25,20.25,0
1,0,0,1,1,1,0,0,0,0,0,2,0,0,0,1,3,49.9,49.9,1
1,0,0,0,23,1,2,1,0,0,2,2,2,0,0,1,1,96.9,2085.45,0
0,0,0,0,13,1,2,1,2,0,0,0,2,2,0,1,2,100.35,1358.85,1
1,0,1,0,47,1,2,1,0,2,2,0,2,2,0,1,2,104.1,5135.15,0
1,0,0,0,38,1,0,2,1,1,1,1,1,1,1,0,3,20.1,730.1,0
0,1,1,0,38,1,2,1,0,0,0,0,0,0,0,1,0,74.95,2869.85,1
0,1,0,0,2,1,2,0,0,2,0,0,0,0,0,1,1,56.55,118.25,0
1,1,1,1,1,1,0,0,0,0,0,2,0,0,0,1,1,49.25,49.25,1
1,0,1,0,15,1,0,1,0,0,0,0,0,0,0,1,0,68.6,1108.6,0
0,0,0,0,26,1,0,1,0,0,0,0,0,0,0,1,1,69.05,1815.65,0
0,0,1,1,35,1,0,2,1,1,1,1,1,1,2,0,1,19.7,730.4,0
1,0,0,1,3,1,0,2,1,1,1,1,1,1,0,1,3,20.05,75.45,0
1,0,1,1,50,1,2,1,0,2,0,2,2,2,0,0,2,103.7,5071.05,1
1,0,1,0,42,1,2,1,2,0,2,0,0,2,0,1,2,94.4,4014.6,0
1,0,1,0,10,1,0,0,2,0,0,2,0,0,0,1,1,54.95,568.85,0
0,0,1,0,61,1,0,1,2,2,0,2,0,2,1,0,0,93.7,5860.7,0
0,0,0,0,68,1,2,1,2,2,0,2,2,2,2,0,1,110.25,7279.35,0
1,0,0,0,10,1,0,1,2,0,2,0,2,2,1,1,2,98.9,1064.95,0
1,0,1,0,65,1,2,1,2,2,2,0,0,0,1,0,2,89.75,5769.6,1
0,0,1,1,72,1,0,0,2,0,2,2,2,2,2,1,0,80.45,5886.85,0
1,0,1,1,55,1,0,1,0,2,0,2,0,0,0,0,2,79.4,4238.45,0
0,0,0,0,1,1,0,2,1,1,1,1,1,1,0,1,3,20.3,20.3,1
0,0,0,0,7,1,0,0,0,0,2,2,0,2,0,0,0,62.8,418.3,0
0,0,0,0,2,1,2,1,0,0,0,0,0,0,0,1,3,74.9,136.05,0
0,0,0,0,9,1,0,1,2,0,0,0,0,0,0,1,2,74.85,708.2,0
1,0,0,1,27,1,2,2,1,1,1,1,1,1,2,1,1,25.85,788.55,0
1,1,1,0,7,1,2,1,0,0,2,0,2,2,0,1,2,101.95,700.85,1
0,0,1,0,64,1,0,0,0,2,2,2,0,2,2,1,3,68.3,4378.8,0
1,0,0,0,70,0,1,0,2,0,2,2,0,2,2,0,0,48.4,3442.8,0
1,1,0,0,2,1,2,1,0,0,0,0,2,2,0,1,2,94.0,181.7,1
1,1,0,0,67,1,0,1,2,2,0,2,2,2,2,1,2,105.05,7171.7,0
0,0,0,0,45,1,2,1,0,2,0,0,2,0,0,1,1,89.3,4016.85,1
0,0,0,0,24,1,2,2,1,1,1,1,1,1,2,0,1,25.15,553.0,0
1,0,1,1,4,1,0,2,1,1,1,1,1,1,2,0,1,19.5,96.85,0
1,0,1,1,44,1,0,1,0,0,2,0,2,2,0,1,0,92.95,4122.9,0
0,0,1,1,72,1,0,2,1,1,1,1,1,1,2,1,3,20.7,1482.3,0
0,0,0,0,1,1,0,1,0,2,0,0,0,0,0,1,1,74.3,74.3,1
1,0,0,0,66,1,0,2,1,1,1,1,1,1,2,0,0,19.35,1240.8,0
1,0,0,0,1,0,1,0,0,2,0,2,0,2,0,1,3,44.65,44.65,1
1,0,1,1,13,1,0,1,2,0,0,0,0,2,0,0,2,84.05,1095.3,1
1,0,0,0,10,1,2,1,0,2,0,0,0,0,0,1,0,80.7,788.8,1
1,1,1,0,65,1,2,1,0,2,2,0,2,2,0,1,2,104.35,6578.55,0
1,0,0,1,1,1,0,2,1,1,1,1,1,1,0,0,3,19.55,19.55,0
1,0,1,1,38,1,0,0,2,2,2,2,2,0,1,0,2,74.05,2802.3,0
1,0,0,1,23,0,1,0,2,0,2,2,0,0,2,0,3,40.1,857.75,0
0,0,1,0,10,1,0,2,1,1,1,1,1,1,1,0,3,20.1,184.4,0
1,0,0,1,4,1,2,1,0,2,0,0,2,2,0,1,2,101.7,364.55,1
1,0,1,1,72,1,2,0,2,0,2,2,2,2,2,1,1,83.55,6093.3,0
0,0,1,0,35,1,0,0,0,2,0,2,0,0,0,0,2,56.85,1861.1,0
0,0,0,0,1,1,0,2,1,1,1,1,1,1,0,0,3,20.4,20.4,1
0,0,1,1,58,1,0,2,1,1,1,1,1,1,2,0,1,19.55,1079.65,0
1,0,1,1,70,1,0,1,0,2,2,2,2,2,1,1,2,106.15,7475.1,0
1,0,1,1,38,1,2,0,0,2,2,0,2,2,1,0,1,78.95,2862.55,0
0,0,1,1,60,0,1,0,0,2,0,0,2,2,0,1,2,49.75,3069.45,0
1,0,0,0,26,1,2,1,2,2,0,0,2,0,0,1,1,92.4,2349.8,0
0,0,0,0,8,1,0,0,2,2,0,2,0,0,1,0,0,58.2,469.25,0
1,0,1,1,41,1,2,1,0,0,2,2,2,2,1,1,2,102.6,4213.35,1
0,1,1,0,36,1,2,1,0,2,0,0,2,0,0,1,1,91.95,3301.05,0
1,1,0,0,54,1,0,0,0,0,2,2,0,2,1,0,0,65.25,3529.95,0
1,0,1,1,71,1,2,1,0,2,2,0,2,2,2,1,0,106.0,7723.7,1
0,0,0,0,55,1,2,1,0,0,0,0,0,0,0,1,2,73.1,4144.9,0
0,0,0,0,72,1,2,0,2,2,0,0,0,0,2,0,0,59.75,4265.0,0
0,0,0,1,3,1,0,0,2,0,0,2,0,0,0,1,3,55.1,154.65,1
0,0,1,1,54,1,2,0,0,2,2,0,0,0,2,1,0,59.8,3246.45,0
1,0,1,1,72,1,2,1,2,2,2,2,2,2,2,1,0,116.6,8337.45,0
1,0,0,0,52,1,2,1,2,0,2,2,2,2,2,1,2,109.3,5731.4,0
0,1,0,0,60,1,2,1,2,0,0,0,2,2,1,1,0,101.4,6176.6,0
0,0,0,0,39,0,1,0,0,0,2,0,2,2,0,1,1,50.65,1905.4,0
0,0,0,0,15,1,0,0,0,0,0,0,2,0,1,0,3,56.15,931.9,0
1,0,0,0,69,1,2,1,0,0,2,2,2,2,2,1,0,106.5,7348.8,1
1,0,1,1,43,1,0,2,1,1,1,1,1,1,1,1,3,19.2,776.25,0
0,1,0,0,63,1,2,0,2,2,2,2,2,0,1,0,0,83.0,5243.05,0
1,1,1,0,2,1,0,1,0,0,0,0,0,0,0,0,2,70.1,141.65,0
0,0,1,1,72,1,0,1,2,2,2,2,2,2,2,1,0,108.3,7679.65,0
0,0,1,1,32,1,2,1,0,0,2,0,0,2,0,1,0,91.05,2954.5,1
1,0,1,1,40,1,2,2,1,1,1,1,1,1,2,0,1,25.25,1006.9,0
0,0,1,0,58,0,1,0,2,2,0,0,2,0,1,1,2,45.35,2540.1,0
1,0,0,0,67,0,1,0,2,0,0,2,2,0,2,0,2,43.9,3097.2,0
0,1,1,0,51,1,2,1,2,0,0,0,0,0,0,1,2,77.5,3807.35,1
1,0,1,0,31,1,2,0,0,0,2,2,2,2,1,1,3,79.3,2484.0,0
1,1,1,0,69,1,2,1,2,2,0,0,0,0,0,1,1,84.9,5785.65,0
1,0,1,0,32,1,2,1,0,0,0,2,0,0,1,1,2,79.25,2619.15,0
0,0,0,0,21,1,0,0,2,2,0,2,2,0,2,0,1,71.05,1524.85,0
1,0,0,0,52,1,0,0,2,0,2,0,0,0,1,0,2,53.75,2790.65,0
0,0,1,1,72,1,2,2,1,1,1,1,1,1,2,0,1,24.25,1784.5,0
0,0,1,0,72,0,1,0,0,2,2,0,2,2,2,1,2,54.2,3937.45,1
1,0,1,1,52,0,1,0,2,0,2,0,0,2,1,0,0,44.25,2276.1,0
0,0,0,0,41,1,0,0,0,0,0,2,0,0,1,0,0,50.05,2029.05,0
1,0,0,0,41,1,0,2,1,1,1,1,1,1,2,0,3,20.15,802.35,0
0,0,0,0,6,1,0,1,0,0,0,0,0,0,0,1,3,69.25,418.4,1
1,0,1,1,67,1,2,0,2,2,2,2,0,0,1,1,1,69.35,4653.25,0
0,0,1,1,16,1,0,2,1,1,1,1,1,1,0,0,3,19.35,275.9,0
1,0,0,0,17,1,0,2,1,1,1,1,1,1,2,0,3,19.15,343.45,0
1,0,1,0,35,1,0,0,2,2,2,0,0,0,0,0,3,61.0,2130.45,0
0,0,1,1,58,1,0,2,1,1,1,1,1,1,2,0,1,20.5,1191.4,0
1,0,0,0,1,1,0,0,0,0,2,0,0,0,0,1,2,50.5,50.5,1
1,0,1,1,52,0,1,0,0,2,2,2,2,0,2,0,3,50.2,2554.0,0
0,0,0,0,70,1,0,0,2,0,2,2,2,2,2,0,0,79.6,5589.45,0
0,0,1,1,19,1,2,2,1,1,1,1,1,1,2,1,0,24.9,467.7,0
1,1,0,0,1,1,2,1,0,0,0,0,0,0,0,1,2,74.4,74.4,1
0,0,1,1,35,1,0,1,2,0,2,2,2,2,0,1,2,106.9,3756.45,0
0,0,0,0,32,1,2,1,0,0,2,0,2,2,0,1,2,101.35,3334.9,0
0,0,1,1,17,1,0,0,2,0,0,2,0,0,0,1,1,55.35,920.5,0
0,0,1,1,67,1,0,0,0,2,0,0,0,0,1,0,1,50.55,3431.75,0
0,0,0,0,9,1,0,2,1,1,1,1,1,1,0,0,0,19.5,150.35,0
1,0,0,1,31,1,2,0,0,2,0,2,2,2,1,1,3,79.45,2587.7,1
1,0,0,0,4,1,2,1,2,0,0,0,2,0,0,0,2,90.65,367.95,0
1,1,1,1,58,1,2,1,2,2,0,2,0,0,1,1,0,89.85,5125.75,0
1,0,0,0,60,1,0,0,2,0,2,2,2,2,1,0,3,79.0,4801.1,0
1,0,0,0,58,1,2,1,0,0,2,2,2,2,1,1,2,104.65,6219.6,1
1,0,0,0,1,1,0,2,1,1,1,1,1,1,0,0,3,19.55,19.55,0
0,0,1,1,27,1,0,2,1,1,1,1,1,1,2,0,3,19.9,550.1,0
1,1,1,1,66,1,2,1,2,2,2,2,2,2,1,1,2,116.25,7862.25,0
1,0,0,0,15,1,2,1,2,0,0,0,2,0,0,1,0,87.75,1242.2,0
1,1,1,0,47,1,2,1,0,0,2,0,2,2,0,1,2,100.05,4871.05,1
0,0,0,0,41,1,2,1,2,0,0,0,0,0,0,1,1,81.3,3190.65,0
1,0,1,0,59,0,1,0,0,0,0,0,2,2,0,1,2,44.3,2666.75,0
0,0,0,1,50,1,0,1,0,0,0,0,0,0,2,0,1,70.35,3533.6,0
1,0,1,1,17,0,1,0,2,0,2,0,2,0,1,0,1,44.45,792.15,0
1,0,1,1,6,1,0,0,2,0,0,0,0,0,0,1,2,49.15,295.65,0
1,1,1,0,51,0,1,0,0,2,0,0,0,0,0,1,1,29.45,1459.35,0
1,0,0,0,44,1,0,1,0,2,0,2,2,2,0,0,2,100.55,4398.15,1
1,0,1,0,49,1,0,1,0,2,0,0,2,0,0,1,1,85.3,4297.95,0
1,0,0,0,2,1,0,1,0,2,0,0,2,2,0,0,2,95.65,167.3,1
1,0,1,0,59,1,2,0,2,0,0,2,0,2,1,1,3,69.1,4096.9,0
1,1,0,0,50,1,2,0,2,2,0,0,2,0,0,1,0,70.35,3454.6,0
0,0,1,1,59,1,0,2,1,1,1,1,1,1,2,0,3,20.6,1286.0,0
1,0,0,0,18,1,2,1,0,0,0,0,0,0,0,0,3,74.15,1387.0,0
1,0,0,0,10,1,2,1,0,0,0,0,0,0,0,0,2,75.05,786.3,0
1,0,1,0,14,1,0,0,0,0,0,0,0,0,1,0,2,44.6,641.25,0
1,0,0,0,35,1,0,2,1,1,1,1,1,1,2,0,0,21.45,705.45,0
1,0,1,1,8,1,0,0,0,0,0,0,0,0,1,1,3,43.45,345.5,0
1,0,1,1,18,1,0,2,1,1,1,1,1,1,1,0,0,20.05,345.9,0
0,0,1,1,60,1,2,1,2,2,0,0,2,0,1,0,0,94.15,5811.8,0
0,0,0,0,1,1,0,1,0,0,2,0,2,2,0,0,2,94.4,94.4,1
0,0,0,0,6,1,0,2,1,1,1,1,1,1,2,0,3,19.55,124.45,0
0,0,0,1,19,1,2,0,2,2,0,2,2,0,0,1,3,75.9,1375.6,0
1,0,1,1,53,1,2,0,2,2,0,2,0,0,1,0,0,64.15,3491.55,0
1,1,1,0,72,1,2,1,2,2,2,0,2,2,2,1,0,109.55,7920.7,0
0,0,1,0,60,1,2,1,0,2,2,2,2,2,2,1,1,110.8,6640.7,0
0,0,0,0,1,1,0,0,0,0,0,0,2,0,0,1,1,55.0,55.0,1
0,0,0,1,13,1,0,0,0,0,2,2,0,0,0,0,3,53.45,718.1,0
0,0,1,1,5,1,0,1,0,0,0,0,0,0,0,0,1,69.95,320.4,0
1,0,0,0,1,1,2,1,0,0,2,0,2,2,0,1,2,101.45,101.45,1
1,0,1,1,13,1,0,1,0,0,2,0,2,2,0,0,2,97.0,1334.45,0
1,0,0,0,37,1,2,0,2,2,2,2,2,2,1,1,0,90.6,3358.65,0
1,0,1,0,64,1,0,1,2,0,0,0,0,0,0,1,3,73.55,4764.0,0
0,0,1,0,5,1,2,0,0,0,2,2,2,0,0,0,0,67.95,350.3,1
0,0,1,0,61,1,2,1,0,2,0,2,0,2,2,1,0,94.35,5703.0,0
0,0,0,0,1,1,0,1,0,0,0,0,0,0,0,1,2,69.5,69.5,1
1,0,0,0,1,1,0,2,1,1,1,1,1,1,0,1,3,18.85,18.85,1
1,0,0,0,26,1,0,2,1,1,1,1,1,1,1,0,3,19.4,525.55,0
0,0,0,0,1,1,0,1,0,0,0,0,0,0,0,1,2,69.2,69.2,1
1,0,1,0,24,1,0,2,1,1,1,1,1,1,2,0,3,19.75,483.15,0
1,0,1,0,17,0,1,0,0,0,2,2,2,2,1,0,2,54.6,934.8,0
0,0,0,1,26,0,1,0,0,0,2,0,0,0,0,1,3,29.8,786.5,0
1,0,0,0,1,1,0,1,0,0,0,0,0,0,0,1,2,69.65,69.65,1
1,1,1,0,40,1,2,1,2,0,0,0,2,2,0,0,2,101.85,4086.3,1
1,0,0,0,52,1,2,1,0,2,2,0,2,2,0,1,2,103.05,5364.8,0
0,0,0,0,1,1,0,1,0,2,2,0,0,0,0,1,2,82.3,82.3,1
1,0,0,0,1,1,0,2,1,1,1,1,1,1,0,0,3,20.3,20.3,0
0,0,0,0,21,0,1,0,2,0,0,2,0,0,2,0,3,35.1,770.4,0
0,0,1,0,67,1,2,1,0,2,2,0,2,2,1,1,0,105.7,6816.95,0
0,0,1,1,44,1,0,0,2,0,0,2,0,0,0,0,0,56.25,2419.55,0
1,0,1,1,70,0,1,0,0,2,2,2,2,2,1,0,2,60.35,4138.7,0
1,0,0,0,3,1,0,1,0,0,0,0,2,0,0,0,2,79.25,267.6,1
1,0,1,1,56,1,0,0,2,2,2,0,0,0,2,1,0,59.8,3457.45,0
0,0,0,0,13,1,2,1,0,0,0,0,0,2,0,1,2,84.6,1115.2,1
0,0,1,1,58,1,2,1,2,2,0,0,0,2,0,1,0,93.4,5435.6,1
0,0,1,1,42,1,2,1,0,0,0,0,2,2,0,1,2,94.2,4186.3,1
1,1,1,0,1,0,1,0,0,0,0,0,0,0,0,0,2,25.05,25.05,1
0,0,1,1,46,1,2,1,2,0,2,2,0,2,2,0,3,99.65,4630.2,0
0,0,1,1,63,1,0,0,2,0,0,0,0,0,2,1,0,50.65,3221.25,0
1,0,0,0,11,1,0,0,0,2,2,2,0,0,0,1,2,60.9,688.5,0
1,0,1,1,15,1,2,0,0,0,2,2,0,0,0,1,0,59.65,867.1,0
1,0,1,0,72,0,1,0,2,2,2,2,2,2,2,1,2,64.7,4746.05,0
0,0,0,0,29,0,1,0,0,0,0,0,0,0,0,1,1,25.1,712.85,1
1,0,0,1,1,1,0,0,0,0,2,0,0,0,0,0,2,48.95,48.95,1
0,0,1,1,6,1,0,0,0,0,0,0,2,0,0,0,2,54.85,355.1,0
1,0,0,0,1,1,0,0,0,0,0,0,0,0,0,0,2,45.3,45.3,1
1,0,1,1,63,1,2,1,0,2,0,0,0,2,1,1,2,91.35,5764.7,0
1,0,0,0,2,1,0,1,0,0,2,0,0,2,0,1,2,85.85,167.3,1
0,0,1,1,18,1,2,2,1,1,1,1,1,1,2,0,3,25.1,428.45,0
0,0,1,0,43,0,1,0,2,0,0,2,0,0,0,0,0,34.0,1505.35,0
0,0,0,0,15,0,1,0,2,2,2,2,0,0,1,0,3,45.9,693.45,0
1,0,0,1,10,1,2,1,0,0,0,0,2,2,0,0,2,95.2,930.4,1
1,0,1,1,55,1,0,2,1,1,1,1,1,1,2,0,3,20.5,1177.95,0
1,0,0,1,49,1,2,1,0,0,0,2,2,2,1,1,0,100.6,5069.65,1
1,0,1,1,6,1,0,0,0,2,2,0,0,0,0,1,3,55.3,324.25,1
1,0,1,1,70,1,0,2,1,1,1,1,1,1,2,0,1,20.35,1458.1,0
1,1,0,0,2,1,2,1,0,0,0,0,0,0,0,1,3,74.85,156.4,1
1,1,1,0,63,0,1,0,2,0,0,2,0,0,1,0,0,36.1,2298.9,0
0,0,0,0,25,1,0,0,0,2,0,2,0,2,0,1,0,65.8,1679.65,0
0,1,0,0,18,1,0,2,1,1,1,1,1,1,1,0,0,20.35,369.6,0
1,1,1,0,28,1,2,1,0,2,0,2,2,2,0,1,2,105.8,2998.0,0
0,1,0,0,53,1,0,1,2,2,0,2,0,2,1,1,3,96.75,5206.55,0
1,0,0,0,35,1,0,1,0,2,2,0,2,2,1,1,0,102.35,3626.1,1
1,0,0,0,1,0,1,0,0,0,0,0,0,0,0,0,3,24.4,24.4,0
1,0,1,0,70,1,2,1,2,2,2,2,2,2,1,0,1,115.65,7968.85,1
1,0,0,0,2,1,0,1,0,0,2,2,0,0,0,1,2,79.85,152.45,1
0,0,1,0,26,1,0,0,0,2,0,2,2,2,0,1,2,73.05,1959.5,0
0,0,0,0,34,1,0,0,2,2,0,0,0,2,1,0,2,64.35,2053.05,0
0,0,0,1,19,1,0,2,1,1,1,1,1,1,2,0,3,20.5,398.55,0
1,0,0,0,15,1,2,1,0,0,0,0,0,0,0,1,3,76.0,1130.85,1
0,0,1,1,62,1,0,0,2,0,2,0,0,0,1,0,1,54.75,3425.35,0
0,1,0,0,42,1,2,1,0,2,2,0,2,2,0,1,0,104.75,4323.45,1
0,0,0,0,9,1,0,0,2,2,0,0,2,2,0,1,2,74.65,703.55,1
1,0,0,0,24,1,0,0,2,0,0,0,0,0,0,1,2,51.15,1275.7,0
1,1,1,0,68,0,1,0,2,2,2,0,0,0,2,1,2,41.95,2965.75,0
1,0,1,1,31,1,0,0,0,0,2,2,0,0,0,0,3,54.35,1647.0,0
0,0,0,0,1,1,0,0,0,0,0,0,0,2,0,1,2,56.25,56.25,1
1,0,1,0,21,1,2,1,0,0,2,2,2,2,0,1,2,106.1,2249.95,1
0,0,1,0,63,1,0,1,0,2,0,0,2,2,1,1,2,96.0,6109.75,0
0,1,0,0,2,1,0,1,0,0,0,0,0,2,0,1,0,79.75,159.4,1
0,0,1,1,61,0,1,0,0,2,2,2,2,2,2,1,0,61.45,3751.15,0
0,0,0,0,1,1,0,1,0,0,0,0,0,0,0,0,2,68.65,68.65,1
1,0,0,0,18,1,0,2,1,1,1,1,1,1,1,0,3,19.65,411.25,0
0,0,1,1,6,1,0,2,1,1,1,1,1,1,1,0,1,19.0,105.5,0
0,0,0,0,33,1,2,1,0,2,0,0,2,2,0,1,2,100.0,3320.6,0
1,0,0,0,16,1,0,2,1,1,1,1,1,1,0,0,0,20.25,327.45,1
0,0,1,0,56,1,0,1,0,0,2,2,2,2,0,1,2,98.7,5669.5,0
1,0,0,1,23,1,0,2,1,1,1,1,1,1,1,0,3,19.8,465.45,0
1,0,0,0,9,1,0,1,0,0,2,0,0,0,0,1,2,73.8,704.3,0
0,1,1,0,14,1,2,1,0,2,0,0,2,2,0,1,2,100.2,1369.8,1
1,0,1,1,15,1,2,1,0,0,0,0,0,0,0,1,0,74.9,1107.25,1
1,0,0,0,5,1,0,2,1,1,1,1,1,1,0,0,1,20.05,95.55,0
1,0,1,0,61,1,2,1,2,2,0,0,2,2,0,1,2,106.2,6375.2,0
1,0,1,1,70,1,2,1,2,2,2,2,2,2,2,1,1,116.55,8152.3,0
1,0,0,0,15,1,2,1,2,0,0,0,2,2,0,1,2,99.7,1566.75,0
1,0,1,1,8,1,0,2,1,1,1,1,1,1,2,0,3,19.7,130.25,0
0,0,1,1,8,1,0,2,1,1,1,1,1,1,2,0,3,19.5,162.15,0
0,0,0,0,4,0,1,0,2,0,0,0,0,0,0,1,3,29.15,110.05,0
0,0,0,0,34,1,0,0,2,2,0,0,0,0,1,0,3,55.0,1885.15,0
1,0,1,0,68,1,2,0,2,2,2,2,2,2,2,1,1,90.8,6302.85,0
0,0,1,1,45,0,1,0,0,2,2,2,0,2,1,0,0,51.0,2264.5,0
0,1,0,0,9,1,2,1,0,0,2,0,2,0,0,1,2,90.1,816.8,0
0,0,0,0,22,1,2,0,2,0,0,2,0,0,0,1,3,59.05,1253.5,0
0,0,0,0,2,1,0,2,1,1,1,1,1,1,0,0,3,20.3,41.2,0
1,0,1,0,70,1,2,0,0,2,2,2,2,0,2,0,0,72.95,5265.55,0
0,0,0,1,10,1,2,0,2,0,2,2,0,2,1,0,1,73.55,693.3,0
1,0,0,0,72,1,2,0,2,0,2,2,2,2,2,0,1,84.3,5997.1,0
0,0,1,1,49,1,0,0,0,2,2,0,2,2,1,0,1,78.0,3824.2,0
0,1,0,0,54,1,2,0,0,2,0,2,2,0,1,0,3,72.1,3886.05,0
0,0,0,0,71,1,2,1,2,2,2,0,2,2,2,1,1,106.75,7283.25,0
0,0,0,0,22,1,0,2,1,1,1,1,1,1,1,1,3,19.25,412.55,0
0,0,1,1,50,1,0,2,1,1,1,1,1,1,2,0,1,20.55,1070.25,0
0,0,1,1,43,1,0,2,1,1,1,1,1,1,1,0,3,20.0,817.95,0
0,0,1,1,45,1,2,2,1,1,1,1,1,1,2,1,1,24.65,1171.3,0
1,1,0,0,64,1,2,1,2,2,0,0,2,2,0,1,0,103.5,6548.65,0
0,0,1,1,23,1,2,2,1,1,1,1,1,1,2,0,3,23.85,625.65,0
0,0,1,0,68,1,2,2,1,1,1,1,1,1,2,0,1,25.8,1911.5,0
0,0,0,0,1,1,0,1,0,0,0,0,0,0,0,1,2,70.85,70.85,1
1,0,0,0,2,1,0,1,0,0,0,0,0,0,0,1,1,69.8,134.7,1
1,0,0,0,26,1,0,0,0,0,0,2,2,0,1,0,1,59.45,1507.0,0
1,0,1,0,55,0,1,0,0,0,2,2,2,2,0,1,0,54.55,2978.3,1
1,0,0,0,14,1,0,2,1,1,1,1,1,1,0,1,2,20.05,299.3,0
1,0,1,0,71,1,0,0,2,0,2,2,2,2,2,1,2,82.55,5832.65,0
1,0,0,0,64,1,2,0,2,2,2,2,2,0,1,0,2,81.25,5567.55,0
0,0,0,0,7,1,0,0,0,0,0,2,2,2,0,1,1,70.75,450.8,1
0,0,0,0,57,1,0,0,2,2,2,2,2,0,2,1,1,74.3,4166.35,0
0,0,1,0,13,1,2,1,0,2,2,0,2,0,0,0,2,94.1,1215.6,1
0,0,1,1,3,0,1,0,2,0,0,0,0,0,0,0,1,29.7,91.7,1
1,1,1,0,72,1,2,1,0,2,2,2,2,2,2,0,1,109.7,7898.45,0
0,0,1,1,40,1,2,1,0,2,2,0,2,0,0,1,1,96.35,3915.4,0
1,0,1,0,14,1,2,0,0,0,0,2,2,0,0,1,1,66.6,979.5,0
1,0,1,1,2,1,0,0,0,0,0,0,0,0,0,1,2,44.5,90.05,0
1,1,0,0,66,1,2,1,0,2,2,2,2,2,1,0,1,110.9,7432.05,1
0,0,1,0,38,1,2,1,0,0,2,2,2,2,0,1,2,105.0,4026.4,1
1,0,0,1,1,0,1,0,0,0,0,0,0,0,0,1,2,25.3,25.3,1
1,0,0,0,22,1,0,0,0,2,0,2,0,0,1,1,1,55.15,1193.05,1
1,0,0,0,1,1,0,2,1,1,1,1,1,1,0,1,3,20.1,20.1,1
1,0,0,0,5,1,0,1,0,0,0,0,2,0,0,1,3,80.1,398.55,0
1,0,1,1,29,1,2,0,2,0,0,2,2,0,1,0,0,69.05,1958.45,0
1,0,1,1,1,1,0,1,0,0,0,0,0,0,0,1,3,69.9,69.9,1
0,0,0,0,3,1,0,2,1,1,1,1,1,1,0,0,3,20.4,63.15,0
1,0,1,1,71,1,0,2,1,1,1,1,1,1,2,0,1,19.7,1301.1,0
1,0,0,1,9,1,0,0,0,2,0,0,0,0,0,1,2,50.1,484.05,0
1,0,0,0,43,1,2,1,0,2,0,0,2,2,0,1,2,101.4,4528.0,1
0,0,0,0,48,1,2,0,2,2,2,0,2,2,1,1,1,83.45,3887.85,0
1,0,0,0,26,1,2,1,2,2,0,0,0,0,0,1,1,86.65,2208.75,0
0,0,0,0,9,1,0,2,1,1,1,1,1,1,0,0,0,20.15,238.15,0
1,0,0,0,1,1,0,1,0,0,0,0,0,2,0,1,2,80.8,80.8,1
0,0,1,1,46,1,0,2,1,1,1,1,1,1,2,0,1,19.4,958.15,0
1,0,0,0,2,1,2,0,0,0,0,0,0,2,0,0,0,62.05,118.3,1
1,1,0,0,1,1,2,1,0,0,0,0,0,0,0,1,2,76.45,76.45,1
1,0,1,1,64,0,1,0,2,0,2,2,2,2,2,1,0,60.05,3845.45,0
0,1,0,0,12,1,2,1,0,2,0,0,2,0,0,1,2,91.3,1094.5,1
1,1,1,0,6,1,0,1,0,0,2,0,2,2,0,1,2,95.75,573.75,1
0,0,1,0,59,1,0,2,1,1,1,1,1,1,1,0,3,20.35,1267.0,0
0,0,0,0,7,1,0,1,0,2,0,0,2,2,1,1,3,94.05,633.45,0
0,1,1,0,72,1,2,0,2,2,2,0,2,2,2,1,1,84.1,6129.65,0
1,1,0,0,16,1,0,1,0,0,0,0,0,2,0,1,2,78.75,1218.25,0
1,0,1,0,25,1,2,0,0,0,2,0,0,0,0,0,1,55.55,1405.3,0
0,0,1,0,34,1,2,0,2,2,0,2,0,0,0,0,2,62.65,2274.9,1
0,0,0,0,1,1,2,1,0,0,0,0,0,0,0,1,2,74.5,74.5,1
0,0,1,1,10,1,2,1,0,2,2,0,2,2,0,1,1,102.1,1068.85,1
1,0,1,0,24,1,0,2,1,1,1,1,1,1,1,0,3,20.1,533.9,0
0,0,1,1,10,1,2,0,2,2,0,0,2,0,1,0,2,70.3,676.15,0
1,0,1,0,69,1,0,0,2,2,0,0,0,0,1,1,1,53.65,3804.4,0
1,0,0,0,57,1,0,2,1,1,1,1,1,1,2,0,3,20.75,1118.8,0
1,0,1,1,50,1,0,1,0,2,2,2,2,2,1,1,0,103.4,5236.4,0
1,0,1,1,28,0,1,0,2,0,2,2,2,0,1,0,3,50.8,1386.8,0
0,0,0,0,16,1,0,0,2,0,0,0,0,0,0,1,2,50.15,762.25,1
1,0,0,0,25,1,0,0,2,2,0,2,2,2,0,1,3,79.0,1902.0,0
0,1,1,0,3,1,0,1,0,2,0,0,0,0,0,1,0,74.6,239.05,0
1,0,1,0,61,1,2,1,0,0,0,0,2,2,1,1,0,96.5,5673.7,0
0,0,0,0,2,1,0,2,1,1,1,1,1,1,0,0,3,20.1,39.8,0
1,0,1,1,51,1,0,2,1,1,1,1,1,1,1,0,3,19.4,997.75,0
0,0,1,1,71,1,0,0,2,0,2,0,2,2,2,0,1,77.55,5574.35,0
0,0,1,1,20,1,0,2,1,1,1,1,1,1,0,0,3,20.05,406.05,0
1,0,1,1,6,1,0,2,1,1,1,1,1,1,0,0,1,19.85,138.85,0
0,0,0,0,6,1,0,2,1,1,1,1,1,1,0,0,3,20.2,123.65,0
0,0,0,0,29,1,2,0,2,2,0,2,0,0,0,0,3,67.45,1801.1,0
1,0,0,0,36,1,0,2,1,1,1,1,1,1,2,1,1,18.55,689.0,0
0,0,0,0,28,0,1,0,0,0,2,0,0,0,0,1,3,29.75,790.7,0
0,0,1,0,7,1,2,1,0,0,0,0,2,0,0,1,2,86.5,582.5,1
0,0,0,0,63,1,2,2,1,1,1,1,1,1,2,0,3,24.2,1618.2,0
1,0,1,1,48,1,2,2,1,1,1,1,1,1,2,0,3,23.55,1173.35,0
0,0,1,0,49,1,0,2,1,1,1,1,1,1,1,0,0,20.45,900.9,0
1,1,0,0,27,1,2,1,0,2,0,0,0,0,0,1,2,81.45,2122.05,1
1,0,1,0,72,1,2,0,2,2,2,2,2,2,2,0,1,92.3,6719.9,0
1,0,1,0,1,1,0,1,0,0,0,0,0,0,0,1,2,69.15,69.15,1
0,0,1,1,72,0,1,0,0,2,0,2,2,2,2,0,1,53.65,3784.0,0
0,0,0,0,47,0,1,0,2,2,0,2,0,0,1,0,1,39.65,1798.65,0
0,0,0,0,1,1,0,0,0,0,0,0,2,0,0,1,2,54.65,54.65,0
0,0,0,0,36,1,2,1,0,2,2,0,2,2,1,1,0,104.8,3886.45,0
1,0,1,1,43,0,1,0,0,2,0,0,0,0,0,0,1,29.3,1224.05,0
0,1,1,0,27,1,2,0,0,2,2,2,2,2,0,0,2,83.85,2310.2,0
0,0,0,0,9,1,0,1,0,0,0,0,0,2,0,1,2,79.55,723.4,1
0,0,0,0,38,1,2,1,0,0,2,2,2,2,0,1,2,103.65,3988.5,0
0,1,0,0,35,1,2,1,2,0,0,0,2,2,0,1,2,99.05,3554.6,0
0,0,1,0,59,1,0,1,0,2,0,2,2,2,2,1,3,100.05,6034.85,0
1,0,0,0,27,1,0,2,1,1,1,1,1,1,2,0,1,20.35,531.6,0
0,1,0,0,2,1,0,0,0,0,0,0,0,0,0,0,2,43.95,85.1,0
1,0,0,0,7,1,2,2,1,1,1,1,1,1,0,0,3,23.5,173.0,0
0,0,0,0,36,1,2,0,0,2,0,2,0,2,1,1,3,70.7,2511.95,0
0,0,1,1,41,1,2,1,2,2,0,0,2,0,0,1,0,94.3,3893.6,0
0,0,0,0,13,0,1,0,0,2,0,0,0,0,0,0,2,29.15,357.15,0
1,0,0,1,19,1,0,2,1,1,1,1,1,1,2,0,1,20.85,467.5,0
0,0,1,0,60,0,1,0,2,2,0,2,0,0,2,0,0,37.7,2288.7,0
0,0,0,1,48,1,0,1,0,2,2,2,2,0,2,1,3,95.5,4627.85,1
1,1,0,0,3,1,2,1,0,0,2,0,2,0,0,0,2,91.05,289.1,1
1,0,1,0,69,1,2,1,0,2,0,2,2,0,2,1,3,92.45,6460.55,0
1,0,0,0,43,0,1,0,0,0,2,2,0,2,1,0,2,44.15,1931.3,0
0,0,0,1,11,0,1,0,2,0,0,2,0,0,1,1,3,36.05,402.6,0
0,0,1,0,45,1,0,0,0,0,2,0,0,0,0,1,1,50.25,2221.55,0
1,0,1,0,72,1,2,1,0,2,2,2,2,2,2,1,1,109.75,7758.9,0
0,1,1,0,2,1,2,1,0,0,2,0,0,0,0,0,2,79.2,172.85,1
0,0,1,1,12,1,0,2,1,1,1,1,1,1,2,0,0,20.3,224.5,0
0,0,1,1,67,1,2,1,0,2,2,2,2,2,1,1,1,112.35,7388.45,0
1,0,1,0,37,1,2,1,0,0,2,2,2,0,2,0,3,94.3,3460.95,0
0,0,0,0,39,0,1,0,2,2,0,2,0,0,1,0,0,41.15,1700.9,0
0,0,0,0,41,1,2,0,2,0,2,2,0,2,0,1,0,74.65,3090.65,0
0,0,0,0,25,0,1,0,0,0,2,0,2,2,0,1,2,48.25,1293.8,0
1,0,1,1,8,1,2,0,2,2,0,2,0,2,2,1,1,76.15,645.8,0
0,0,1,1,71,1,2,0,2,2,2,2,0,0,2,0,3,71.1,5224.95,0
1,0,0,0,5,1,2,1,0,2,2,0,0,2,0,0,2,96.55,500.1,0
0,0,0,0,30,1,2,0,2,0,2,0,2,2,1,1,1,79.3,2427.1,0
1,0,0,0,40,1,0,1,0,2,0,2,0,2,1,1,1,89.6,3488.15,0
0,0,0,0,54,1,0,2,1,1,1,1,1,1,2,1,3,20.5,1035.7,0
1,0,1,0,72,1,2,1,0,2,2,0,2,2,2,1,0,106.3,7565.35,0
1,0,1,1,28,1,0,1,0,2,2,0,2,2,1,0,0,100.35,2799.0,0
1,0,1,1,18,1,0,1,0,0,0,2,0,2,0,1,2,85.6,1601.5,0
0,0,0,0,2,0,1,0,0,0,0,0,2,2,0,1,2,45.25,85.5,1
0,0,1,1,59,1,2,1,0,2,2,0,2,2,1,1,2,106.15,6256.2,0
1,0,1,1,22,1,0,0,0,0,0,2,0,0,0,1,2,51.1,1232.9,0
0,0,0,0,1,1,0,2,1,1,1,1,1,1,0,0,3,19.9,19.9,0
0,1,1,0,72,1,2,2,1,1,1,1,1,1,2,1,1,25.7,1937.4,0
0,1,0,0,14,1,2,1,0,0,0,0,0,0,0,1,2,74.3,1096.25,1
1,0,1,0,50,1,2,1,0,0,0,2,2,2,1,0,2,99.4,5059.75,0
0,0,1,1,48,1,0,0,2,0,2,2,2,0,1,0,0,69.7,3023.65,0
0,0,1,1,49,1,2,1,0,2,0,0,2,2,0,1,2,98.35,4889.2,0
1,0,1,1,28,1,0,1,0,0,2,0,2,0,0,0,2,85.45,2289.9,0
1,1,0,0,68,1,2,1,0,2,2,0,0,2,0,1,2,95.9,6503.2,0
1,0,0,0,13,1,2,1,0,0,0,2,2,2,0,0,2,100.75,1313.25,0
0,0,0,0,11,1,2,1,0,0,2,0,2,0,0,1,2,89.2,990.3,0
0,0,1,0,3,1,2,1,0,0,0,0,0,0,0,1,1,74.1,228.0,1
1,1,1,0,57,1,2,1,0,0,2,0,2,2,0,0,2,100.6,5746.15,1
1,0,0,0,3,1,2,1,0,0,0,0,0,0,0,0,3,75.0,209.1,1
1,0,1,0,72,1,2,2,1,1,1,1,1,1,2,0,1,25.75,1864.2,0
1,0,1,1,70,1,2,0,0,2,2,2,2,2,2,1,2,84.1,5979.7,0
0,0,1,1,49,1,2,0,0,2,0,2,2,2,2,0,0,79.3,3902.45,0
0,1,1,0,67,1,2,1,2,0,2,0,2,2,1,1,1,107.05,7142.5,0
1,0,0,0,46,1,0,2,1,1,1,1,1,1,2,0,0,20.05,902.0,0
0,1,0,0,64,1,0,0,2,2,0,2,2,0,2,1,1,70.2,4481.0,1
0,0,1,0,37,1,0,2,1,1,1,1,1,1,0,0,0,19.5,805.2,0
0,1,0,0,2,1,0,1,0,0,0,0,0,0,0,0,2,70.75,154.85,1
0,1,1,0,13,0,1,0,0,0,0,0,2,2,0,0,2,45.3,528.45,0
0,0,1,0,72,1,2,1,2,2,2,2,2,2,2,0,2,115.15,8349.7,0
1,0,1,1,68,1,0,0,0,0,2,2,2,2,2,1,0,72.95,4953.25,0
1,0,1,1,15,1,0,2,1,1,1,1,1,1,1,0,3,19.65,332.65,0
0,0,0,0,24,1,0,2,1,1,1,1,1,1,2,1,0,19.55,470.2,0
0,0,0,0,24,1,2,1,0,0,0,2,0,2,0,1,2,89.55,2259.35,0
1,0,0,0,27,1,0,0,2,0,0,0,0,0,0,0,3,50.35,1411.35,0
1,0,0,0,12,1,0,0,0,0,0,2,0,0,0,0,0,50.25,593.75,1
0,0,1,1,71,1,0,0,2,2,2,2,2,2,2,0,1,87.25,6328.7,0
1,0,1,1,67,1,0,2,1,1,1,1,1,1,2,1,3,20.8,1411.9,0
0,0,1,0,63,1,2,1,0,2,2,2,2,2,2,1,0,109.25,6841.4,0
1,0,0,0,1,1,0,2,1,1,1,1,1,1,0,0,3,20.35,20.35,0
1,0,0,0,4,1,0,0,0,0,0,0,0,2,0,1,2,55.9,238.5,0
0,1,0,0,40,1,0,1,2,2,0,0,0,0,0,1,1,79.2,3233.85,1
0,0,0,0,12,1,0,1,0,0,2,0,2,2,0,1,2,96.0,1062.1,1
1,0,1,1,52,1,0,0,2,2,2,0,2,2,2,0,2,79.2,4016.3,0
1,0,0,0,10,1,2,2,1,1,1,1,1,1,0,1,2,24.0,226.55,0
1,0,0,0,68,1,2,1,2,2,2,0,2,0,1,0,0,101.35,7110.75,0
0,0,0,0,54,1,2,1,0,0,0,2,2,2,0,1,2,100.1,5440.9,1
0,0,1,1,4,1,0,0,0,2,0,2,0,0,0,0,3,56.5,235.1,1
0,0,1,0,52,0,1,0,2,0,2,0,0,0,1,0,3,35.45,1958.95,0
0,1,0,0,1,1,0,1,0,0,2,0,0,2,0,1,2,85.0,85.0,1
1,0,1,0,70,1,2,0,2,2,2,2,2,0,1,0,0,79.4,5528.9,0
1,0,0,0,43,0,1,0,2,0,2,0,0,0,1,1,1,35.2,1463.7,0
1,0,0,0,52,1,0,2,1,1,1,1,1,1,2,0,3,19.65,1025.05,0
0,0,0,0,12,0,1,0,2,0,2,2,0,2,2,0,3,49.85,552.1,0
0,0,1,1,56,1,2,0,2,2,0,0,0,2,1,0,0,68.75,3815.4,0
1,0,0,0,42,1,2,1,0,0,2,0,0,0,0,0,2,79.9,3313.4,0
1,1,1,0,22,1,0,1,0,0,0,0,2,2,0,1,0,89.75,1938.9,0
1,0,1,1,51,0,1,0,2,2,2,0,2,2,1,0,2,59.3,3014.65,1
1,0,0,0,27,1,0,2,1,1,1,1,1,1,0,1,1,19.4,460.25,0
1,1,1,0,51,1,2,1,2,0,2,0,0,2,1,1,0,93.65,4839.15,0
1,0,0,1,4,1,0,0,2,0,0,0,0,0,0,1,2,49.4,184.4,1
1,0,0,0,1,1,0,2,1,1,1,1,1,1,0,1,3,19.9,19.9,0
1,0,0,0,35,1,0,0,0,0,0,0,2,0,0,0,3,55.0,2010.55,1
1,1,1,1,71,1,2,0,0,2,2,2,0,2,1,1,0,72.9,5139.65,0
0,0,0,0,1,1,0,1,0,0,0,0,0,0,0,1,2,69.2,69.2,1
0,0,1,1,69,1,2,2,1,1,1,1,1,1,2,1,0,25.6,1673.4,0
1,0,1,1,14,1,0,2,1,1,1,1,1,1,1,0,3,19.75,309.35,0
1,0,1,0,57,1,0,0,2,0,0,2,0,0,0,0,2,55.7,3171.6,0
0,0,1,1,72,1,2,1,2,2,2,2,2,2,2,0,1,117.5,8670.1,0
1,0,0,0,48,1,0,2,1,1,1,1,1,1,2,0,1,19.85,916.0,0
0,0,1,1,4,1,0,1,0,0,0,0,2,0,0,1,3,78.9,299.75,0
1,0,1,1,31,1,0,2,1,1,1,1,1,1,0,1,2,20.65,702.05,0
1,0,0,0,38,1,0,0,0,0,2,2,0,2,1,1,3,62.3,2354.8,1
1,1,1,0,37,1,2,1,0,0,0,0,2,2,0,1,2,92.5,3473.4,1
0,0,0,0,1,1,0,2,1,1,1,1,1,1,0,0,3,19.65,19.65,0
1,1,0,0,57,1,2,0,0,2,2,0,2,2,2,1,0,79.75,4438.2,0
0,1,1,0,62,1,0,0,2,0,2,2,2,2,2,1,1,79.95,4819.75,0
1,0,1,0,3,0,1,0,0,0,0,2,0,0,0,1,2,29.9,92.25,0
0,0,0,1,72,1,0,2,1,1,1,1,1,1,2,1,3,19.75,1567.0,0
1,0,0,1,29,0,1,0,2,2,2,2,0,0,0,1,3,45.0,1242.45,0
1,0,1,1,13,1,0,0,0,0,0,0,0,0,0,0,0,44.8,559.2,0
1,0,0,1,3,1,0,1,0,0,0,0,0,0,0,0,2,69.65,220.1,1
0,0,0,0,11,1,0,0,0,2,0,0,0,0,0,0,2,51.1,531.15,0
0,0,0,1,21,0,1,0,2,2,2,2,2,0,2,0,3,53.15,1183.2,0
0,0,0,0,19,1,2,2,1,1,1,1,1,1,0,0,0,24.7,465.85,0
1,0,0,0,61,1,2,1,2,0,2,2,2,2,2,1,1,111.6,6876.05,1
0,0,0,0,11,1,0,0,2,0,0,0,0,0,0,0,1,48.55,501.0,1
1,0,1,1,35,1,2,1,0,2,2,2,2,2,0,1,2,109.95,3782.4,0
1,0,0,1,25,1,0,2,1,1,1,1,1,1,0,0,3,20.8,460.2,0
0,0,0,0,1,1,0,2,1,1,1,1,1,1,0,1,3,20.2,20.2,1
0,0,0,0,67,1,2,2,1,1,1,1,1,1,2,1,0,25.6,1790.35,0
1,0,0,0,19,0,1,0,0,0,2,0,2,0,0,1,2,39.65,733.35,1
1,0,0,0,56,1,2,2,1,1,1,1,1,1,1,0,2,24.9,1334.0,1
1,0,1,1,72,1,2,1,2,2,2,0,2,2,2,1,1,108.4,7767.25,0
1,0,0,0,43,1,0,2,1,1,1,1,1,1,2,0,3,19.55,876.15,0
0,0,1,1,55,1,2,1,2,2,0,0,0,0,0,1,2,85.1,4600.95,0
1,0,1,1,2,1,2,0,2,0,0,0,0,0,0,0,3,56.7,113.55,1
1,0,0,0,27,1,0,1,0,0,0,0,0,0,0,1,3,69.05,1793.25,0
0,0,0,0,13,1,0,1,0,0,0,0,0,0,0,1,3,70.15,886.7,0
0,0,0,0,70,1,2,1,2,2,2,0,2,2,2,1,3,111.15,7737.55,0
0,0,1,0,14,1,0,1,2,2,0,2,2,2,1,0,3,105.95,1348.9,1
0,0,1,1,19,1,2,1,0,0,0,2,0,2,1,1,0,89.35,1686.85,0
0,0,0,0,20,1,2,1,2,0,0,0,2,0,0,1,0,89.1,1879.25,0
1,0,1,1,43,1,2,1,2,0,2,2,0,0,1,1,1,91.25,4013.8,0
1,0,1,1,5,1,0,1,2,0,2,0,0,2,0,1,3,90.35,434.5,0
0,1,1,0,70,1,2,1,0,2,0,2,2,2,1,1,0,105.55,7195.35,0
0,0,1,0,40,1,0,2,1,1,1,1,1,1,2,0,3,19.1,780.1,0
1,0,1,1,6,1,0,2,1,1,1,1,1,1,2,1,1,20.4,107.6,0
1,0,0,0,39,1,0,1,2,0,2,0,2,2,2,1,2,100.45,3801.7,0
1,1,1,0,4,1,2,1,0,0,0,0,0,0,0,0,2,74.95,308.7,1
1,0,0,0,15,0,1,0,0,0,0,2,0,0,0,1,2,29.7,438.25,1
1,0,1,0,1,0,1,0,0,0,2,0,2,2,0,1,2,50.35,50.35,1
0,1,0,0,45,1,0,1,2,2,0,2,0,0,0,1,0,85.7,3778.1,0
0,0,1,0,64,0,1,0,2,0,2,2,0,2,2,0,2,47.85,3147.5,1
0,1,1,0,57,1,2,1,0,2,2,0,0,2,0,0,1,94.0,5438.95,0
1,0,1,1,72,1,2,0,2,2,2,2,0,0,2,0,0,69.85,5102.35,0
1,0,0,0,1,1,0,1,0,0,0,0,0,0,0,1,2,70.3,70.3,1
1,0,1,0,72,1,2,2,1,1,1,1,1,1,2,0,1,25.85,1872.2,0
0,0,0,0,3,1,0,0,2,2,0,2,0,2,2,0,3,71.1,213.35,0
1,1,0,0,55,1,2,1,2,0,0,0,2,2,0,1,2,98.8,5617.75,1
0,0,1,0,59,1,2,1,0,0,2,2,2,0,0,0,2,93.35,5386.5,0
0,0,0,0,18,1,2,1,0,0,0,2,2,2,0,1,0,99.85,1776.95,1
1,1,1,0,32,1,0,1,0,0,0,0,0,2,0,1,1,80.3,2483.05,1
0,0,0,0,4,1,0,0,2,0,0,0,0,0,0,1,0,50.55,235.65,0
0,1,0,0,66,1,2,1,0,2,0,0,0,0,0,1,1,80.45,5224.35,1
1,0,0,0,27,1,2,1,0,0,2,0,0,0,0,1,2,81.3,2272.8,0
1,0,0,0,4,1,0,2,1,1,1,1,1,1,0,1,1,20.7,83.75,0
1,0,1,1,60,1,0,0,2,2,0,2,2,2,0,1,1,79.05,4663.4,0
0,0,1,1,8,1,0,2,1,1,1,1,1,1,2,0,3,19.05,201.7,0
1,0,1,1,8,1,0,2,1,1,1,1,1,1,2,0,1,19.6,125.0,0
1,0,0,0,35,1,0,2,1,1,1,1,1,1,2,1,3,20.2,684.4,0
1,0,0,0,7,1,2,1,0,0,0,0,0,2,0,1,2,86.8,620.35,1
0,0,1,1,53,1,0,2,1,1,1,1,1,1,2,0,3,20.9,1146.05,0
0,1,0,0,18,1,2,1,0,2,0,2,2,2,0,1,1,103.6,1806.35,0
0,0,0,0,15,0,1,0,0,2,0,0,0,2,2,1,3,38.8,603.0,0
1,0,1,0,67,1,2,1,0,2,0,0,2,0,1,1,0,88.4,5798.3,0
1,1,1,0,6,1,0,1,0,2,0,0,0,2,0,1,2,84.2,519.15,1
1,1,0,0,6,1,0,1,0,0,0,0,2,0,0,1,2,79.7,497.6,0
1,0,0,0,13,1,2,1,0,0,0,2,2,2,0,1,3,99.0,1301.7,1
0,0,0,0,11,1,2,1,0,0,2,0,2,2,0,1,2,100.75,1129.75,1
1,0,0,1,1,1,0,2,1,1,1,1,1,1,0,1,3,19.3,19.3,0
1,0,0,0,5,1,0,0,2,0,0,2,0,0,0,1,3,55.75,266.95,0
1,0,0,0,13,1,0,2,1,1,1,1,1,1,1,1,3,19.95,257.0,0
0,0,1,0,9,1,2,1,2,2,2,0,0,0,0,0,0,91.75,865.8,1
1,0,0,0,29,1,0,1,0,2,0,2,2,0,0,0,3,89.65,2623.65,0
1,1,0,0,1,1,0,0,0,0,0,0,0,0,0,1,3,45.85,45.85,0
0,0,0,0,1,1,2,1,0,0,2,0,0,0,0,1,3,79.55,79.55,1
0,0,1,1,18,1,0,0,0,0,0,0,2,0,0,0,3,55.95,1082.8,0
0,0,1,0,2,1,0,0,0,0,2,0,2,2,0,0,1,69.0,147.8,0
1,0,1,1,30,1,2,1,0,2,0,2,0,0,0,1,0,83.55,2570.2,0
1,0,0,1,66,1,2,0,2,2,0,2,0,0,2,0,0,65.7,4378.9,0
1,0,1,1,38,1,2,1,0,0,2,2,2,0,2,1,0,94.9,3616.25,0
1,0,1,1,44,1,0,0,0,2,2,2,0,0,0,1,3,61.9,2924.05,0
0,0,0,0,54,1,2,1,0,2,2,2,2,2,0,0,2,111.1,6014.85,1
1,0,0,0,2,1,0,2,1,1,1,1,1,1,0,0,3,20.0,32.7,0
0,0,0,0,42,1,0,0,2,2,0,2,0,2,1,1,3,67.7,2882.25,0
0,0,1,1,58,1,2,2,1,1,1,1,1,1,2,0,1,25.15,1509.9,0
1,0,1,1,58,1,0,1,0,2,0,0,2,2,0,1,2,92.85,5305.05,0
0,0,1,1,25,1,2,1,0,0,2,0,0,2,0,1,2,89.1,2368.4,1
0,0,0,0,71,1,2,1,2,2,2,2,2,2,2,0,3,111.3,7985.9,0
0,0,0,0,37,1,2,1,0,2,2,0,2,2,0,1,0,101.9,3545.35,1
0,0,1,1,14,1,2,1,0,0,0,2,2,0,0,1,2,91.65,1301.0,1
0,1,0,0,4,1,2,1,0,0,2,0,0,2,0,1,2,88.85,372.45,1
0,0,1,0,48,1,2,0,2,0,0,2,0,0,1,1,0,60.6,2985.25,0
0,1,0,0,3,0,1,0,0,0,0,0,0,0,0,0,2,25.3,77.75,1
0,0,1,0,8,1,0,0,2,0,0,2,0,2,2,0,3,65.5,564.35,0
1,0,0,0,1,1,2,1,0,0,0,0,2,2,0,1,2,95.45,95.45,1
1,0,0,0,67,1,0,2,1,1,1,1,1,1,2,0,0,19.95,1311.75,0
1,0,0,0,13,1,0,1,0,0,0,0,2,2,0,1,2,91.1,1135.7,1
0,0,1,1,45,1,0,0,0,2,0,2,0,0,1,1,1,54.15,2319.8,1
1,0,0,0,49,1,2,1,0,0,0,0,0,0,0,1,0,74.6,3720.35,0
0,0,1,0,52,1,2,1,0,2,2,0,2,0,0,0,0,94.6,5025.8,0
0,0,1,0,63,1,0,1,2,0,2,0,0,0,1,1,1,81.15,5224.5,0
0,0,1,1,68,1,2,0,2,2,2,2,2,2,2,1,0,89.05,6185.8,0
0,0,1,0,31,1,0,0,0,0,0,2,0,0,0,1,3,49.2,1498.55,0
0,0,1,0,64,1,0,2,1,1,1,1,1,1,2,0,1,19.45,1208.6,0
0,0,1,0,62,1,0,1,2,0,2,2,2,2,1,1,2,104.3,6613.65,0
0,0,0,0,1,1,0,1,0,0,0,0,0,0,0,0,0,69.7,69.7,1
0,0,0,0,6,1,0,1,0,0,0,0,2,2,0,1,2,89.5,573.3,1
0,0,1,0,21,1,0,1,0,0,0,2,2,0,0,1,2,86.05,1818.9,0
0,0,1,1,72,1,2,2,1,1,1,1,1,1,2,0,0,25.2,1787.35,0
0,0,1,1,32,0,1,0,2,2,0,0,0,0,0,1,2,35.15,1051.05,0
0,1,0,0,71,1,2,1,2,2,0,2,2,0,1,1,1,99.65,7181.25,0
0,0,0,1,34,1,0,1,2,2,2,0,2,2,0,1,0,105.35,3688.6,0
1,0,1,0,3,0,1,0,0,0,0,0,0,2,0,1,2,35.15,99.75,1
1,0,0,1,12,1,2,1,0,0,0,0,0,0,0,1,1,73.75,871.4,1
0,1,0,0,8,1,2,1,0,0,2,0,2,2,0,0,2,101.35,780.5,1
0,0,1,1,35,1,2,2,1,1,1,1,1,1,2,0,0,24.3,821.6,0
0,0,1,1,3,1,0,1,0,0,0,0,2,0,0,1,2,80.7,239.45,0
1,0,0,0,3,1,0,1,0,0,2,2,2,0,0,1,3,89.85,244.45,0
1,0,0,0,53,1,0,0,0,0,2,0,0,2,1,1,2,61.1,3357.9,0
0,0,1,0,4,0,1,0,2,0,0,0,0,0,0,1,2,29.05,129.6,0
0,0,1,1,48,1,0,1,2,0,2,0,2,2,1,1,0,99.7,4977.2,0
0,0,1,1,6,1,0,0,2,2,0,0,0,0,0,0,1,55.9,365.35,1
1,1,1,0,3,1,2,1,0,2,2,0,2,2,0,1,2,105.9,334.65,1
1,0,1,1,54,0,1,0,0,0,2,2,0,2,2,0,1,46.0,2424.05,0
0,0,0,0,1,1,0,0,0,0,0,0,0,0,0,0,3,43.95,43.95,1
1,0,0,0,62,1,0,0,0,2,2,2,2,2,0,1,0,80.4,4981.15,0
1,0,1,1,22,1,0,1,0,2,2,0,2,2,1,1,3,100.05,2090.25,0
1,0,0,0,1,1,0,0,0,0,0,0,0,0,0,1,0,45.1,45.1,1
1,1,0,0,51,1,0,1,0,0,2,0,2,2,1,1,0,94.0,4905.75,0
0,0,0,0,30,1,2,0,0,2,2,0,2,0,1,1,1,68.95,2038.7,0
0,1,1,0,56,1,2,0,2,2,2,2,0,0,1,1,1,68.45,4014.0,0
1,0,1,0,35,1,2,0,0,2,0,2,2,0,1,1,2,69.0,2441.7,0
0,1,0,0,64,0,1,0,0,2,0,2,2,0,0,1,2,43.85,2751.0,0
1,0,0,1,30,0,1,0,0,0,0,0,2,2,0,1,2,44.5,1307.8,0
0,0,1,1,25,1,0,2,1,1,1,1,1,1,2,1,3,18.7,383.65,0
0,0,0,0,41,1,0,1,0,0,0,0,0,0,0,0,0,70.25,2868.05,1
1,0,0,1,9,1,0,0,0,0,0,0,2,0,0,0,2,55.35,449.75,1
0,0,1,0,1,1,0,0,2,2,0,0,0,0,0,1,3,53.55,53.55,0
1,0,0,1,70,1,2,1,2,2,2,2,2,2,2,1,2,114.6,7882.5,0
0,0,1,1,57,1,0,2,1,1,1,1,1,1,2,1,0,20.1,1087.7,0
1,0,0,0,9,1,2,1,0,0,0,0,2,0,0,1,2,85.5,791.7,0
0,0,1,1,69,1,2,1,0,2,2,2,2,2,1,1,0,108.75,7493.05,0
1,1,1,0,43,1,2,1,0,2,2,0,2,2,0,1,2,103.0,4414.3,1
0,0,1,0,72,1,2,1,0,0,2,0,2,2,2,1,2,97.85,6841.3,0
1,0,0,1,44,1,0,2,1,1,1,1,1,1,2,0,0,19.55,819.95,0
0,0,1,0,72,1,2,1,2,2,0,0,0,0,2,1,0,84.05,6052.25,0
0,0,1,0,33,1,0,1,2,0,2,2,2,2,1,1,2,103.75,3361.05,1
1,0,0,0,54,1,2,1,0,0,2,0,0,2,0,0,1,89.4,4869.5,0
1,0,0,1,27,1,0,2,1,1,1,1,1,1,2,0,1,19.7,509.3,0
1,0,0,0,54,1,2,1,0,2,0,0,0,0,0,1,0,79.85,4308.25,0
1,0,0,0,3,1,0,1,0,2,0,0,0,0,0,0,1,74.45,221.1,0
0,0,1,0,53,1,2,0,2,2,2,0,0,2,1,0,0,74.1,3833.95,0
1,0,0,0,1,1,0,1,0,0,0,0,0,0,0,1,2,69.35,69.35,1
1,0,1,0,15,1,0,2,1,1,1,1,1,1,1,0,3,18.8,294.95,0
0,0,0,0,56,1,0,1,0,2,0,0,0,0,0,1,2,73.85,4092.85,1
1,0,1,1,5,1,2,0,2,2,0,2,0,0,0,0,1,64.4,316.9,0
1,0,1,1,48,1,0,0,0,2,2,0,0,0,1,1,1,55.8,2651.2,0
0,0,0,1,25,1,0,2,1,1,1,1,1,1,0,0,1,20.05,471.7,0
0,0,1,0,3,1,2,1,0,0,0,0,0,0,0,1,1,75.15,216.75,1
1,0,0,0,58,1,0,1,2,2,0,0,2,2,1,0,0,99.15,5720.95,0
1,0,0,0,10,1,0,0,0,0,0,0,0,2,0,1,0,56.75,503.25,0
1,0,0,0,1,1,0,1,0,0,0,0,0,0,0,1,2,69.6,69.6,1
1,0,1,0,71,1,2,1,0,2,0,2,2,2,2,1,1,104.15,7365.3,0
0,0,1,1,65,1,2,1,0,2,2,2,2,2,2,1,1,110.8,7245.9,0
1,0,1,1,5,1,2,1,0,2,0,0,0,0,0,1,2,80.15,385.0,1
0,0,0,0,28,0,1,0,0,0,2,2,0,0,0,1,3,35.75,961.4,0
0,0,1,1,67,1,2,0,0,0,2,2,0,2,2,1,0,69.9,4615.9,0
1,0,0,0,35,1,0,1,2,0,0,2,0,2,1,1,2,89.2,3251.3,0
0,0,1,1,72,0,1,0,2,2,2,2,0,2,2,0,1,55.65,3880.05,0
0,0,1,1,61,0,1,0,2,2,0,2,0,2,1,1,0,50.7,3088.75,0
1,1,0,0,68,1,0,2,1,1,1,1,1,1,2,1,1,20.0,1396.0,0
0,0,1,1,1,0,1,0,2,0,0,0,0,0,0,0,0,30.5,30.5,1
1,0,0,0,3,1,0,2,1,1,1,1,1,1,0,1,3,19.1,53.05,0
1,0,1,1,70,1,2,1,0,2,0,0,2,2,2,0,0,98.3,6859.5,1
0,0,0,1,48,0,1,0,0,2,2,0,0,2,0,0,1,45.55,2108.35,0
1,0,1,1,68,1,2,1,0,2,0,0,2,2,1,1,1,101.05,6770.5,0
0,0,0,0,47,1,0,1,2,0,2,2,2,2,1,1,2,103.7,4730.6,0
1,0,1,1,32,0,1,0,0,0,2,2,0,0,1,1,3,36.25,1151.05,0
0,0,1,1,5,1,0,0,2,0,0,0,0,0,0,1,3,49.4,232.55,0
1,0,0,0,49,1,0,2,1,1,1,1,1,1,2,1,1,19.9,1022.6,0
0,0,0,0,48,1,2,1,0,2,2,0,2,2,0,1,0,107.4,5121.3,1
0,1,0,0,13,1,2,1,0,0,0,0,0,2,0,1,2,82.0,1127.2,1
1,0,0,0,15,1,0,2,1,1,1,1,1,1,0,1,3,19.8,309.4,0
0,0,0,0,12,1,0,0,0,0,0,0,0,0,0,1,2,45.05,523.1,0
1,1,0,0,67,1,2,0,2,2,0,2,0,0,2,1,0,64.55,4250.1,0
1,0,0,0,9,1,0,1,0,0,0,2,2,0,0,0,2,86.25,770.5,0
0,0,1,1,13,1,0,2,1,1,1,1,1,1,2,1,0,19.75,246.7,0
0,0,0,0,38,1,0,1,0,0,0,0,2,2,1,1,3,89.1,3342.0,0
0,1,1,0,42,1,2,1,0,2,2,0,2,0,0,1,2,95.55,3930.6,0
0,0,1,0,24,1,2,1,0,0,0,0,0,0,0,1,1,75.4,1747.85,1
0,1,1,0,27,1,0,1,2,0,2,0,2,2,0,1,2,101.25,2754.45,1
1,0,1,1,9,1,2,1,0,2,2,0,2,2,0,1,1,102.6,897.75,0
0,0,1,0,49,0,1,0,0,2,0,2,2,2,1,1,1,56.3,2780.6,0
0,1,1,0,61,1,2,1,2,2,2,2,0,0,0,1,1,94.2,5895.45,0
1,0,0,1,50,0,1,0,2,2,0,0,2,0,1,1,0,43.05,2208.05,0
1,1,0,0,25,1,2,1,0,2,0,0,2,0,0,1,2,89.5,2196.15,1
0,1,0,0,22,1,2,1,0,0,0,0,0,0,0,1,0,74.4,1692.6,1
1,0,0,0,1,1,0,2,1,1,1,1,1,1,0,0,3,20.5,20.5,1
1,0,0,0,4,1,2,1,0,0,0,0,0,0,0,1,2,74.35,265.35,1
0,1,1,0,18,1,2,1,0,0,0,2,2,2,0,0,0,99.75,1836.25,1
0,1,0,0,56,1,2,1,0,2,2,2,2,2,1,1,2,111.95,6418.9,1
0,1,1,0,53,1,0,1,0,2,2,2,2,0,1,1,2,94.0,4871.45,0
0,0,1,0,51,1,2,1,0,0,2,0,2,2,1,1,2,98.85,4947.55,0
0,0,1,1,24,1,2,0,2,2,2,0,0,0,2,0,2,64.35,1558.65,0
0,0,1,0,62,1,0,0,2,2,2,0,2,0,2,1,1,72.0,4284.2,0
1,0,0,0,24,1,0,0,0,2,0,0,0,0,0,1,3,49.7,1218.25,0
0,0,1,1,70,1,2,0,2,2,2,2,2,0,2,0,2,80.7,5617.95,0
1,0,0,1,1,0,1,0,0,0,0,0,0,0,0,0,3,24.2,24.2,0
1,1,0,0,16,0,1,0,0,2,0,0,2,0,0,1,3,39.0,679.85,1
0,0,0,0,8,1,0,0,0,2,0,2,2,0,0,1,2,65.45,554.45,0
0,0,1,1,72,1,0,0,2,2,2,2,0,2,2,1,2,74.35,5237.4,0
0,0,0,0,23,1,0,1,0,2,2,2,0,0,0,0,0,83.2,2032.3,0
1,0,0,1,31,0,1,0,0,0,0,0,0,0,0,0,1,25.0,789.2,0
1,0,1,1,37,0,1,0,2,0,2,2,0,0,1,1,2,40.2,1525.35,0
0,0,1,0,30,1,2,1,0,2,0,2,2,0,0,1,1,94.1,2804.45,1
0,1,0,0,35,1,2,1,2,2,2,0,2,2,1,1,2,108.35,3726.15,0
0,0,1,1,23,1,2,0,0,2,0,2,2,0,0,1,1,69.5,1652.1,0
0,0,1,1,20,1,2,0,2,0,0,0,2,2,1,0,0,76.0,1588.75,0
1,0,1,0,36,1,0,1,2,0,0,0,2,2,0,1,2,93.6,3366.05,0
0,0,0,0,8,1,2,1,0,0,0,0,2,2,0,0,0,95.65,778.1,1
1,0,1,1,71,1,2,1,0,2,0,0,2,2,1,0,0,100.55,7113.75,0
0,1,1,0,50,1,2,1,0,2,0,0,2,0,0,1,2,88.05,4367.35,1
0,0,1,1,43,1,2,2,1,1,1,1,1,1,1,1,0,24.45,993.15,0
1,0,0,1,57,1,2,0,2,2,2,2,2,2,2,0,3,89.55,5012.35,0
0,0,1,1,41,1,0,0,0,2,0,2,0,2,1,1,0,66.5,2728.6,1
0,0,1,0,27,1,0,1,0,2,0,0,0,0,0,1,2,76.1,2093.4,0
0,0,0,0,13,1,0,1,0,0,0,0,0,2,0,1,2,80.5,1011.8,0
1,0,0,0,3,0,1,0,2,2,0,0,0,0,0,1,3,35.45,106.85,1
0,0,0,0,67,1,0,2,1,1,1,1,1,1,1,0,2,20.55,1343.4,0
1,0,0,0,3,1,0,0,0,2,0,0,0,0,0,1,3,49.9,130.1,1
0,0,1,0,64,1,2,1,0,2,0,2,2,2,2,1,0,105.4,6794.75,0
1,0,0,0,26,0,1,0,0,0,2,2,0,0,0,0,2,35.75,1022.5,0
1,0,0,0,38,1,2,1,0,2,2,0,0,2,0,1,1,95.1,3691.2,0
1,0,1,0,23,1,0,2,1,1,1,1,1,1,1,0,1,19.3,486.2,0
1,0,0,0,40,1,2,1,0,2,2,0,2,2,0,1,1,104.5,4036.85,1
1,1,1,0,72,0,1,0,2,2,2,2,2,2,2,1,0,63.1,4685.55,0
0,1,0,0,3,1,2,1,0,0,0,0,0,0,0,1,1,75.05,256.25,1
1,0,0,0,23,1,2,1,0,0,2,0,0,0,0,1,2,81.0,1917.1,1
0,1,1,0,1,1,2,1,0,0,0,0,0,0,0,1,2,74.45,74.45,1
0,0,0,0,4,1,0,0,2,2,0,2,0,0,0,1,3,60.4,272.15,1
0,0,1,0,62,1,2,0,2,2,0,2,2,2,2,1,2,84.95,5150.55,0
0,0,0,0,40,1,2,1,0,2,2,0,2,0,0,1,0,93.4,3756.4,0
1,0,0,0,41,1,2,1,0,2,0,0,2,0,0,1,2,89.2,3645.75,0
1,1,1,0,34,1,0,1,0,0,2,0,2,0,0,1,1,85.2,2874.45,0
0,0,0,0,1,1,0,0,0,2,0,0,0,0,0,0,2,49.95,49.95,0
0,0,0,0,51,1,0,2,1,1,1,1,1,1,2,0,0,20.65,1020.75,0
1,0,1,1,1,1,0,1,0,0,0,0,0,0,0,1,3,70.65,70.65,1
0,0,0,0,39,1,0,2,1,1,1,1,1,1,2,0,3,20.15,826.0,0
1,0,1,1,12,1,0,2,1,1,1,1,1,1,0,1,2,19.2,239.0,0
1,0,0,0,12,1,0,0,0,0,0,2,2,0,1,1,2,59.8,727.8,1
1,0,0,0,72,1,2,1,0,2,2,0,2,2,1,1,2,104.95,7544.3,0
0,1,1,0,63,1,2,1,0,2,2,0,2,2,0,1,2,103.5,6479.4,0
1,0,1,0,44,1,2,1,2,0,2,0,0,0,0,1,1,84.8,3626.35,0
0,0,0,0,18,1,2,1,0,0,2,2,0,2,0,1,0,95.05,1679.4,0
0,0,0,0,9,1,0,0,0,0,0,0,0,0,0,1,0,44.2,403.35,1
1,0,0,0,13,1,0,0,0,2,0,2,2,2,0,0,3,73.35,931.55,0
0,0,1,0,68,1,0,0,0,2,0,2,2,0,2,0,0,64.1,4326.25,0
0,1,0,0,6,0,1,0,0,0,0,0,2,2,0,1,2,44.4,263.05,0
0,0,0,0,2,1,0,2,1,1,1,1,1,1,0,1,3,20.05,39.25,0
1,1,1,0,55,1,2,0,2,2,0,0,0,0,1,0,1,60.0,3316.1,0
1,1,0,0,1,1,2,1,0,0,0,0,0,0,0,1,2,75.75,75.75,1
1,0,0,0,38,1,0,1,0,0,0,0,0,0,0,1,1,69.5,2625.25,0
0,0,0,0,67,1,2,1,2,2,2,0,2,0,0,1,1,102.95,6886.25,1
1,0,0,0,19,1,0,1,0,0,0,0,2,0,0,1,0,78.7,1495.1,0
0,0,0,0,12,0,1,0,0,2,2,2,2,2,1,0,2,60.65,743.3,0
0,0,0,0,72,1,0,2,1,1,1,1,1,1,2,1,0,21.15,1419.4,0
1,0,1,1,24,1,2,0,2,0,2,2,2,2,1,1,3,84.8,1990.5,0
0,0,1,1,72,1,2,1,0,2,2,0,2,2,1,1,1,103.2,7362.9,0
0,0,1,1,11,0,1,0,2,0,0,0,0,0,0,1,2,29.6,346.45,0
1,1,1,0,4,1,2,1,0,0,0,0,0,0,0,1,3,74.4,306.6,1
1,0,0,0,66,1,0,1,2,0,2,2,2,2,2,1,0,105.65,6844.5,0
1,0,0,0,9,0,1,0,0,0,0,0,1,0,0,1,1,34.474022058904,296.76381020196953,1
1,0,0,0,1,1,0,1,0,0,0,0,0,2,0,0,2,79.95747718145623,79.95747718145623,1
0,0,0,0,7,1,2,0,0,0,0,0,0,0,0,0,2,73.63944964491884,520.0413281994388,1
0,0,0,0,1,1,0,1,0,0,0,0,0,2,0,0,2,78.72672008073346,78.72672008073346,1
0,0,0,0,2,1,0,1,0,0,2,0,0,0,0,0,1,76.71436767298815,161.74642631030758,1
0,0,1,0,65,1,2,1,0,1,2,0,2,2,1,1,1,106.24999767304892,6979.800018033871,1
0,0,1,0,22,0,1,0,1,0,0,0,0,0,0,0,1,38.74806390686001,807.2244857252597,1
0,0,0,0,2,1,0,0,2,2,0,0,0,0,0,0,3,54.327489818914415,106.26391521528808,1
0,0,1,0,43,1,2,1,1,0,1,1,2,2,0,1,2,108.7359471419855,4829.293897649983,1
0,0,0,0,5,1,0,1,0,0,0,0,1,0,0,0,2,80.46404472301028,415.4988485096474,1
0,0,0,0,11,1,0,0,0,0,0,0,0,0,0,1,2,44.163062665624835,482.999011473126,1
1,0,1,1,49,1,2,0,0,2,2,1,1,2,0,0,0,99.09918903793044,4677.5420335963845,1
1,0,1,0,18,1,2,1,0,0,0,0,0,1,0,0,1,85.64082345527044,1462.2242668578417,1
0,1,0,0,36,1,0,0,1,2,0,0,0,0,0,1,1,61.124687421524285,2256.709958213686,1
0,0,0,0,19,0,0,0,0,0,0,0,0,0,0,1,2,24.47962382393486,482.79675759141014,1
0,0,0,0,23,1,2,1,2,0,0,0,1,0,0,1,0,89.77934479408799,2171.870512325227,1
0,1,0,0,36,1,2,1,0,0,0,0,2,0,0,1,2,86.37800952910462,3170.531668571257,1
0,0,0,0,4,1,2,1,0,0,0,0,0,2,0,1,2,86.59621200123689,360.5710163148986,1
0,0,0,0,9,1,2,1,0,0,0,0,2,0,0,1,1,85.35,757.2690364076235,1
1,0,0,0,10,1,0,1,0,0,0,0,0,0,0,1,2,70.07743110191238,739.5354133885257,1
0,0,0,0,2,0,1,0,0,0,0,1,0,0,0,0,2,30.043603391861463,59.02726380686357,1
0,0,0,0,9,1,0,0,1,1,0,0,2,1,0,1,1,75.91788759104084,708.0298694883443,1
0,1,1,0,47,1,2,1,0,2,0,0,2,0,0,1,2,91.97295522804356,4373.7266955637315,1
1,0,0,0,23,1,0,0,1,0,0,0,0,0,0,1,0,52.96559890724183,1218.776349701093,1
0,0,0,0,11,0,1,0,0,0,0,0,0,2,0,1,2,39.0227188032053,444.97922319908423,1
0,0,0,0,16,1,0,1,1,0,2,0,1,0,0,1,1,90.53596730766506,1542.4181726426089,1
0,0,0,0,48,1,1,0,2,1,0,0,0,0,0,1,1,59.85896838065396,2927.416830622025,1
0,0,0,0,33,1,0,1,1,0,2,1,2,2,0,1,2,102.0065772616585,3373.9402000334826,1
0,0,1,0,17,1,0,1,2,0,0,1,1,0,0,0,2,90.92333485927946,1576.2052704781902,1
0,0,0,0,20,1,2,0,0,0,0,0,0,2,0,1,1,84.52417722998527,1730.4479238246552,1
0,1,1,0,67,1,2,1,0,1,0,0,2,2,0,1,1,100.18940088193374,6851.203322881493,1
1,0,0,0,1,1,0,0,0,0,1,0,0,0,0,1,2,50.56143793507948,50.56143793507948,1
0,0,0,0,2,1,1,1,0,0,2,0,2,0,0,1,2,93.14971864457425,195.21210032421448,1
0,0,0,0,2,1,0,1,0,0,1,0,0,0,0,0,1,73.78008213756569,152.31170270750673,1
0,0,0,0,31,1,2,1,0,0,1,0,1,1,0,0,1,94.09148958148936,2927.877923791683,1
0,0,0,0,6,1,2,1,0,2,1,1,1,2,0,1,1,108.70747159197973,669.7363637295575,1
1,0,0,0,10,1,1,1,0,1,0,0,0,0,0,1,0,80.0395205907006,790.9636394442566,1
1,0,0,0,9,0,1,0,0,0,0,0,1,0,0,1,1,34.46745666277809,296.78309605308937,1
0,0,0,0,47,1,0,1,0,1,2,1,2,0,1,1,2,96.42026717200584,4636.584172068856,1
1,0,0,0,7,1,2,1,0,0,0,0,0,0,0,0,2,74.22450537394045,526.1669905676619,1
0,0,0,0,6,1,0,1,0,0,0,0,2,2,0,0,2,91.98466556568398,575.9975252049793,1
0,0,0,0,13,1,1,1,0,0,0,0,0,0,0,0,2,74.76583758944845,1096.2046106964126,1
0,0,0,0,1,1,0,2,1,1,1,1,1,1,0,1,3,20.822425506165523,20.822425506165523,1
0,0,0,0,1,1,0,0,0,0,0,0,0,0,0,1,2,45.593869544977814,45.593869544977814,1
0,0,0,0,10,1,0,1,0,0,0,0,0,1,0,1,2,77.4569924568492,795.9805213362711,1
1,0,0,0,2,1,0,0,0,0,0,0,0,0,0,1,2,45.10551601316911,97.89205217997784,1
0,1,0,0,27,1,2,1,1,0,0,2,2,2,0,0,0,102.68649652700252,2866.3221208203563,1
0,1,0,0,24,1,2,1,0,0,0,0,2,1,0,1,2,92.4896232430965,2267.327528157702,1
0,0,0,0,55,1,2,1,2,0,2,0,2,2,1,1,0,104.79603831375954,5793.711978928792,1
0,0,0,0,7,1,0,1,1,0,0,0,0,0,0,0,0,72.82821575834042,505.20428026811766,1
0,0,0,0,1,0,1,0,0,0,0,0,0,2,0,0,2,35.4674430277476,35.4674430277476,1
0,0,0,0,24,1,2,1,0,2,0,0,2,0,0,1,1,90.03300692169825,2280.740524225944,1
1,0,0,0,5,0,0,0,0,0,0,2,0,0,0,1,2,48.80090293228955,217.0408577886037,1
0,0,0,0,22,1,2,1,0,0,0,1,2,0,0,0,2,90.63449873602535,1944.545450704989,1
1,0,1,0,17,1,0,1,0,1,0,0,0,0,0,1,1,74.6181167605533,1227.5410015399516,1
1,0,1,0,22,1,0,1,1,0,0,2,2,2,0,1,2,103.09239268440777,2327.243438227437,1
1,0,0,0,45,1,2,1,0,0,2,0,1,1,0,0,1,90.65802035250024,4251.473911362368,1
0,0,0,0,16,0,1,0,0,0,1,0,0,2,0,0,0,62.93254275547173,1042.453287814446,1
0,0,0,0,4,1,1,1,0,0,0,0,0,0,0,1,2,73.912167990773,318.7778381709013,1
1,0,0,0,1,1,0,1,0,0,0,0,2,2,0,1,2,89.42804147774511,89.42804147774511,1
0,0,0,0,2,1,0,0,0,0,0,0,0,0,0,0,1,44.56542272594684,80.64681636734886,1
0,1,0,0,1,1,0,1,0,0,0,0,0,0,0,1,2,69.66851789733555,69.66851789733555,1
1,0,0,0,40,1,2,1,0,0,1,1,2,2,0,0,0,104.12474816353345,4128.3132865378875,1
0,1,0,0,1,1,0,1,0,0,0,0,0,0,0,1,2,69.57190375881741,69.57190375881741,1
0,0,0,0,2,1,0,1,0,0,1,0,0,1,0,1,2,86.01006192626532,179.66695746628568,1
0,0,0,0,26,1,2,1,0,0,0,1,0,0,1,0,2,34.7361188552302,745.9382556317333,1
0,0,0,0,1,0,1,0,0,0,0,0,0,1,0,0,2,35.89677882025837,35.89677882025837,1
0,0,0,0,12,1,0,0,1,0,0,2,0,0,0,0,0,79.8744531214859,867.3394692127629,1
0,0,0,0,2,1,0,1,0,0,0,0,0,1,0,0,2,80.45116986159026,160.9590921989692,1
1,0,0,0,18,1,0,1,0,1,1,0,0,0,0,1,2,82.61709181415375,1488.8483370644385,1
0,0,0,0,1,1,0,1,1,0,0,0,2,2,0,0,2,95.07448735328309,95.07448735328309,1
0,0,0,0,3,1,0,0,1,1,0,0,0,0,0,0,2,55.074871468964304,165.35608253202986,1
0,0,0,0,8,1,2,1,0,0,0,0,1,2,0,0,0,89.79414671598813,784.0799179722325,1
1,0,0,0,16,1,2,1,0,0,0,1,0,1,0,0,1,89.48759536635038,1450.711873289778,1
0,0,0,0,18,1,0,1,1,0,0,0,0,0,0,1,2,24.364426009566944,373.04083373446224,1
0,0,0,0,7,1,2,1,0,0,0,0,0,0,0,0,2,74.65413650010022,542.0051773909557,1
0,0,0,0,1,1,0,1,0,0,0,0,0,1,0,1,2,81.41866728150929,81.41866728150929,1
0,1,0,0,2,1,0,1,0,0,0,0,0,1,0,1,1,78.09727333434623,159.01564496147586,1
0,0,0,0,54,1,2,1,0,0,1,0,0,0,0,1,2,78.18584606149467,4459.318974407708,1
1,0,0,0,26,1,1,1,0,0,0,1,0,0,0,1,1,79.59838503522086,2085.53969588629,1
0,0,0,0,3,0,0,0,0,0,0,0,0,0,0,0,2,44.94462278024774,127.14167563960736,1
0,0,0,0,36,1,2,1,0,0,0,0,2,2,0,1,2,99.4537421596353,3571.099878157482,1
0,0,1,0,36,1,2,1,0,0,0,0,2,1,0,1,1,92.64425301782862,3472.938985200754,1
0,0,0,0,6,1,0,1,0,0,0,0,2,0,0,1,2,84.77635515644491,575.1838345507035,1
0,0,0,0,6,1,2,1,0,0,0,0,0,0,0,0,2,75.02923537274778,472.3729587847057,1
0,0,0,0,65,1,2,1,1,2,2,0,2,0,0,1,1,104.29283690430262,6882.560887625542,1
0,0,1,0,16,1,0,1,0,0,0,0,2,0,0,0,2,82.18496456328623,1398.9755634556598,1
1,0,0,0,1,0,1,0,0,0,0,0,0,0,0,1,2,23.81285574713772,23.81285574713772,1
0,0,0,0,2,1,0,0,1,2,0,0,0,0,0,1,3,53.70989991983862,108.36591894707225,1
1,0,0,0,67,1,2,1,2,2,2,2,2,2,1,1,0,118.0813226473786,7806.829023217965,1
1,1,0,0,28,1,2,1,0,1,0,0,1,0,0,1,2,81.99237815617863,2297.2167334806,1
0,0,0,1,12,1,2,1,0,1,1,0,0,0,0,1,2,82.7544144733998,914.7461726970175,1
0,0,0,0,5,1,0,1,0,1,0,1,0,2,0,1,1,90.1054774086795,461.8510954817359,1
0,0,0,0,1,1,0,1,0,2,0,0,0,0,0,1,2,74.5919950760755,74.5919950760755,1
0,0,0,0,1,1,0,1,0,0,0,1,2,0,0,1,1,84.94999738867723,84.94999738867723,1
1,0,0,0,1,1,2,1,0,0,0,0,2,2,0,1,2,93.61310504699702,93.61310504699702,1
1,0,1,0,53,1,2,1,0,1,0,1,1,2,0,0,2,96.50255067188216,5076.443130075064,1
0,0,0,0,33,1,0,1,0,0,0,0,0,0,0,1,2,74.0472925630752,2415.3316359856435,1
0,0,0,0,8,1,1,1,0,0,0,0,0,1,0,0,0,84.56061690849099,663.4245493862737,1
0,0,0,0,3,1,0,1,0,1,0,0,2,0,0,0,2,82.9243156570565,246.43217931746548,1
1,0,0,0,1,0,0,0,0,0,2,0,1,1,0,1,2,50.13314849855363,50.13314849855363,1
0,0,0,0,21,1,2,0,1,0,0,1,2,1,0,1,2,80.95477546837274,1740.3571243613098,1
0,0,0,0,4,0,1,0,0,1,0,0,0,0,0,0,2,28.604303158970975,129.43624612909522,1
0,0,1,0,67,0,0,0,0,1,1,0,2,2,1,1,1,59.404022392078524,3929.545777310145,1
0,0,0,0,8,1,0,1,0,0,0,0,1,0,0,0,0,78.24980071444148,677.9275994310417,1
1,0,0,0,41,1,2,1,0,0,1,0,2,2,0,1,2,100.28841240264538,4262.844120767914,1
0,0,0,0,17,1,1,0,0,0,2,1,2,1,0,1,1,84.79468795792786,1427.2506043218864,1
1,0,1,0,7,1,1,1,0,0,0,0,0,0,0,1,1,72.49426962498968,528.58520642697,1
0,1,1,0,48,1,2,1,0,0,2,0,1,1,0,1,2,97.60932350110876,4871.660169124723,1
0,0,0,0,3,1,2,1,0,0,0,0,2,2,0,1,2,96.46852188467376,291.9892172925428,1
0,0,0,0,54,1,2,1,0,2,1,1,2,2,0,0,2,110.97843228522612,6015.154527125509,1
0,0,1,0,1,1,0,1,0,0,0,0,2,0,0,1,2,80.3870099595294,80.3870099595294,1
1,0,0,0,1,1,0,1,0,0,0,0,0,0,0,1,2,69.79222463013204,69.79222463013204,1
0,0,1,0,51,1,1,1,0,1,2,0,2,2,0,1,0,99.7897279856962,5009.9147983718685,1
0,0,0,0,70,1,2,1,0,2,2,2,2,2,1,0,1,111.24904746685357,8006.971299366885,1
1,0,0,0,1,1,0,1,0,0,0,0,2,0,0,1,2,80.24322340047786,80.24322340047786,1
1,1,0,0,20,1,0,1,0,0,0,0,0,0,0,1,2,72.89430391211283,1473.691124489643,1
0,0,0,0,54,1,0,1,2,1,0,1,2,2,1,1,0,104.85087405112193,5641.752622153365,1
0,0,0,0,11,1,1,1,0,0,1,1,2,2,0,1,0,99.72405294458943,1134.334802429621,1
0,0,0,0,9,1,0,0,0,0,1,2,1,1,0,0,3,68.55635957209206,652.3221882754635,1
0,0,0,1,1,1,0,1,0,0,0,0,0,2,0,0,2,79.83818904577045,79.83818904577045,1
0,0,0,0,1,1,0,2,1,1,1,1,1,1,0,0,2,19.313670640061993,19.313670640061993,1
0,0,0,0,3,1,0,1,0,0,1,1,0,0,0,0,1,79.10529527542688,218.2095324804235,1
1,0,0,0,1,1,0,2,1,1,1,1,1,1,0,1,3,20.1,20.1,1
1,0,0,0,1,1,0,0,0,0,0,0,0,0,0,0,2,45.55525490418033,45.55525490418033,1
0,1,0,0,1,1,0,1,0,0,1,0,0,2,0,1,2,85.0157278058389,85.0157278058389,1
1,0,0,0,1,1,0,2,1,1,1,1,1,1,0,0,3,20.133377192142564,20.133377192142564,1
1,0,0,0,5,1,0,1,0,0,0,0,1,0,0,1,1,80.72634262458686,462.52375339783555,1
0,0,0,0,43,1,0,0,2,1,1,0,0,0,0,1,1,74.9819830287444,3232.1230118642993,1
0,0,0,0,40,0,0,0,2,2,0,0,1,1,0,1,2,55.76944672048187,2111.008209806575,1
0,0,1,0,8,1,1,1,0,0,0,0,0,1,0,0,1,81.54569085244529,629.388374094993,1
1,0,0,0,26,1,1,0,0,0,0,0,0,0,0,1,2,69.25034024971126,1713.6691365114318,1
0,0,0,0,1,1,0,1,0,0,0,0,0,2,0,1,2,79.37870124622683,79.37870124622683,1
0,0,0,0,54,1,2,1,0,0,1,0,2,2,1,1,2,101.92027414095857,5517.627821015452,1
0,0,0,0,30,1,0,1,0,0,2,0,2,2,0,1,2,98.96642322166316,3136.213348194864,1
0,0,0,0,37,1,2,1,1,0,2,1,0,2,0,1,1,99.21245301008183,3760.216307546907,1
0,0,0,0,11,1,2,1,0,0,2,0,2,2,0,1,2,99.67164747706379,1131.053009298548,1
0,0,0,0,63,1,0,1,1,2,0,0,0,2,0,0,1,96.2959819098391,6044.674680347494,1
0,1,0,0,17,1,0,0,0,1,0,0,0,0,0,1,1,70.79074732248365,1177.172355476983,1
0,0,1,0,35,1,2,0,0,0,0,0,0,0,0,0,2,73.92554416359621,2572.895055203902,1
0,0,0,0,58,1,0,1,1,2,1,0,1,2,0,1,1,106.11921328487583,6145.491729522195,1
1,0,0,0,65,1,2,1,0,0,0,2,2,2,0,1,1,100.82965441419815,6872.180135568738,1
0,0,0,0,1,1,0,0,0,0,1,0,0,0,0,0,1,48.78154534803321,48.78154534803321,1
0,0,0,1,17,1,0,0,0,0,1,0,0,1,0,0,1,59.52166207724103,991.5584904939483,1
0,0,0,0,7,1,0,1,0,0,0,0,0,1,0,1,2,79.32932345459025,523.2540982637954,1
0,1,1,0,41,1,1,1,1,0,1,0,0,0,0,0,0,82.25439373759747,3277.5949351187705,1
1,1,0,0,5,1,0,1,1,0,0,0,1,0,0,1,0,87.02674466098141,503.1963989976384,1
0,0,0,0,52,1,0,1,0,1,1,2,2,2,0,1,0,103.71563642568957,5430.532715963074,1
0,0,0,0,45,1,0,1,2,1,0,2,2,2,1,1,0,106.48518823808061,4825.0362972325975,1
0,0,0,0,3,1,2,1,0,0,0,0,0,0,0,1,1,75.51181709048485,256.45204497708716,1
0,0,1,0,22,1,1,1,1,0,2,0,2,1,0,1,1,98.78876852269741,2255.430160796232,1
0,0,0,0,22,1,1,1,0,0,0,0,0,2,0,1,2,84.7819100971577,1866.5230965671208,1
1,0,0,0,41,1,2,1,0,0,1,1,1,2,0,0,0,101.8665334789391,4137.988712613175,1
0,0,0,0,2,0,0,0,1,1,0,0,0,1,0,1,1,43.0106658774136,74.07346345046042,1
0,0,0,0,1,1,0,1,0,0,0,0,0,0,0,0,2,70.62924007561028,70.62924007561028,1
0,0,0,0,12,1,0,1,0,0,2,0,2,2,0,1,2,97.58986814623663,1163.239373946298,1
0,0,0,0,41,1,0,0,1,0,1,0,0,2,0,0,1,68.63608338012821,2781.8269149762077,1
0,0,0,0,1,1,0,0,0,0,0,0,0,0,0,1,3,45.214189015868634,45.214189015868634,1
0,0,0,0,8,1,0,1,1,0,0,0,0,0,0,1,1,74.57406548349111,639.8765312117607,1
0,0,0,0,4,1,1,1,0,0,2,0,2,0,0,1,1,95.39344843591655,448.79582642550986,1
0,0,0,0,5,1,0,2,1,1,1,1,1,1,0,0,1,19.803812319761022,108.3771627350261,1
0,0,0,0,17,1,2,1,0,0,0,1,0,1,0,0,2,90.42500953957249,1612.3305109431099,1
1,0,0,0,1,1,2,1,0,0,0,0,2,0,0,1,2,84.71800749081622,84.71800749081622,1
0,0,0,0,1,1,0,1,0,2,0,0,0,0,0,1,2,75.40270920969267,75.40270920969267,1
0,0,1,1,1,1,0,2,1,1,1,1,1,1,0,0,3,20.545396650695878,20.545396650695878,1
1,0,0,0,1,1,0,0,0,0,0,0,0,0,0,0,3,45.05,45.05,1
0,0,1,1,40,1,2,0,0,0,2,2,0,0,0,0,1,82.98706145253682,3311.7625307825806,1
0,0,0,0,38,1,0,1,1,2,1,0,0,0,0,1,1,84.74358843171515,3244.9884438281542,1
0,0,0,0,17,0,0,0,0,0,1,0,1,1,0,1,2,49.83408125460935,816.9705775532593,1
1,0,0,0,51,0,1,0,0,1,0,0,1,1,0,1,2,49.54363332378707,2551.2823003106264,1
0,0,0,0,4,1,0,0,0,0,0,0,0,0,0,0,2,46.290372433527885,193.6594738719274,1
0,0,0,0,15,1,2,2,1,1,1,1,1,1,0,0,1,25.073839040601566,402.1841983706184,1
0,0,0,0,1,1,0,0,0,0,1,0,0,0,0,0,1,48.836609200818394,48.836609200818394,1
0,0,0,0,1,1,0,0,0,0,0,0,0,0,0,0,2,44.31198896096361,44.31198896096361,1
0,0,0,0,4,0,1,0,0,0,0,0,0,0,0,1,2,24.327998516584103,92.36457009140113,1
1,0,0,0,1,1,0,1,0,0,0,0,0,2,0,0,2,80.74048241202522,80.74048241202522,1
0,0,0,0,19,1,1,1,0,0,0,0,1,0,0,1,2,80.87601475246315,1553.9271096253765,1
0,0,0,0,3,1,1,1,0,0,0,0,0,0,0,0,2,76.55757808121622,242.02011658586488,1
1,0,1,0,1,1,0,1,0,0,0,0,0,0,0,1,2,69.06296216184761,69.06296216184761,1
0,0,0,0,1,0,1,0,0,0,0,0,0,0,0,1,3,25.06537692380021,25.06537692380021,1
1,0,0,0,19,1,2,1,0,0,1,0,0,0,0,1,2,80.25244205673428,1471.1145651735774,1
0,0,0,0,2,1,2,1,0,0,2,1,1,2,0,0,2,102.45690091189861,245.00630772951752,1
0,0,1,0,64,1,2,1,2,2,1,0,0,0,1,0,1,90.67843085244427,5769.251838430334,1
0,0,0,0,11,1,0,0,0,0,0,0,0,0,0,0,1,45.603859086660826,485.97468134197027,1
0,0,0,0,1,1,2,1,0,0,0,0,1,0,0,1,2,85.67074845620745,85.67074845620745,1
0,0,0,0,4,1,0,2,1,1,1,1,1,1,0,0,2,20.471579580481208,79.12106107308274,1
1,1,0,0,26,1,2,1,0,1,1,0,2,2,0,0,2,101.20723751775813,2654.590137393775,1
0,0,0,0,30,1,2,1,0,0,0,0,1,0,0,1,1,87.14544162233011,2627.688475762973,1
0,1,0,0,39,0,1,0,0,0,0,0,0,0,0,1,1,71.019829327058,2833.58478594763,1
1,1,1,0,47,0,1,0,0,1,1,0,0,2,0,1,2,61.50362212740791,2647.4654120285695,1
0,0,0,0,2,1,0,0,0,0,2,1,1,1,0,0,2,76.39076306498522,160.79923025541544,1
1,0,0,0,35,1,2,1,0,0,0,0,2,2,0,0,1,96.84719770970572,3474.6756109147937,1
0,0,0,0,4,0,0,0,0,0,0,0,0,0,0,0,2,45.924069538246115,194.71364677239026,1
0,0,0,0,1,1,2,1,0,0,0,0,0,0,0,1,2,74.77015254768573,74.77015254768573,1
0,0,0,0,64,1,2,1,0,2,0,1,2,1,0,1,1,105.53546874072632,6902.385240104162,1
1,0,0,0,34,1,2,1,0,0,0,0,2,2,0,1,2,97.2855624611552,3476.4242601399724,1
1,0,1,0,52,1,0,1,0,1,0,0,2,2,0,1,0,95.13910108301243,4868.67089277001,1
0,0,0,0,4,1,2,1,0,0,0,0,0,0,0,0,2,75.12301648357193,333.90443212269105,1
0,0,0,0,1,1,0,0,1,0,2,0,0,0,0,0,2,55.32506772213629,55.32506772213629,1
0,1,0,0,25,1,2,1,0,2,0,0,2,0,0,1,2,88.95459860911221,2290.8884442326475,1
0,0,0,0,58,1,0,1,1,2,1,0,2,2,1,0,1,105.78260018928226,6144.948246057274,1
0,0,0,0,16,1,0,1,0,0,2,0,0,0,0,1,2,76.71364755803802,1313.50715229753,1
1,0,0,0,54,1,0,1,2,1,0,1,2,2,0,1,1,102.53835356862474,5632.278601368973,1
1,0,0,0,56,1,1,1,0,2,2,0,0,2,0,1,0,96.15309845975084,5427.03147490339,1
0,0,0,0,2,0,0,0,0,0,0,1,0,0,0,0,0,27.4596513219242,75.78871173774282,1
1,0,1,0,50,0,1,0,1,1,2,0,2,2,1,0,2,60.47068330527474,3013.500679528763,1
0,0,0,0,2,1,0,1,0,0,0,0,0,2,0,0,0,80.18402097270877,159.42170104863544,1
0,0,0,0,1,1,0,1,0,0,0,0,0,0,0,0,3,70.9517423284311,70.9517423284311,1
1,0,0,0,24,1,1,1,0,0,0,0,1,1,0,1,1,87.23000764565592,2076.6945922063046,1
0,0,0,0,27,0,0,0,0,2,1,2,0,0,0,0,1,74.16215645207254,1894.88488766629,1
0,0,0,1,11,1,0,2,1,1,1,1,1,1,0,0,1,20.090040422261595,221.4604607712805,1
1,0,0,0,1,1,0,0,0,0,0,0,0,0,0,0,2,45.217890797896935,45.217890797896935,1
0,1,1,0,23,0,1,0,1,0,0,0,0,0,0,0,1,37.55606634598213,807.2655665646307,1
1,0,0,0,3,1,1,1,0,0,0,0,0,0,0,1,2,74.53628007889236,237.8224623506208,1
0,0,0,0,42,1,1,1,0,1,0,0,0,0,0,1,1,77.87420220799808,3370.242700751653,1
0,0,0,0,5,0,0,0,0,1,0,0,0,0,0,0,2,25.847879782740954,129.62026361689064,1
0,1,0,0,2,1,0,1,0,0,0,0,0,1,0,1,2,80.14377934367407,194.3554247038785,1
0,0,0,0,3,1,2,1,0,0,0,0,0,0,0,1,2,75.5510944952998,258.34361544408455,1
0,0,1,0,26,1,0,1,0,0,0,0,1,1,0,1,2,89.43379102019748,2362.2104753437075,1
0,0,0,0,4,1,1,1,0,0,0,0,0,0,0,1,2,73.25263723305157,266.1338305478203,1
0,0,0,0,4,0,0,0,0,0,0,0,0,0,0,0,2,45.995876333796595,193.6604804376499,1
0,0,1,0,7,1,1,1,0,0,0,0,2,0,0,1,2,86.43790593490755,583.642530797701,1
0,0,0,0,49,1,2,1,0,2,1,0,1,2,0,1,0,104.62343604523852,5122.007541393878,1
0,0,0,0,16,1,1,1,0,1,1,0,0,1,0,0,1,94.58447626986134,1560.741158967095,1
0,0,0,0,53,0,1,0,0,1,0,0,2,0,0,1,1,41.71370776022889,2102.723518097634,1
0,0,0,0,2,1,1,1,0,0,0,0,0,0,0,1,1,73.06867374234575,131.55021036594277,1
1,0,0,0,32,1,2,1,0,2,2,0,2,2,0,0,0,106.35,3533.8298047230096,1
1,0,0,0,1,1,0,1,0,0,1,0,2,0,0,1,2,84.79654669495723,84.79654669495723,1
1,0,0,0,27,1,2,1,0,0,0,0,0,1,0,1,1,82.45558055392627,2258.545614441872,1
1,0,0,0,6,1,0,1,0,1,0,0,0,1,0,1,2,84.53085133256077,553.274993684822,1
0,0,0,0,8,1,0,1,2,0,0,0,0,0,0,0,1,74.31086188390218,639.1063005038072,1
1,0,0,0,20,1,1,0,2,1,0,1,2,0,0,0,2,78.29312688860952,1625.031531038385,1
0,0,0,0,28,1,0,1,0,0,0,0,2,0,0,1,2,82.477405880377,2385.385537471101,1
0,0,0,0,22,1,0,1,0,1,1,0,2,0,0,1,2,89.5169458089026,1999.9991954524166,1
0,0,0,0,5,1,2,1,0,0,0,0,2,2,0,0,0,95.41752085680935,537.3735890722703,1
0,0,0,0,6,1,0,1,0,1,0,0,1,0,0,1,2,84.47654332013681,523.4764486778465,1
0,0,1,1,1,1,0,1,0,0,0,0,0,0,0,1,2,68.90819047458527,68.90819047458527,1
0,0,0,0,1,1,2,1,0,0,0,0,2,2,0,1,2,94.17045122858819,94.17045122858819,1
0,0,0,0,1,1,0,2,1,1,1,1,1,1,0,0,3,20.461678360785253,20.461678360785253,1
1,0,0,0,18,1,0,0,0,0,0,0,0,0,0,1,0,65.03907914297653,1213.111517451888,1
1,0,0,0,62,1,2,1,1,0,1,2,2,2,1,1,1,108.572945893239,6874.9623571824195,1
0,0,0,0,1,1,0,1,0,0,0,0,2,0,0,1,2,79.45428980483337,79.45428980483337,1
0,0,0,0,45,1,1,1,0,0,0,0,2,2,0,0,0,96.3580642370011,4399.4075807289,1
0,0,0,0,2,1,0,1,0,0,0,0,2,0,0,1,2,80.36700082229356,145.34488541698278,1
1,0,1,0,48,1,2,0,0,2,2,2,2,1,0,0,1,107.16111324517021,5126.930963415676,1
0,0,0,0,1,1,2,1,0,0,0,0,2,2,0,0,2,95.42144690036659,95.42144690036659,1
0,0,0,0,13,1,2,1,1,1,0,0,2,0,0,1,2,96.003664720558,1239.4909015843245,1
1,0,0,0,33,1,0,1,0,0,2,0,2,1,1,1,2,92.93671007182964,3035.0965508865493,1
0,0,1,0,25,0,0,1,0,0,1,0,1,0,0,0,0,26.79790904638163,661.0082848788321,1
0,1,0,0,8,1,2,1,0,0,0,0,0,1,0,1,2,83.13660523551364,612.6517245374451,1
0,0,0,0,27,1,2,1,0,0,0,0,1,2,0,1,2,92.76557730426858,2715.8446549975793,1
0,0,1,0,49,1,2,1,0,0,0,0,2,1,0,1,1,95.21729664815419,4776.579447720788,1
1,0,0,0,7,1,0,1,0,1,0,0,2,2,0,1,2,96.52172711533828,667.3870737481099,1
0,0,1,0,33,1,1,1,0,0,0,0,0,0,0,0,1,78.5092873858674,2579.8050896103023,1
0,0,0,0,1,1,2,1,0,0,0,0,0,2,0,1,2,85.03758081956283,85.03758081956283,1
0,0,0,0,8,1,1,1,0,0,1,0,2,2,0,0,1,99.84145046031574,823.9902891611407,1
0,0,1,0,24,1,2,1,0,0,2,0,1,2,0,1,2,97.97127039733597,2387.417086329541,1
0,0,1,0,17,0,1,0,0,0,1,0,2,2,0,1,2,49.0580728237036,810.4787272425926,1
0,0,0,0,9,1,2,1,0,0,0,0,2,0,0,1,1,85.35,757.2148231820787,1
1,0,0,0,1,1,0,0,0,0,0,0,0,0,0,0,0,44.72548775141243,44.72548775141243,1
0,0,0,0,1,1,2,1,0,2,0,0,1,0,0,1,1,90.61600158665215,90.61600158665215,1
0,0,0,0,30,1,2,1,1,1,1,0,0,0,0,0,1,90.23660603184751,2758.097422971204,1
0,0,0,0,4,1,0,1,0,0,0,0,2,0,0,0,2,78.5576168895878,294.671251906638,1
1,0,0,0,34,1,0,0,1,2,0,0,0,0,0,1,2,66.8806897080671,2131.5867813552154,1
0,0,1,0,14,1,1,1,0,0,0,0,0,2,0,0,0,86.04593624057142,1345.6234096513963,1
1,0,0,0,19,1,2,0,1,0,0,0,0,0,0,1,2,60.93754297732945,1128.40366127242,1
1,0,0,0,18,1,0,0,0,2,0,0,0,0,0,1,1,64.775388296367,1185.6110576090741,1
1,0,0,0,54,1,2,1,0,0,0,0,2,2,0,1,2,97.2213205801058,5283.6241787513845,1
0,0,0,0,1,1,2,1,0,0,0,0,2,2,0,1,2,94.08434948414767,94.08434948414767,1
1,0,0,0,8,1,2,1,0,0,1,0,0,0,0,0,0,79.72538026137909,661.3520451195982,1
0,0,0,0,3,1,2,1,0,0,0,0,2,1,0,0,2,96.01506763950168,291.60489898929814,1
0,0,0,0,5,1,2,1,0,1,0,0,1,0,0,1,2,89.31597658687568,455.08777127413214,1
0,0,0,0,39,1,0,1,0,0,0,0,0,0,0,0,0,72.81044408359995,2868.0909671053378,1
0,0,1,0,17,1,2,1,0,0,0,0,0,1,0,0,1,87.0879248560094,1452.479307027963,1
0,0,0,0,3,0,0,0,0,0,1,0,1,0,0,0,3,41.2299818816387,131.7258872424446,1
1,0,0,0,1,1,0,1,0,0,0,0,0,0,0,1,2,70.23620309498345,70.23620309498345,1
1,0,0,0,1,1,0,0,0,0,0,0,0,0,0,0,2,44.4,44.4,1
0,0,0,0,20,1,2,0,0,0,0,0,2,0,0,1,2,84.82352372885897,1735.0815585515559,1
1,0,0,0,8,1,1,1,0,0,0,0,0,2,0,1,2,86.841490702297,745.3489904296123,1
0,0,0,0,41,1,1,1,0,1,1,0,1,2,0,0,2,97.25484765304647,3986.0386955939734,1
0,0,1,1,66,1,2,1,0,2,2,0,1,1,1,0,0,101.438454731262,6610.87903108755,1
1,0,0,0,1,1,0,0,0,0,2,0,0,0,0,1,3,49.742937157204416,49.742937157204416,1
0,0,0,0,1,1,0,1,0,0,0,0,2,2,0,1,2,89.48891941407531,89.48891941407531,1
0,0,0,0,46,1,0,1,0,0,2,0,0,2,0,1,1,87.42029177749316,4044.678199601982,1
0,0,1,1,12,1,0,2,1,1,1,1,1,1,0,0,0,19.56865004296324,230.742290412869,1
0,0,0,0,4,1,0,2,1,1,1,1,1,1,0,0,2,20.535884125193483,79.97845500257975,1
0,0,0,0,7,1,1,1,0,0,2,0,2,2,0,1,2,98.27516790904927,664.3126958938908,1
0,0,0,0,2,1,0,1,0,0,0,0,0,0,0,0,0,70.06524632118868,145.81098528475474,1
0,0,0,0,52,0,1,0,0,1,0,0,1,0,0,1,1,42.086677110721965,2127.032169510787,1
1,0,0,0,6,1,1,1,0,0,0,0,1,0,0,1,2,84.65724560993155,550.3047281666085,1
0,0,0,0,39,1,0,1,0,2,0,0,1,0,0,1,2,83.7880969729713,3254.6256785466235,1
0,0,0,0,61,1,2,1,0,0,2,0,2,2,1,1,1,98.92734390659277,6128.683160300098,1
1,1,0,0,1,1,2,1,0,0,0,0,0,0,0,1,2,76.30250499382379,76.30250499382379,1
0,0,0,0,4,1,0,1,0,0,0,0,0,0,0,1,0,70.66915312623945,271.56874938268453,1
0,0,0,0,67,1,2,1,0,1,0,0,0,2,0,1,0,90.2164126263062,6127.410334576522,1
0,0,0,0,1,1,0,1,0,0,0,0,0,0,0,0,3,70.75707774744963,70.75707774744963,1
0,0,0,0,2,1,2,1,0,0,0,0,0,0,0,0,1,76.09261027840965,147.9341821008721,1
0,0,0,0,4,1,2,1,0,0,0,0,0,2,0,1,2,87.75438204425818,360.84429239246543,1
0,0,0,0,16,1,2,0,0,1,0,0,0,2,0,0,1,85.96922810436237,1425.1971829232891,1
0,0,0,0,1,1,0,1,0,0,0,0,0,1,0,1,2,79.72943959373316,79.72943959373316,1
1,0,0,0,1,1,0,2,1,1,1,1,1,1,0,0,3,19.962895829942692,19.962895829942692,1
0,0,0,0,1,1,0,1,0,0,0,0,2,0,0,1,2,79.24615558316262,79.24615558316262,1
0,0,0,0,4,1,0,1,0,0,0,0,0,1,0,1,2,77.4847059288808,324.7516403547621,1
1,0,0,0,47,1,1,1,0,1,1,0,0,0,0,0,1,84.310251942038,4054.8615260073198,1
0,0,1,1,4,1,2,1,0,0,0,0,0,2,0,0,2,93.5023864172166,383.5855906262629,1
0,0,0,0,62,1,2,1,0,2,0,0,2,2,1,0,0,101.75139229879733,6138.463666162924,1
0,0,0,0,2,1,2,1,0,0,0,0,2,1,0,1,0,93.80468695927084,193.77176335423363,1
0,0,0,0,22,1,2,0,0,0,0,0,0,0,0,0,0,76.76301318121138,1753.4795114104998,1
1,0,0,0,25,1,2,1,0,0,0,1,0,0,0,1,2,83.78235540925098,2089.804968075919,1
1,0,0,0,1,1,0,1,0,0,0,0,0,2,0,0,2,79.85762928380484,79.85762928380484,1
1,1,0,0,29,1,0,1,0,0,0,0,0,2,0,1,1,86.8679122193242,2483.1632398658508,1
0,0,0,0,11,0,0,0,0,0,0,0,0,0,0,1,2,42.97393402693819,477.9463411236287,1
0,0,1,0,64,1,2,1,0,1,2,0,2,2,0,1,1,104.38437404012339,6853.654212558796,1
0,0,0,0,14,1,2,1,0,1,0,0,0,0,0,1,1,78.30052010521504,1102.7159731930465,1
0,0,0,0,20,0,1,0,0,2,0,1,0,0,0,1,1,76.68737945920128,1504.8056653359197,1
0,0,0,0,2,1,0,0,0,1,0,0,0,0,0,1,1,48.27024833753413,91.56605846492212,1
1,0,0,0,11,1,0,1,1,0,1,0,0,0,0,0,0,82.78647895368894,857.5900336486835,1
0,0,0,0,51,1,2,1,2,0,1,0,2,2,0,1,2,105.45130997610913,5564.400911635032,1
0,0,1,1,4,1,2,1,0,1,0,0,2,2,0,0,2,98.3261641604807,384.6645718202103,1
0,0,1,1,68,1,2,1,2,2,2,2,2,2,2,1,1,113.32354871465012,7834.165918852115,1
0,0,0,0,54,1,2,1,0,0,2,0,0,0,0,1,2,77.80687546050446,4458.120715612279,1
0,0,0,0,67,1,2,1,2,2,1,2,0,0,1,0,0,96.1782090953864,6565.043232969106,1
1,0,0,0,3,1,0,1,0,0,0,0,2,0,0,0,2,79.42393931811206,265.80708702869117,1
0,0,0,0,3,1,0,1,0,0,0,0,1,0,0,0,2,76.9235333872181,242.02574666749567,1
0,0,0,0,1,1,0,1,0,0,2,0,0,0,0,0,0,75.46943094110814,75.46943094110814,1
0,0,0,0,22,1,0,1,0,2,0,0,0,1,0,1,2,83.9616049330817,1856.1387928744375,1
1,0,0,0,40,1,2,0,0,0,1,0,1,1,0,0,2,73.04304017448389,3001.5146714978932,1
1,0,1,0,54,0,1,0,0,0,2,1,2,2,0,0,0,55.337303840584795,2984.3249462326858,1
0,0,0,0,15,1,0,2,1,1,1,1,1,1,0,0,0,19.777286116254214,296.29041369859414,1
1,0,0,0,3,1,1,1,0,0,2,0,0,1,0,0,2,91.00462105404411,258.2576842085084,1
0,0,0,0,1,1,2,1,1,0,2,0,2,2,0,1,2,102.09572867278278,102.09572867278278,1
0,0,0,0,1,1,0,1,0,0,0,0,0,0,0,0,3,70.75526727422407,70.75526727422407,1
0,0,1,0,47,1,2,1,0,0,0,0,2,0,0,1,0,88.15790605024408,4115.471798020518,1
1,0,1,0,30,1,0,1,1,0,0,0,1,2,0,0,1,90.15474973679491,2654.8952663791765,1
0,0,0,0,4,1,2,1,0,0,0,0,0,0,0,0,2,74.74224731690434,336.09441614578435,1
0,0,1,0,51,1,2,0,1,0,2,1,2,2,1,1,0,103.41582488076381,5273.174730238422,1
0,0,0,0,24,1,2,1,0,0,1,0,2,2,0,1,2,101.0038142726199,2391.5661847551382,1
0,0,0,0,44,1,2,1,0,1,1,0,2,2,0,0,1,100.28232155956458,4408.512713536915,1
0,0,0,0,10,1,2,1,0,1,0,0,0,0,0,1,0,81.45522022555801,831.4962914611496,1
0,0,0,0,2,1,0,1,0,0,0,0,2,0,0,1,2,79.7707546577764,151.23996641052182,1
0,0,0,0,13,1,0,1,0,0,0,0,2,2,0,1,2,90.19133767354381,1129.1842881143016,1
1,0,0,0,40,0,0,0,0,0,0,0,2,0,0,0,2,67.11515916473485,2559.1584265114047,1
1,0,1,0,20,0,0,0,1,0,0,0,0,1,0,0,3,44.25965478986509,879.3802251198684,1
0,1,0,0,1,1,0,1,0,0,0,0,0,0,0,1,2,70.64659116200518,70.64659116200518,1
1,0,0,0,7,1,1,1,0,1,0,0,2,2,0,1,2,95.3818733656695,674.729857950334,1
0,0,0,0,9,1,2,1,0,0,2,0,0,2,0,0,1,93.70230746737631,918.5236739646896,1
0,0,0,0,8,1,0,0,0,2,0,0,0,0,0,0,2,71.99554590804789,610.7999827014944,1
0,0,0,1,4,1,0,0,0,0,0,0,0,0,0,0,2,47.459484128709036,222.86163022489086,1
1,0,0,0,8,1,2,1,0,0,0,0,0,2,0,0,1,86.19802748920382,651.8820208001708,1
0,0,0,0,9,1,0,0,0,0,0,0,0,0,0,0,0,44.67489288552721,409.8985229477962,1
0,0,0,0,6,1,1,1,0,0,0,0,0,0,0,0,2,79.52838514083761,484.3340354267967,1
0,1,0,0,5,1,1,1,0,1,0,0,0,0,0,0,2,80.73458028085224,372.52394297768166,1
0,0,0,0,8,1,1,1,0,0,0,0,0,2,0,1,2,87.6648141653898,785.4137331376561,1
1,0,0,0,2,1,0,0,0,0,0,0,0,0,0,0,2,44.78900487969918,90.97261219078966,1
0,0,1,0,48,1,2,1,2,1,0,0,1,2,0,0,1,102.17106009562713,5036.586454737806,1
1,0,0,0,2,1,1,0,0,2,0,0,0,0,0,1,3,54.183100839127874,111.7535454414743,1
0,0,0,0,6,1,2,1,0,1,1,0,2,2,0,1,1,103.92285410825725,544.168605630014,1
0,0,0,0,13,1,0,1,0,0,0,0,0,0,0,1,1,70.7133744107691,914.9273180828059,1
1,0,0,0,44,1,0,1,0,0,0,0,0,2,0,1,1,83.53538112767458,3608.1853970646193,1
1,0,0,1,3,1,0,0,0,0,0,0,1,0,0,1,1,53.29893509396088,169.04969574113167,1
0,0,0,0,3,1,2,1,0,0,0,0,0,0,0,1,1,74.96437309754747,215.4196738657568,1
1,0,0,0,17,1,2,1,0,0,2,0,0,2,0,1,1,93.85446795416361,1593.4489640800762,1
0,0,0,0,9,0,0,0,0,0,1,0,1,1,0,0,2,48.35356415495136,441.0315575093303,1
0,0,0,0,6,1,0,0,0,0,0,1,0,0,0,0,0,48.648849721345044,268.0855389802363,1
0,0,0,0,11,1,2,1,1,0,0,1,2,0,0,1,1,97.79963354213398,1211.2709309006973,1
0,1,0,0,22,0,0,0,0,0,0,0,0,1,0,0,0,46.101321040701905,1028.6038995445551,1
0,0,0,0,1,0,1,0,0,0,0,0,1,0,0,1,2,36.43187595895427,36.43187595895427,1
0,0,0,0,50,1,2,1,1,2,0,1,2,2,1,1,2,108.0438753801893,5550.787326698752,1
0,0,0,0,12,1,1,1,1,2,2,0,0,2,0,1,0,99.58262195926518,1238.4085724562112,1
0,0,1,0,14,1,1,1,0,0,0,0,0,2,0,0,1,95.25108967688101,1347.1387543202727,1
0,0,0,0,1,1,0,0,2,0,0,0,0,0,0,0,2,50.1387122096859,50.1387122096859,1
0,0,1,0,70,1,2,1,1,1,1,1,0,0,2,0,0,93.82568529132293,6581.390913323328,1
0,0,0,0,4,0,1,0,0,0,0,0,0,0,0,1,2,24.732042140515514,99.04554758748927,1
0,0,1,0,47,1,1,1,0,0,0,0,0,2,0,1,2,82.87313524644883,4033.9263764213065,1
0,0,0,0,1,1,0,1,0,0,0,0,0,0,0,1,2,69.20399151066339,69.20399151066339,1
1,0,0,0,69,1,2,1,0,2,2,2,2,2,2,0,1,110.70182816610267,7707.8805591314085,1
0,0,0,0,13,1,2,1,0,0,0,0,0,1,0,1,2,80.95522734853205,1120.0723287999854,1
0,1,0,0,1,1,0,1,0,0,0,0,0,0,0,1,2,69.96471760775492,69.96471760775492,1
1,0,0,0,17,1,1,1,0,0,1,0,2,2,0,0,1,99.27116319514458,1623.0215572387178,1
0,0,1,1,4,1,2,1,0,0,1,0,2,2,0,0,2,100.64864373692123,385.680656634903,1
1,0,0,0,35,1,2,1,0,0,0,1,2,2,0,0,0,99.40636832497442,3477.708671236909,1
0,0,0,0,68,1,2,1,0,2,0,0,2,1,1,0,0,99.85137204064142,6868.424559588636,1
0,0,1,0,60,1,2,1,1,2,1,0,1,2,1,1,0,105.3124303214387,6141.016911533924,1
1,0,1,0,19,1,0,1,0,1,0,0,0,0,0,1,2,78.16294113029255,1464.515411754316,1
0,0,1,0,68,1,2,1,0,0,2,0,2,2,0,1,1,100.69740693554336,7002.5003069399845,1
0,1,0,0,14,1,2,1,0,0,0,0,0,0,0,1,2,74.97437080903914,1097.0621454904558,1
0,0,0,0,28,0,1,0,0,0,0,0,0,0,0,0,1,25.058895956870323,710.4131174430262,1
0,0,0,0,1,1,0,1,0,0,0,0,0,0,0,0,2,69.57331548780701,69.57331548780701,1
1,0,0,0,9,0,1,0,0,0,0,0,0,0,0,0,0,24.028085259055704,258.6947839812771,1
0,0,1,0,27,1,2,1,0,1,0,0,0,0,0,1,0,85.34686960488688,2264.7846086921,1
0,0,0,0,1,1,0,0,0,0,0,0,0,2,0,1,2,55.9553064891939,55.9553064891939,1
0,0,0,0,1,1,0,2,1,1,1,1,1,1,0,1,2,19.585266104281935,19.585266104281935,1
0,0,0,0,1,1,0,0,0,0,0,0,0,2,0,1,2,55.08138909699904,55.08138909699904,1
0,0,0,0,37,1,0,0,0,0,0,0,1,1,0,1,1,64.04007971253212,2343.498870254558,1
0,0,0,0,37,1,0,1,1,1,2,0,0,0,0,1,1,86.38978580140338,3234.8080980366412,1
0,0,0,0,62,1,2,0,2,2,2,0,2,2,2,0,0,104.96719875093306,6455.362227760273,1
1,0,0,0,27,1,0,1,0,2,0,0,1,1,0,1,2,87.90372882646898,2442.517949114039,1
1,0,0,0,7,1,1,1,0,0,1,0,1,0,0,0,1,88.89174440292838,631.8851276067442,1
0,0,0,0,7,1,2,1,1,0,0,0,0,0,0,1,3,80.01943423992394,604.5568858349844,1
0,0,0,0,5,1,0,0,0,0,0,1,0,0,0,0,2,48.074617623846706,218.58807356422994,1
0,0,0,0,1,1,0,1,1,0,0,0,2,2,0,1,2,95.56294728871256,95.56294728871256,1
0,0,0,0,2,1,2,1,0,0,1,0,0,0,0,0,1,77.17953841109727,148.6488745716804,1
0,0,1,0,17,1,2,1,0,0,2,0,1,0,0,0,1,87.681062181061,1461.1993192734585,1
0,1,0,0,2,1,0,1,0,0,0,0,0,1,0,1,2,79.51330555344887,199.38472232755635,1
0,0,1,0,1,1,0,2,1,1,1,1,1,1,0,1,2,20.85042264691456,20.85042264691456,1
0,0,0,0,1,1,0,1,0,0,0,0,2,2,0,0,2,90.68228221451602,90.68228221451602,1
0,0,0,0,24,1,2,1,0,0,2,1,1,2,0,0,2,98.99169609598373,2469.345268941305,1
0,0,0,0,4,1,2,1,0,1,0,0,0,1,0,1,2,89.00502783147618,353.21899806685724,1
0,0,0,0,40,1,0,1,2,0,0,0,0,0,0,1,1,77.56757520929008,3230.872186244002,1
0,0,1,0,34,1,0,1,0,0,1,0,1,2,0,1,1,90.61484050935584,3127.573399508516,1
0,0,1,0,29,1,1,1,0,0,0,0,0,2,0,1,2,85.50504553127111,2622.7829629805933,1
0,0,0,0,1,1,0,0,2,0,0,0,0,0,0,1,1,48.95109548945543,48.95109548945543,1
0,0,0,0,6,1,0,1,0,0,0,0,2,2,0,0,2,89.39284770394784,575.6037743651214,1
0,0,1,0,30,0,0,0,0,0,0,1,1,1,0,0,0,50.978190201791044,1552.0730835761194,1
0,0,0,0,47,1,2,1,0,2,2,0,2,2,0,1,1,106.7432705152784,5125.667251073399,1
0,0,0,0,16,1,0,0,0,0,0,1,0,0,0,0,2,53.815313040928224,898.2138103935489,1
0,0,0,0,1,1,0,1,0,0,0,0,0,0,0,1,2,70.55041818409384,70.55041818409384,1
0,0,0,0,1,1,0,1,0,0,1,0,2,2,0,0,2,94.31293304016779,94.31293304016779,1
0,0,0,0,7,1,2,1,0,0,0,0,1,0,0,1,2,81.45067445515858,544.9877688727192,1
0,0,0,0,2,0,1,0,0,0,0,0,0,0,0,0,1,27.50215162521785,76.70942285841355,1
0,0,0,0,37,1,0,1,0,0,0,0,0,0,1,1,0,70.55440979688301,2597.607173192152,1
1,1,0,0,56,0,1,0,0,0,0,0,2,2,0,1,2,45.690673037543164,2568.6391068656217,1
0,0,0,0,9,1,1,0,1,0,0,0,0,0,0,0,2,52.16450051954854,491.698579083555,1
0,0,1,0,8,1,0,2,1,1,1,1,1,1,0,0,1,19.930632334802574,150.08028441632243,1
0,0,0,0,1,0,0,0,0,1,1,0,0,1,0,1,2,43.35317066062102,43.35317066062102,1
0,0,0,0,41,1,0,1,1,0,1,1,1,0,0,0,1,90.79858125798809,3689.452793970699,1
0,1,1,0,25,1,0,1,0,1,0,0,0,2,0,0,2,86.65677429030141,2172.9554053744682,1
1,0,1,1,6,1,0,0,0,1,2,0,0,0,0,0,2,53.86093584924253,327.73864036547263,1
0,0,0,0,2,1,1,1,0,0,0,0,0,0,0,0,1,76.58024998155726,165.9772710901146,1
0,0,0,0,1,1,0,1,0,0,0,0,2,0,0,0,2,78.77270186476206,78.77270186476206,1
0,1,0,0,26,1,2,1,1,1,0,0,2,2,0,1,2,98.77536735447862,2657.04295283495,1
0,0,1,0,1,1,0,1,0,0,0,0,0,0,0,1,2,68.56314603318708,68.56314603318708,1
1,0,0,0,1,1,0,1,0,0,0,0,2,2,0,0,2,88.61307402129624,88.61307402129624,1
1,0,0,0,1,1,0,1,0,0,0,0,2,2,0,1,2,90.30330796028377,90.30330796028377,1
1,0,1,0,19,1,1,1,0,0,0,0,0,1,0,1,2,79.89978387374671,1468.0697213152082,1
0,0,0,0,16,0,0,0,0,1,0,1,0,0,0,1,2,51.861427927391176,835.1607919860019,1
0,0,0,0,16,1,0,1,0,0,0,0,0,0,0,1,1,71.03336855947153,1145.0751768397058,1
0,1,0,0,47,1,2,1,0,1,0,1,1,0,0,1,1,94.58971997232118,4505.788372455422,1
0,0,1,0,6,0,0,0,0,0,0,2,0,0,0,1,2,45.48717474732284,272.91268760308003,1
0,0,0,0,3,1,0,1,0,0,0,0,0,0,0,0,0,69.55917715112997,222.09810267514072,1
0,1,0,0,12,1,0,1,0,0,1,0,0,0,0,1,2,75.78390077484188,942.7266540865354,1
1,0,0,0,14,0,0,0,0,0,0,1,2,0,0,1,2,51.682679415704584,730.0357880517538,1
0,0,1,0,49,1,0,1,1,0,0,0,2,0,0,0,2,88.25040715566551,4353.993649212919,1
0,0,0,0,2,1,0,1,0,0,0,0,0,0,0,1,2,70.66119477337901,141.18390701745602,1
1,0,0,0,69,1,2,1,0,2,2,0,2,2,2,0,0,110.29617110397821,7735.746126820958,1
0,0,1,0,11,1,2,1,0,2,2,0,2,0,0,1,1,99.57043470268644,1063.3798150445593,1
1,0,0,0,42,0,1,0,0,1,0,0,0,0,0,0,0,34.125855706288036,1373.5358017636488,1
0,1,0,0,25,1,2,1,0,1,0,0,0,2,0,1,2,89.39195120692453,2182.7633956768273,1
0,0,0,1,2,1,0,2,1,1,1,1,1,1,0,0,2,19.670900722010476,35.8641801444021,1
0,0,1,1,17,1,2,1,0,0,0,0,0,1,0,0,2,86.20863955528583,1454.0520314197631,1
0,0,0,0,68,1,2,1,0,2,2,0,2,2,0,0,1,105.35566655464552,7443.896525419211,1
0,1,0,0,52,1,2,0,1,2,0,1,2,1,0,0,0,84.20743012605672,4355.513512441871,1
1,0,1,0,21,1,2,1,0,1,1,0,1,2,0,0,2,100.69296536031001,2162.65926224586,1
0,0,0,0,13,1,2,1,0,1,1,1,0,0,0,0,2,88.48662129259532,1133.8221515636992,1
0,1,0,0,4,1,2,1,0,0,2,0,1,0,0,1,1,85.24888716132679,345.2440856035468,1
0,1,0,0,1,1,0,1,0,0,0,0,0,0,0,1,2,69.27764844583494,69.27764844583494,1
0,0,1,0,55,1,2,1,1,1,0,0,2,2,0,0,0,103.61700489809537,5754.846072941569,1
0,0,0,0,22,1,0,0,0,2,0,0,0,1,0,0,3,82.42079619184676,1857.181551103645,1
0,0,0,0,44,1,2,1,0,1,1,0,0,0,0,1,0,84.23810681351962,3858.3011638501757,1
0,0,0,0,6,1,0,1,0,0,2,0,1,2,0,0,2,95.60903007024658,573.0192491611034,1
1,0,0,0,1,1,0,1,0,0,0,0,2,0,0,1,2,79.77774055600362,79.77774055600362,1
0,0,0,0,5,1,1,1,0,1,0,0,0,2,0,0,2,88.74880258485362,501.70024628025607,1
0,0,1,1,70,1,2,1,0,2,2,0,2,2,0,1,2,103.76273092275243,7421.618674571577,1
0,0,1,0,10,1,0,0,0,0,0,0,0,0,0,1,2,69.4951537296384,738.7297722285924,1
0,0,0,0,1,1,0,1,0,0,0,0,0,0,0,0,3,70.86359730197093,70.86359730197093,1
0,0,0,0,3,1,0,1,1,0,2,0,2,2,0,1,0,99.7844847477243,290.7686697990514,1
0,0,1,0,17,1,2,1,2,0,2,0,0,0,0,0,0,86.63070062576453,1460.9942235423484,1
0,1,0,0,43,1,0,1,0,0,0,0,1,1,0,0,2,88.98943001094268,3854.867216015014,1
1,0,0,0,1,1,0,2,1,1,1,1,1,1,0,0,3,19.363637428153336,19.363637428153336,1
0,0,0,0,47,1,0,1,0,0,1,0,0,2,0,0,2,85.36490236003506,4044.562885469413,1
0,1,0,0,1,1,0,1,0,0,0,0,0,0,0,1,2,70.87871966196847,70.87871966196847,1
0,0,0,0,13,1,0,1,0,0,0,0,2,2,0,1,2,90.79281824237255,1127.4198460513694,1
1,0,1,0,59,1,0,1,0,2,2,0,1,0,0,0,1,92.26304387675697,5445.353789266849,1
1,0,0,0,42,1,2,1,0,0,1,0,1,2,0,1,2,97.37203661890975,4180.543320551718,1
0,1,1,0,11,1,2,1,0,0,2,1,2,2,0,1,0,102.2288646966737,1132.6584930015224,1
0,0,0,0,11,1,2,1,0,1,0,0,2,0,0,1,1,93.03335942636109,1097.3845217934863,1
0,1,0,0,4,1,2,1,0,0,2,0,0,0,0,1,0,83.04368881341702,344.7105698742138,1
0,0,0,0,39,1,0,1,1,0,1,1,2,0,0,1,1,95.83684342076216,3695.459349827578,1
0,0,0,0,44,1,2,1,0,1,2,0,2,1,1,1,1,102.20267262596225,4757.874424663988,1
0,0,0,0,38,1,0,1,1,2,1,0,0,0,0,1,1,84.47395680576612,3241.3484168778427,1
0,0,0,0,50,1,2,0,0,1,0,0,0,0,0,1,1,60.810008456175204,3095.92575597933,1
1,0,0,0,5,1,0,1,0,0,0,0,1,0,0,1,2,80.66186946288916,415.6162887102384,1
1,0,0,0,26,1,2,1,0,0,0,0,0,1,0,1,1,82.80600554825207,2257.5266154452142,1
0,1,0,0,19,1,0,1,0,0,2,0,1,2,0,1,1,95.23697501517017,1779.5575624620747,1
0,1,0,0,1,0,1,0,0,0,0,0,0,0,0,0,2,25.13646924528067,25.13646924528067,1
0,0,0,0,5,1,2,1,0,0,0,0,1,0,0,1,1,83.19205127527108,446.2898480145091,1
0,0,0,0,44,1,2,1,0,2,1,0,0,0,0,0,0,85.73447521739017,3875.619674220999,1
0,0,0,0,11,1,0,2,1,1,1,1,1,1,0,0,2,19.139757076079025,233.94233010513753,1
0,0,0,0,4,0,1,1,1,1,0,0,0,0,0,1,0,26.83631026234033,135.34432054808644,1
0,0,0,0,1,1,0,0,1,0,1,0,0,0,0,1,2,55.70264132671259,55.70264132671259,1
0,1,0,0,27,1,2,1,1,0,0,2,2,2,0,0,0,101.79895500808749,2865.536685847865,1
0,0,0,0,54,1,0,1,2,1,0,1,2,2,1,1,0,105.34347998504137,5643.230439955124,1
0,0,1,0,11,1,2,1,0,1,2,0,0,0,0,1,2,86.26570882608002,916.0338032173947,1
0,0,0,0,1,1,0,1,0,0,0,0,0,0,0,1,3,70.08539453084919,70.08539453084919,1
1,0,0,0,45,1,2,1,0,1,0,0,2,1,0,1,0,100.13033026805154,4741.117784902814,1
0,0,0,0,5,1,0,1,0,0,0,0,0,1,0,1,2,80.54262678366993,412.8412395237512,1
1,0,0,0,2,0,0,0,1,0,2,0,2,0,0,0,0,60.82126589509603,93.18377940288066,1
0,0,0,0,8,0,0,0,0,0,0,0,0,0,0,1,2,44.1546570016892,439.16260110318336,1
0,0,0,0,22,1,0,0,0,2,0,0,0,1,0,0,3,84.26157673498778,1855.681314960985,1
1,1,0,0,1,1,2,1,0,0,0,0,0,0,0,1,2,74.25160331450536,74.25160331450536,1
0,0,0,0,8,0,0,0,1,0,0,0,0,0,0,0,1,28.797879853593187,226.93865525457102,1
0,0,0,0,35,1,2,1,1,1,2,0,1,1,0,1,2,103.4502772292182,3587.5363600465253,1
0,0,0,0,39,1,1,0,0,0,0,0,1,0,0,0,1,80.70508830652153,3166.6630454278925,1
1,0,0,0,19,1,0,1,0,0,0,0,2,2,0,1,1,90.583358709614,1776.640795483856,1
0,0,0,0,4,1,0,1,0,0,1,0,0,0,0,1,0,74.80949179368217,321.8857623094767,1
0,0,1,0,47,0,1,0,0,2,1,0,0,0,0,0,2,34.705093984646865,1604.5364330641048,1
0,0,0,0,11,1,2,1,0,0,1,0,2,2,0,1,0,100.75428261143794,1158.1101862233788,1
0,0,0,0,1,1,0,0,0,0,0,0,2,0,0,1,3,53.512590804397554,53.512590804397554,1
0,0,0,0,38,1,0,1,0,1,2,2,0,0,0,1,1,84.36600096818391,3271.9530622058164,1
0,0,0,0,4,1,0,0,0,0,0,0,0,0,0,1,2,46.48272087857542,192.2938140932665,1
0,0,0,0,4,1,2,1,0,0,1,1,0,0,0,1,2,87.09656103123312,341.4439521583755,1
1,0,0,0,1,0,0,0,0,0,0,0,1,1,0,1,3,45.23962587868578,45.23962587868578,1
0,0,0,0,22,1,0,1,0,2,1,0,1,0,0,1,1,89.01464960348987,2002.0588589520069,1
0,0,1,0,66,1,2,1,1,0,2,1,2,2,1,1,1,107.2080318075203,7146.763154662024,1
0,0,1,0,10,1,2,1,0,0,0,0,2,2,0,1,1,95.05365342561447,1077.5926892682191,1
0,1,0,0,16,1,0,0,0,0,0,0,0,0,0,1,0,71.57125593054704,1167.9468895740115,1
0,0,0,0,5,1,0,1,1,0,2,0,0,1,0,1,2,90.19753657770936,453.6273811006448,1
0,0,0,0,2,1,0,1,0,0,0,0,1,0,0,0,2,79.96626174892477,163.40787816792994,1
1,0,0,0,28,1,0,1,0,1,0,0,1,1,0,1,2,88.52507175082621,2448.40294455298,1
0,0,0,0,1,1,2,0,0,0,0,0,0,1,0,0,2,60.13436110053948,60.13436110053948,1
0,0,0,0,1,1,0,0,0,0,0,1,0,0,0,0,2,50.713585501373174,50.713585501373174,1
0,0,0,0,3,1,2,1,0,0,0,0,0,0,0,0,0,74.6552199983397,216.9136872654823,1
1,0,0,0,1,1,0,0,1,0,0,1,0,0,0,1,2,53.96510051837569,53.96510051837569,1
0,0,1,0,1,1,0,1,0,0,0,0,2,0,0,1,2,80.43217669321821,80.43217669321821,1
0,0,1,0,65,1,2,1,0,2,2,0,2,2,0,0,2,104.97324031880962,7006.4193817155065,1
0,0,0,0,1,1,2,0,0,0,0,0,1,0,0,1,2,59.92130921264971,59.92130921264971,1
1,0,0,0,36,1,2,1,0,0,0,0,0,2,0,1,2,84.89415929749686,3066.5361068154753,1
1,0,0,0,10,1,0,1,0,0,0,0,0,1,0,1,2,78.31343786002626,793.2568153300952,1
0,0,0,0,39,1,0,1,1,0,1,1,2,0,0,1,1,96.13973438994373,3698.214680579488,1
0,0,0,0,12,0,0,0,0,0,0,0,0,1,0,0,1,28.391062817797653,328.7739790741747,1
0,0,0,0,13,1,0,1,0,1,1,0,0,0,0,1,1,77.61707110929821,1109.998301811704,1
0,0,0,0,11,1,0,1,1,0,2,0,0,0,0,0,0,82.09314358408174,859.5421889342649,1
0,0,0,0,1,1,0,1,0,0,0,0,2,0,0,0,2,78.65542777729561,78.65542777729561,1
0,0,0,0,30,1,2,0,1,1,0,1,0,0,0,1,2,72.50861014916373,2081.1442493949703,1
0,0,1,1,38,1,2,1,0,1,1,0,2,0,0,1,1,94.64906791570658,3624.450531613388,1
0,0,0,0,3,1,0,1,0,0,0,0,0,0,0,1,1,71.38255075654487,234.0403810024114,1
1,0,0,0,22,1,1,1,2,0,0,0,2,2,0,1,0,100.68655929182329,2323.380572037406,1
0,0,0,0,10,1,2,1,0,1,0,0,0,0,0,1,1,82.34597379984854,816.8210674001383,1
0,0,0,0,5,0,0,1,0,0,0,0,0,0,0,0,1,21.83507540562812,105.07238689155781,1
0,0,0,0,1,1,2,1,0,0,1,0,2,2,0,1,1,100.67411849563408,100.67411849563408,1
0,0,1,1,1,1,0,2,1,1,1,1,1,1,0,1,2,20.79842593844388,20.79842593844388,1
0,0,1,1,24,0,0,0,1,2,1,0,2,2,0,1,0,59.38281513055793,1502.3304103366072,1
0,0,0,0,4,1,0,0,0,0,1,0,0,0,0,0,2,50.785791951904905,237.09764996803324,1
1,0,0,0,1,1,0,1,0,0,0,0,2,0,0,1,2,80.20809472189451,80.20809472189451,1
0,0,0,0,1,1,0,1,0,0,0,0,0,1,0,1,2,81.38339352026698,81.38339352026698,1
0,0,0,0,3,0,0,1,0,0,0,0,0,0,0,0,0,21.870616158778894,83.85982178608357,1
0,0,0,0,69,1,2,1,2,0,0,2,2,2,2,1,1,104.0207522298803,7249.7395427374195,1
0,0,1,0,10,1,2,1,1,0,0,0,2,1,0,1,2,100.20940350191606,1064.5659746900124,1
0,0,1,0,51,1,0,1,1,0,0,0,2,0,0,0,2,85.48443972765558,4355.204183014471,1
0,0,0,0,2,1,1,1,0,1,0,0,0,0,0,1,2,81.53059374322594,186.68409377935427,1
0,0,0,0,70,1,2,1,2,2,2,2,2,2,1,0,1,115.57848998387163,8082.372150603787,1
0,1,0,0,2,0,1,0,0,0,1,0,0,0,0,0,2,28.325106917101287,78.28384239713553,1
0,0,0,0,16,1,0,1,0,0,0,0,0,0,0,0,0,70.52003299322503,1212.9963770594693,1
1,0,0,0,13,0,1,0,0,0,1,0,2,2,0,1,2,52.432628067444845,710.0668903789393,1
0,0,1,0,50,1,2,1,0,2,0,0,1,1,0,1,0,94.62709370947678,4860.5632269695925,1
1,0,0,0,1,1,0,0,0,0,0,0,0,0,0,1,2,45.632246838611636,45.632246838611636,1
0,0,0,0,16,1,0,1,0,0,1,1,2,1,0,1,2,95.3240697124785,1553.931343869079,1
0,0,1,0,29,1,2,1,0,0,0,0,2,2,0,1,0,94.64765713675519,2866.5258004173443,1
0,0,0,0,8,1,0,2,1,1,1,1,1,1,0,0,2,19.583057187105286,166.9777125157885,1
0,0,0,1,14,1,1,1,0,2,0,0,0,2,0,1,0,88.40179723107781,1264.2712078424258,1
0,0,1,0,24,1,0,1,0,2,2,0,2,2,0,1,2,100.40106354421245,2523.1397928554043,1
0,0,1,0,32,1,2,1,0,0,0,0,1,1,0,1,1,88.73473339340126,2866.964869129984,1
0,0,0,0,15,1,0,0,0,0,0,0,0,0,0,0,0,67.47157946194434,994.7121597391922,1
0,1,0,0,17,1,0,0,0,1,0,0,0,0,0,1,1,70.80383968916138,1177.1763759675378,1
0,0,0,0,8,1,2,1,0,1,1,0,2,2,0,1,2,103.93793431313378,829.479707044091,1
0,0,0,0,4,1,0,1,0,0,0,1,2,2,0,1,1,97.44702079074116,449.5591704480218,1
1,0,0,0,7,1,1,1,1,2,0,0,0,2,0,1,1,94.51968595226275,671.4571386761717,1
0,0,0,0,7,1,0,0,2,0,0,0,0,0,0,0,1,50.93510386224991,365.5141287979422,1
0,0,0,0,10,1,0,1,0,2,2,1,1,0,0,1,2,93.19292300790917,939.8055575332096,1
1,0,0,0,37,1,0,0,2,0,1,1,2,1,0,0,1,84.93861611031016,3184.656894969001,1
0,0,0,0,1,1,2,1,0,0,0,0,0,2,0,1,2,85.83207531965637,85.83207531965637,1
1,0,1,0,58,1,2,1,1,2,2,0,2,2,0,1,2,108.3133113632415,6286.306729062667,1
0,0,1,1,34,1,1,0,1,0,1,1,2,0,0,0,2,73.27685699289039,2567.8286541785483,1
1,0,0,0,22,1,1,1,2,0,0,0,2,2,0,1,0,101.32128269800474,2317.371857125555,1
0,0,0,0,1,1,0,1,0,0,1,0,2,0,0,1,2,85.58253844816252,85.58253844816252,1
0,0,1,0,1,1,0,1,0,0,0,0,2,1,0,1,2,90.69145461377289,90.69145461377289,1
1,0,1,0,57,1,2,1,0,0,2,0,2,1,0,0,2,99.14325191266728,5745.173828601271,1
1,0,0,0,1,1,0,2,1,1,1,1,1,1,0,1,3,19.697107015006814,19.697107015006814,1
0,0,0,0,50,1,0,1,1,0,0,0,2,0,0,0,1,88.17195419587406,4343.680835557577,1
0,0,0,0,5,0,0,0,0,1,0,0,0,0,0,0,2,28.094373337052303,130.85460073464412,1
0,0,0,0,14,1,0,1,0,0,0,0,0,0,0,0,0,74.4991693156024,1001.2505024039556,1
0,0,0,0,1,1,0,2,1,1,1,1,1,1,0,0,3,19.674424781632993,19.674424781632993,1
0,0,0,0,4,1,0,1,0,1,2,1,2,1,0,1,2,100.3651833214369,447.4366073590384,1
0,0,0,0,1,1,0,1,0,0,0,0,0,0,0,1,2,69.59221462570652,69.59221462570652,1
0,1,0,0,28,1,2,1,0,0,0,2,2,2,0,0,1,101.06476913421658,2864.88696383559,1
0,1,0,0,25,1,0,1,1,0,0,0,0,0,0,1,0,79.43829162218748,1924.1560151688877,1
0,1,0,0,55,1,2,1,0,2,1,0,2,2,0,1,0,104.52572640980698,5513.699333901747,1
0,0,0,0,63,1,2,1,2,0,2,1,2,1,1,1,1,107.99460045699689,6880.301453796374,1
1,0,1,0,43,0,1,0,0,0,0,0,2,0,0,1,2,75.41921455782979,3176.4837936353438,1
0,0,0,0,4,1,2,1,1,0,0,0,1,2,0,1,2,97.43495956865023,352.8141538157605,1
0,0,0,0,48,1,2,0,1,2,0,0,0,0,0,0,1,61.07832794303042,2933.4265788867747,1
0,0,0,0,6,1,0,1,0,0,0,0,2,0,0,1,2,79.18570102743199,522.9674590709552,1
0,0,0,0,1,1,0,1,0,0,2,0,0,0,0,0,0,75.68100162973788,75.68100162973788,1
0,0,0,0,1,0,1,0,0,0,0,0,0,0,0,0,3,25.24228268904862,25.24228268904862,1
0,1,0,0,1,1,0,1,0,0,0,0,0,0,0,1,2,70.78589182667592,70.78589182667592,1
0,0,0,0,1,1,0,1,0,0,0,0,0,2,0,1,2,79.61190269943603,79.61190269943603,1
0,0,0,0,3,1,2,1,0,0,0,0,0,0,0,1,0,75.58859184401388,255.72311667433425,1
0,1,1,0,1,0,1,0,0,0,0,0,0,0,0,0,2,24.96476135253306,24.96476135253306,1
0,0,0,0,12,1,0,1,0,1,1,0,0,0,0,1,2,83.7922816148384,973.4077536337054,1
0,1,0,0,21,0,1,0,0,0,0,0,0,1,0,1,2,58.68183250794398,1174.1581955639024,1
1,0,0,0,10,1,0,1,1,0,0,0,0,0,0,1,2,74.67893294450829,791.5677494965012,1
0,0,0,0,11,1,1,0,0,0,0,1,2,1,0,0,2,75.12176203799362,871.8338876224452,1
0,0,1,0,16,1,1,1,0,0,0,0,2,0,0,0,2,83.87344695165977,1384.1841704615827,1
1,0,0,0,20,1,1,1,0,0,1,0,2,2,0,1,2,95.81373830774598,1836.3962880814788,1
0,0,0,0,3,1,0,1,1,1,0,0,0,0,0,1,2,79.33683162517647,247.2006268911471,1
0,0,0,0,3,1,0,1,0,0,0,0,0,1,0,1,2,80.28757054956621,250.03964212463853,1
1,1,0,0,25,1,2,1,0,1,1,0,1,2,0,0,2,105.32996298994804,2655.425652131177,1
0,0,0,0,1,1,0,1,0,0,2,0,0,0,0,1,0,75.25894634631636,75.25894634631636,1
0,0,0,0,17,1,2,1,1,0,2,0,1,0,0,0,1,93.00373297431504,1603.4451738093067,1
1,0,0,0,2,1,0,0,0,0,0,0,0,0,0,0,2,44.97794824987694,85.13269870245713,1
0,0,0,0,1,1,0,0,0,0,0,0,0,0,0,0,2,45.567495241236784,45.567495241236784,1
0,0,0,0,38,1,0,1,0,0,2,1,0,0,1,1,2,82.55604655811504,3203.991793110858,1
0,0,0,0,2,1,0,1,0,0,0,0,0,0,0,0,2,71.05564619101018,151.65935911028976,1
0,0,0,0,7,1,1,1,0,0,0,0,0,0,0,1,3,76.37814639546195,527.4976651399061,1
1,0,1,0,4,1,2,1,0,0,0,0,0,0,0,0,2,74.92989503867464,308.21077927441615,1
0,0,0,0,3,1,0,1,0,0,0,0,1,0,0,1,2,80.27918135404745,223.9649338105028,1
0,0,0,0,3,1,2,1,0,0,0,0,0,0,0,1,1,75.81206607945339,231.37903998672525,1
1,0,0,0,10,1,1,1,0,0,0,0,1,0,0,0,2,84.02963003626958,814.0932967549442,1
0,0,0,0,2,1,1,1,0,0,2,0,0,2,0,1,2,88.40421829386965,179.21588087728864,1
0,0,0,0,4,1,0,1,0,0,0,0,0,0,0,1,2,70.18828295351689,324.3574550645586,1
0,0,0,0,46,1,2,1,0,1,0,0,1,0,0,1,1,86.50441745427833,4021.9013284619245,1
0,0,1,0,13,0,0,0,0,0,0,0,1,1,0,0,2,47.67480068067064,667.3696877659454,1
0,0,1,0,16,1,0,1,0,0,0,0,0,1,0,0,0,82.09022068434008,1324.8155034877595,1
0,0,0,0,3,1,0,0,0,0,0,0,0,2,0,0,2,55.070634222962326,195.95503908951798,1
0,0,0,0,15,1,0,2,1,1,1,1,1,1,0,0,1,19.718535673371452,288.6363840138095,1
0,0,1,0,1,1,0,1,0,0,0,0,2,0,0,1,2,80.18428108372682,80.18428108372682,1
0,0,1,0,48,1,1,1,0,0,0,0,2,0,0,1,0,86.44985556840055,4118.038290597492,1
0,0,0,0,47,1,1,1,0,0,0,0,0,0,0,0,1,78.60844366306509,3680.7369953463194,1
0,0,0,0,10,1,2,1,0,0,0,1,2,0,0,0,2,91.40920606837038,985.7850492157843,1
0,0,0,0,1,1,0,1,0,0,0,0,0,0,0,1,3,69.95538464041755,69.95538464041755,1
0,0,0,0,13,1,0,1,0,1,1,0,0,0,0,1,1,78.20292240509536,1110.5908870304413,1
0,0,0,0,1,1,1,1,0,0,0,0,0,0,0,1,3,74.42259724547912,74.42259724547912,1
0,0,0,0,34,1,0,0,1,2,0,1,2,2,1,0,1,90.47999226265809,3062.0799757947616,1
1,0,0,0,1,1,0,1,0,0,0,0,0,2,0,0,2,80.33297891100241,80.33297891100241,1
0,0,0,0,29,1,0,0,0,0,0,0,0,0,0,1,1,70.36675707469746,1973.9326607479995,1
0,0,0,0,22,1,0,1,0,1,0,0,0,2,0,1,2,84.56100313443291,1861.5388832206427,1
0,0,0,0,18,0,0,0,0,0,0,0,1,1,0,0,1,46.840899435140564,895.6307144472521,1
0,0,0,0,5,1,0,1,0,0,1,0,2,0,0,1,2,83.86184953311671,415.55,1
1,0,0,0,31,1,2,1,0,0,0,0,2,1,0,0,1,95.84525440117305,3019.282419744556,1
0,0,0,0,24,1,0,0,1,2,1,1,1,0,0,0,3,76.86463061016765,1861.7098260527134,1
1,0,0,0,1,1,0,2,1,1,1,1,1,1,0,0,3,20.1,20.1,1
0,0,0,0,6,1,0,0,2,1,0,0,0,0,0,0,2,54.16356293213268,381.422563601832,1
0,0,1,0,44,1,1,0,0,1,0,0,0,2,1,0,2,87.25506338738404,3912.925025936888,1
1,0,0,0,6,1,0,1,0,0,2,0,2,2,0,0,2,94.76313367458168,575.092138202569,1
0,1,0,0,26,1,2,1,0,1,0,0,1,0,0,1,2,88.40519219713754,2279.4833730532,1
0,0,0,0,16,1,1,1,0,2,2,0,0,2,0,1,1,95.24738738339894,1558.301940720687,1
0,0,1,0,46,1,2,1,0,0,0,0,2,0,0,1,0,90.19070297623061,4115.104932303107,1
0,0,0,1,11,1,0,2,1,1,1,1,1,1,0,0,1,19.951124814043954,223.00116115333068,1
1,0,1,0,54,1,1,1,0,2,2,0,2,1,0,0,2,101.85146348624959,5480.526897512295,1
0,0,0,0,28,1,2,1,1,1,0,0,0,0,0,0,1,84.76853681713003,2467.153778943152,1
0,0,0,0,4,1,0,0,0,0,0,0,0,0,0,0,2,48.425270068266066,198.96083267958204,1
1,0,0,0,35,1,2,1,0,0,1,0,2,2,0,0,1,100.61370927067581,3490.0247951409706,1
0,0,0,0,2,1,0,1,0,0,0,0,0,0,0,0,0,70.16476205374033,142.86912220326283,1
1,1,0,0,15,1,0,1,0,0,0,0,0,0,0,1,0,73.29108283232559,1165.5045172186567,1
0,0,0,0,1,1,0,1,0,0,0,0,0,2,0,0,2,79.87257030236945,79.87257030236945,1
1,0,1,0,55,1,2,1,0,0,2,1,2,2,0,0,2,102.66148175016771,5744.349832837882,1
0,0,1,0,65,1,2,1,1,0,2,0,2,2,1,1,1,105.77802981821442,6983.476312330324,1
0,0,0,0,5,1,2,1,0,0,0,0,1,0,0,1,1,82.04779728699903,444.8901657725938,1
0,0,0,0,1,1,0,0,0,2,0,0,0,0,0,0,2,50.644000378617754,50.644000378617754,1
1,0,0,0,1,0,0,0,0,1,0,1,0,1,0,1,3,44.75945616714431,44.75945616714431,1
0,0,0,0,13,1,2,1,0,0,0,0,0,1,0,1,2,82.23400355506153,1113.5657550328776,1
1,0,0,0,7,1,0,1,0,1,0,1,1,0,0,1,2,89.37566092453937,608.2857979732684,1
1,0,0,0,18,1,0,2,1,1,1,1,1,1,0,1,2,19.537875217164085,359.7473517634427,1
0,0,0,0,34,0,1,0,0,2,0,0,1,0,0,1,2,51.51256920150639,1649.5206301610935,1
1,0,0,0,2,1,0,0,0,0,0,0,0,0,0,0,3,45.109856909933185,84.41288202641923,1
0,0,0,0,1,1,1,0,0,0,1,0,0,0,0,0,1,54.38703617254829,54.38703617254829,1
1,0,0,0,7,0,1,0,1,0,0,1,0,0,0,1,1,34.58372145498367,286.30353258237386,1
0,0,0,0,62,1,2,1,0,1,2,0,2,2,1,1,2,102.09964687312683,6397.240472151183,1
0,0,0,0,1,1,2,1,0,0,0,0,0,0,0,1,3,74.88500364577946,74.88500364577946,1
0,0,0,1,9,1,1,0,0,0,2,0,0,0,0,1,1,76.60415485933186,657.0567326146386,1
1,0,0,0,5,1,1,1,0,0,1,0,2,0,0,1,2,92.1339335709136,451.7182763947228,1
0,0,0,0,37,1,2,1,1,0,2,1,0,2,0,1,2,99.62360635726166,3752.247869963626,1
1,0,1,0,17,1,2,1,1,1,1,0,0,0,0,0,1,89.29742947746114,1455.748445505565,1
0,0,0,0,3,1,0,1,0,0,0,0,1,0,0,1,2,79.30583735098327,245.23066966893657,1
1,0,0,0,2,1,1,1,0,0,0,0,2,2,0,0,2,94.43887842990429,180.03688173931005,1
1,0,0,0,32,1,2,1,0,1,2,0,0,0,0,1,1,84.70542178035028,2713.429940007984,1
0,0,0,0,42,0,0,0,0,1,1,0,2,2,0,0,1,55.64704959512148,2342.2316466071047,1
0,0,0,0,8,1,0,1,0,0,2,0,2,2,0,1,2,94.41275020871379,739.1565248693029,1
0,0,1,0,12,1,2,1,0,2,0,0,2,1,0,0,2,98.65686234597327,1217.454171575258,1
0,0,0,0,5,1,1,1,0,0,0,0,2,0,0,1,2,86.0392160240402,475.36598289993407,1
1,0,0,0,1,1,0,0,0,0,0,0,0,0,0,0,2,45.529773358167034,45.529773358167034,1
0,0,0,1,1,1,0,1,0,0,0,0,0,2,0,0,2,78.89544062075576,78.89544062075576,1
0,0,0,0,5,1,0,0,0,0,0,2,0,0,0,0,1,51.4650746325405,265.38174022171376,1
0,0,0,0,31,1,2,1,0,1,0,0,2,2,0,1,1,99.75672765467453,3195.347255539646,1
0,0,0,0,2,1,0,1,0,0,0,0,0,0,0,0,1,70.58676129475727,151.87647741048548,1
0,0,0,0,3,0,0,0,0,0,0,0,0,0,0,0,2,43.16157809593836,133.66877130814547,1
0,0,0,0,3,1,0,1,1,0,1,0,2,2,0,1,1,98.66350721954795,288.03092396334756,1
0,0,0,0,9,1,2,1,0,0,0,0,0,0,0,1,2,78.22818104813723,801.1348375234737,1
0,0,0,0,10,1,1,1,1,0,0,0,2,2,0,1,2,98.85500930086705,1063.8130055805202,1
0,0,1,1,1,1,0,1,0,0,0,0,0,0,0,1,2,69.55030554884016,69.55030554884016,1
1,0,0,0,2,0,0,0,1,0,0,0,0,0,0,1,2,48.144451909921436,91.95113861321722,1
1,0,0,0,24,1,2,1,0,0,0,0,0,2,0,0,2,87.1310375154839,2039.575437643182,1
0,0,0,0,50,1,1,1,2,2,0,0,2,0,1,1,1,96.84275984506898,4834.7028165658885,1
0,0,0,0,5,1,1,1,0,0,0,0,2,2,0,1,2,93.68635723291762,486.4057201548173,1
0,0,0,0,1,1,2,0,0,0,0,0,0,0,0,0,2,50.53245083726186,50.53245083726186,1
0,0,0,0,53,1,1,1,0,1,0,0,0,0,0,0,2,81.48845433751714,4360.912910067311,1
0,0,0,0,5,1,0,1,0,0,0,0,0,2,0,1,2,81.51446792001703,409.00831007329407,1
1,0,0,0,27,1,1,1,1,2,0,0,0,0,0,1,2,90.0562000904753,2458.115391121378,1
1,0,0,0,34,1,2,1,0,0,0,0,0,2,0,1,2,91.48997563890002,3066.9335589364323,1
0,0,0,0,65,1,2,1,0,2,2,0,2,2,0,1,2,106.9164975048131,6970.928688384212,1
0,0,0,0,8,1,2,1,0,1,1,0,2,2,0,1,2,101.02662267776748,829.3486980204996,1
0,0,0,1,4,1,2,1,0,0,0,1,0,0,0,0,0,82.00956307955241,332.85939058077156,1
0,0,0,0,24,1,1,1,0,0,2,0,2,2,0,1,1,98.93608300720395,2415.4369024059183,1
1,1,1,0,48,1,2,1,0,2,0,0,0,1,0,0,1,91.55403073692403,4546.395597562592,1
1,0,0,0,3,1,2,1,0,0,2,0,2,2,0,1,0,103.0304729119038,296.676421925674,1
1,0,1,0,11,1,2,1,0,1,0,0,0,0,0,1,0,79.36985083216173,896.8722094466925,1
1,0,0,0,2,1,0,0,0,0,0,0,0,0,0,1,2,44.871356936884965,96.86993808077703,1
0,0,0,0,2,1,0,2,1,1,1,1,1,1,0,0,3,19.685903330275046,31.910871170533913,1
0,0,1,0,72,1,2,1,1,2,2,2,2,2,1,1,0,116.23673698212161,8579.66827657543,1
1,0,0,0,1,1,0,1,0,0,0,0,0,0,0,1,2,70.3,70.3,1
0,0,0,0,1,1,2,1,0,0,0,0,2,2,0,1,2,95.20714856748825,95.20714856748825,1
0,0,0,0,29,1,2,1,0,0,2,0,1,2,0,1,0,98.04978455307659,2934.752263446287,1
0,0,0,0,1,1,2,0,0,0,0,0,0,0,0,1,0,49.96503673732741,49.96503673732741,1
0,0,0,0,25,1,0,1,0,0,0,0,1,2,0,1,2,90.09988232895597,2182.437218794063,1
0,0,0,0,26,1,0,1,1,0,0,0,0,0,0,1,0,77.40221728905219,1931.3305655489203,1
0,0,0,0,20,1,0,0,0,2,0,0,2,1,0,1,0,76.85987298240877,1497.7130872836067,1
0,0,0,0,23,1,2,1,0,0,0,0,0,0,0,0,0,75.44045354733036,1750.0243781690067,1
0,0,0,0,6,1,0,1,0,0,0,0,2,0,0,1,2,81.97162781557167,525.5243496681694,1
1,0,0,0,6,1,0,1,0,0,0,0,2,0,0,1,1,80.70449046301155,462.8063517887522,1
0,0,0,0,10,1,0,1,0,0,1,0,0,1,0,0,0,82.9379434159807,865.9488935801646,1
1,0,0,0,10,1,1,1,0,0,0,0,1,0,0,0,2,83.95053706843277,814.1055505950316,1
0,0,0,0,2,1,0,0,0,1,0,1,0,0,0,0,0,57.366235505921246,101.07659637457672,1
0,0,0,0,9,1,0,0,0,0,0,0,0,0,0,0,1,44.98363301687616,414.15588686429237,1
1,0,0,0,12,1,0,1,0,0,1,0,2,0,0,1,2,83.60904423198441,1060.256402845133,1
1,1,1,0,7,1,1,1,1,1,0,0,0,2,0,1,1,93.55337783013464,673.8938153483683,1
0,0,0,0,9,1,0,1,0,1,2,1,2,0,0,0,2,93.7656037004026,931.787000133747,1
0,0,0,0,53,1,2,1,0,0,0,2,2,2,0,0,2,102.28485473315503,5440.64814354661,1
1,0,0,0,1,1,0,2,1,1,1,1,1,1,0,1,3,19.74980137164414,19.74980137164414,1
1,0,0,0,23,1,0,1,0,0,0,1,2,2,0,1,1,95.64461608220068,2117.7378724973273,1
0,0,0,0,12,0,0,0,0,1,0,0,0,0,0,0,2,29.193825457305717,309.0922899890167,1
1,1,1,0,16,1,0,1,0,1,0,0,0,0,0,1,0,73.97667258531379,1176.8984914066116,1
0,0,0,0,1,1,0,1,0,0,0,0,2,0,0,1,2,79.73296207471635,79.73296207471635,1
1,0,0,0,37,1,1,0,2,0,0,0,2,0,0,0,1,86.80651894573386,3185.30248350659,1
0,0,0,0,20,1,2,1,0,0,0,0,1,0,0,1,1,85.38735382983364,1732.751860347572,1
0,1,0,0,8,1,0,1,0,0,1,0,1,2,0,1,1,92.92191189738386,741.3610924704141,1
0,0,0,0,32,1,0,1,0,0,0,1,1,0,0,0,2,80.58968023385363,2565.203968970128,1
1,0,0,0,9,0,0,0,0,0,0,0,0,0,0,0,2,45.108048724306954,426.71512347434486,1
0,0,0,0,4,1,0,1,0,0,1,2,1,1,0,1,0,96.90903811653588,396.7501273260337,1
0,0,0,0,1,1,2,1,0,0,0,0,2,2,0,1,2,94.85693475739254,94.85693475739254,1
0,0,0,0,4,1,0,1,0,0,0,1,0,2,0,1,1,86.10541711195054,425.7850724929968,1
0,0,0,0,14,1,2,0,0,1,0,1,0,0,0,1,0,58.84436062620924,939.752076854766,1
0,0,0,0,2,1,0,0,0,0,0,0,0,0,0,0,2,70.50201131972283,147.07713477162656,1
0,0,0,0,12,1,2,1,2,1,1,0,0,2,0,0,0,99.37831154888116,1236.7481643231133,1
0,0,0,0,5,1,0,1,0,0,0,0,0,0,0,1,2,69.5452046751173,317.2810346458651,1
0,0,0,0,49,0,1,0,1,1,0,0,0,0,0,1,0,59.27385966977275,2938.3288797173077,1
1,0,0,0,4,0,0,0,0,0,1,0,0,0,0,0,2,25.624606133585104,116.32347889781055,1
0,0,0,0,35,1,1,1,0,0,0,0,2,0,0,1,2,85.84381076317824,3029.7994491194095,1
1,0,0,0,1,1,0,1,0,0,0,0,0,0,0,0,2,69.92394243575447,69.92394243575447,1
0,0,1,0,45,1,2,1,1,0,0,0,0,0,0,0,2,83.30852570669433,3815.9856727742854,1
0,0,0,0,8,0,0,0,0,0,0,0,0,0,0,1,2,46.904155274760186,440.25160834558017,1
0,0,0,0,1,1,0,1,0,0,0,0,0,2,0,0,1,80.30049482494238,80.30049482494238,1
1,0,0,0,11,1,0,1,0,2,0,0,0,0,0,0,2,74.71123572378134,821.0214238875566,1
0,0,0,0,7,1,0,1,0,0,0,0,1,0,0,1,2,80.29955770325043,526.698429846539,1
0,0,0,0,10,1,2,1,0,0,0,1,2,0,0,0,2,92.08662928971081,992.6993527819099,1
0,0,0,0,37,1,2,1,1,0,2,1,0,2,0,1,2,99.9559448357331,3750.4025168331664,1
0,0,0,0,21,1,2,1,0,1,0,0,0,0,0,1,1,81.07389258682794,1849.7631996357054,1
0,0,1,0,1,1,0,1,0,0,0,0,0,0,0,1,3,69.34878749100626,69.34878749100626,1
0,0,0,0,15,1,0,1,0,0,1,1,2,1,0,1,2,100.85801146611028,1553.9484768156847,1
1,0,0,0,48,1,2,1,1,0,1,1,2,2,0,1,1,107.97750036687695,5277.466254235584,1
0,0,0,0,38,1,2,1,0,0,0,0,2,2,0,1,0,96.96058449103991,3760.0542140905372,1
1,0,0,1,1,1,0,1,0,0,0,0,0,0,0,1,2,70.71918058339725,70.71918058339725,1
1,0,1,0,17,1,2,1,1,1,1,0,0,0,0,0,1,87.67909587054487,1458.6145019697221,1
1,1,0,0,38,1,2,1,0,0,0,0,2,2,0,1,0,96.1371988411814,3757.7090857582166,1
0,0,0,1,4,1,2,1,0,1,1,0,0,0,0,0,0,82.45702553103898,333.0108394105055,1
0,0,0,0,1,1,0,0,0,0,0,0,0,0,0,0,2,45.87480865330614,45.87480865330614,1
1,0,0,0,3,0,1,0,0,0,1,0,0,0,0,1,2,30.01174967072547,118.00761850373478,1
1,0,0,0,1,0,1,0,0,0,0,0,0,0,0,1,2,25.101745577632812,25.101745577632812,1
0,0,0,0,4,1,0,0,0,0,1,0,0,0,0,0,2,53.11036623421431,236.2849939181202,1
0,0,0,0,10,0,0,1,1,0,0,0,0,0,0,0,0,24.466602231094868,228.21973736826772,1
0,1,0,0,15,1,0,1,0,1,0,0,0,0,0,0,1,75.3562868617569,1147.3213443159843,1
0,0,0,0,2,1,0,1,0,0,0,0,0,0,0,0,1,69.1508494808898,119.13941757809499,1
0,0,0,0,1,1,1,0,0,1,0,1,0,0,0,0,2,60.07752550409466,60.07752550409466,1
0,1,0,0,15,1,0,1,1,0,1,1,0,2,0,0,2,93.40369994685068,1425.9417302177258,1
0,0,0,0,57,1,2,1,1,2,0,0,1,0,0,1,1,92.8790995249382,5235.444686999254,1
1,0,0,0,32,1,0,1,0,0,0,1,2,1,0,1,2,95.6790490799422,3182.7922239265995,1
0,0,0,0,4,0,0,0,0,1,0,0,1,1,0,1,2,47.84772563146145,198.96202732267244,1
0,0,0,0,1,1,2,1,0,0,0,0,2,2,0,0,2,95.5328273500449,95.5328273500449,1
0,0,0,0,1,1,0,0,0,0,0,0,0,0,0,1,3,44.96707157500661,44.96707157500661,1
0,0,0,0,4,1,1,1,0,1,0,0,1,2,0,1,1,96.95227338690755,385.2588343254506,1
0,0,0,0,1,1,2,1,0,0,0,0,2,2,0,1,2,93.52554486546153,93.52554486546153,1
0,0,0,0,13,1,0,1,0,1,1,0,0,0,0,1,1,77.59808087530097,1109.979093299155,1
0,0,0,0,41,1,0,1,2,0,0,0,0,0,0,1,1,76.08590368182621,3230.2339277398637,1
0,0,0,0,7,1,1,0,0,0,0,1,2,1,0,1,2,76.35560705953489,521.8253731172734,1
0,0,0,0,5,1,0,1,0,0,1,0,1,0,0,1,2,84.53846206151381,412.7212355185455,1
0,0,0,0,38,1,0,0,1,1,0,0,0,0,0,1,2,58.11108756702063,2138.735700701843,1
1,0,0,0,70,1,2,1,0,2,2,0,2,2,1,1,0,108.80627296713627,7741.980539287944,1
0,0,0,0,15,1,1,1,0,0,0,0,0,0,0,0,2,75.88413988497575,1191.1369401124962,1
0,0,0,0,9,0,0,0,0,0,0,0,0,1,0,0,2,39.21649618155578,333.1712417926613,1
1,0,0,0,1,1,0,2,1,1,1,1,1,1,0,1,3,20.143421844515903,20.143421844515903,1
1,0,1,0,69,1,2,1,0,2,2,0,2,2,0,1,1,103.09525332971604,7103.749655228529,1
1,0,0,1,3,1,0,0,0,0,1,0,0,0,0,1,1,51.912317456787676,168.65351927336792,1
0,0,0,0,1,1,0,1,0,0,2,0,0,0,0,0,0,73.619097339902,73.619097339902,1
0,0,0,0,18,0,0,0,0,0,0,0,1,1,0,0,1,44.97738397891583,893.6831306245812,1
0,0,0,0,3,0,0,0,0,1,0,0,0,0,0,0,2,27.998441688997968,78.91326153901554,1
0,0,1,1,34,1,1,0,1,0,1,1,2,0,0,0,2,75.12534939214834,2566.530126460061,1
0,0,1,0,65,1,2,1,0,1,2,0,2,2,0,1,1,105.60114017667428,6983.312538139083,1
1,0,0,0,1,1,0,1,0,0,0,0,0,0,0,1,2,69.65,69.65,1
0,0,1,0,13,1,0,1,0,0,0,0,2,1,0,0,2,90.33423153670108,1220.3153970323046,1
1,0,1,0,5,1,2,1,0,2,0,0,0,0,0,1,2,78.82676487413886,412.22643626328755,1
1,0,1,0,13,1,2,1,0,0,0,0,2,1,0,1,2,94.89765476985312,1233.7231645833092,1
1,0,1,1,14,1,1,1,0,0,0,0,0,0,0,0,0,77.93900865368757,1103.2810214850747,1
0,0,0,0,12,0,1,0,0,0,0,0,0,0,0,0,2,24.254013034875676,301.35439777159775,1
0,0,0,0,10,0,0,1,0,0,1,0,0,0,0,0,0,22.348765511319094,227.55567766279614,1
0,0,0,0,2,1,0,0,0,0,0,0,0,0,0,1,2,70.68885363887743,144.11784056892324,1
0,0,0,0,6,1,0,1,0,0,1,0,2,2,0,0,2,92.89249984146319,574.7587749318292,1
0,0,0,0,1,1,0,1,0,0,0,0,0,0,0,0,2,70.43649005994848,70.43649005994848,1
0,0,0,0,2,1,0,1,0,0,0,0,0,0,0,0,0,70.10632353548905,152.8373529290219,1
0,0,0,0,1,1,0,1,0,0,0,0,0,0,0,1,2,70.81829687774014,70.81829687774014,1
0,0,0,0,14,1,0,1,0,0,0,0,1,1,0,1,3,88.21100062420486,1129.301503544032,1
1,0,0,0,18,1,0,0,2,0,0,0,2,1,0,0,2,89.58374505660873,1625.4803935343607,1
1,0,0,0,63,1,2,0,1,0,1,0,2,2,1,1,2,84.44464602329671,5290.777958776599,1
0,0,0,1,52,1,0,0,0,2,2,1,1,0,1,0,2,89.00875022946519,4635.1720170947465,1
0,1,0,0,25,1,1,1,1,2,0,0,0,2,0,1,2,95.12823887843886,2497.8338664562834,1
1,0,0,0,1,1,2,1,0,0,0,0,0,0,0,1,2,75.44485775203216,75.44485775203216,1
0,0,0,0,19,1,0,0,0,2,0,0,0,0,0,0,1,70.24383466017522,1423.8043224344433,1
0,0,0,0,21,1,0,1,0,1,0,0,0,2,0,1,2,89.19100139345488,1861.4957013651504,1
0,0,0,0,1,1,2,1,0,0,0,0,0,0,0,1,2,74.7075207524776,74.7075207524776,1
0,0,0,0,8,1,2,1,0,0,0,0,2,2,0,1,2,95.59891153913134,829.104451019261,1
0,0,0,0,27,1,1,0,0,0,2,0,2,2,0,0,1,94.29556733507157,2520.0093794800323,1
1,0,0,0,1,1,2,1,0,0,0,0,0,0,0,1,2,75.59701266129304,75.59701266129304,1
0,0,0,0,51,0,1,0,1,2,1,0,2,2,0,0,2,58.629015074954275,3015.656477387569,1
0,0,0,0,1,0,1,0,0,1,0,0,0,0,0,0,1,28.11238773334349,28.11238773334349,1
0,0,0,0,7,1,2,0,0,0,0,1,1,1,0,1,2,74.5847378684413,522.875129978397,1
0,0,0,0,16,1,2,0,0,1,0,0,0,2,0,0,1,87.15441438790549,1425.1216933510889,1
0,0,0,0,16,1,0,1,0,2,2,0,0,2,0,1,1,93.5970277033865,1570.714020814114,1
1,0,0,0,1,1,0,1,0,0,0,0,2,0,0,1,2,79.09032267702912,79.09032267702912,1
0,0,0,0,1,1,1,0,0,0,0,0,0,0,0,1,0,49.699260352793004,49.699260352793004,1
1,0,0,0,1,1,0,2,1,1,1,1,1,1,0,0,2,20.568625446577673,20.568625446577673,1
0,0,0,0,3,1,1,0,0,0,0,1,2,0,0,0,2,62.99692824987508,155.89979303259614,1
0,0,0,0,13,1,0,1,0,0,0,0,2,2,0,0,2,88.95572291475438,1223.2604730321348,1
0,0,1,0,63,1,2,1,0,1,1,0,2,2,0,1,1,106.81191406557024,6873.579133022994,1
1,0,0,0,25,1,1,1,0,0,0,0,1,1,0,1,0,92.24999561244626,2362.5965125170787,1
1,0,0,0,1,1,2,1,0,0,0,0,2,2,0,1,2,94.58694139051603,94.58694139051603,1
0,0,0,0,2,1,0,1,0,0,0,0,0,0,0,0,2,71.55769194473419,151.6725708406509,1
0,0,0,0,4,1,0,1,0,0,0,0,0,0,0,1,1,70.05319236185493,266.9462892468964,1
0,0,0,0,53,1,1,1,0,1,0,0,0,0,0,0,2,81.55488682538919,4360.600966211216,1
0,0,0,0,31,1,0,0,0,0,1,1,2,1,0,1,2,76.39241019824918,2394.6317253713187,1
0,0,0,0,10,1,1,1,0,0,0,0,0,0,0,1,2,75.85996377112433,798.145382443587,1
0,0,0,0,3,1,0,0,0,0,0,0,0,0,0,0,2,44.19936757086095,125.47518712910016,1
1,0,0,0,1,0,1,0,0,0,0,0,0,0,0,1,2,23.652851820417794,23.652851820417794,1
0,0,0,0,16,1,0,1,1,0,1,0,2,0,0,1,2,91.07955432556022,1536.899565653779,1
0,1,0,0,46,1,2,1,1,1,2,0,2,2,0,1,2,107.55098742296363,4873.8770053101625,1
0,0,0,0,14,1,1,1,0,1,0,0,0,2,0,0,0,90.71005100071234,1261.9969730998719,1
0,0,0,0,46,1,0,1,2,2,0,1,2,1,1,1,0,104.20534165993612,4824.260693318841,1
0,0,0,0,25,0,1,0,0,0,0,0,0,0,0,1,0,68.5479215061608,1696.9548228417493,1
0,1,0,0,1,0,1,0,0,0,0,0,0,0,0,0,2,25.383623536915756,25.383623536915756,1
0,0,0,0,4,1,0,1,0,0,0,0,0,0,0,1,1,70.05556055216805,266.98062800643663,1
0,0,0,0,4,1,0,0,1,1,0,1,0,0,0,1,2,60.46706013164158,272.1238637435653,1
0,0,1,0,70,1,2,1,1,2,2,2,2,2,1,1,0,113.20149779718128,7713.415726870403,1
0,0,0,0,12,0,0,0,0,1,0,0,0,0,0,0,2,66.53808984783632,813.7166750477413,1
0,0,1,0,1,0,1,0,0,0,0,0,0,0,0,1,2,24.8,24.8,1
0,0,0,0,4,1,2,1,0,0,0,1,0,0,0,0,1,78.20447962751943,333.3956547093534,1
1,0,1,0,46,1,2,1,0,1,1,0,0,0,0,0,0,85.48514256775215,4067.458299280709,1
0,0,0,0,2,1,1,1,0,0,2,0,0,0,0,0,2,78.32546012348345,149.78498359170337,1
1,0,0,0,1,0,1,0,0,0,0,0,0,0,0,1,2,25.068257737648224,25.068257737648224,1
0,0,0,0,23,1,2,1,0,0,1,0,2,0,0,1,2,89.912775615303,2166.5409208634464,1
1,0,0,0,3,1,0,0,0,0,0,0,1,0,0,0,1,53.67804976853466,190.73903163592087,1
0,0,0,0,64,1,2,0,1,2,1,1,0,2,1,1,1,84.82039985118305,5360.972692468218,1
0,1,1,0,26,1,1,1,0,2,2,0,0,2,0,1,2,96.11229900756962,2511.01962228222,1
0,0,0,0,1,1,2,1,0,1,0,0,0,0,0,1,3,80.07998890272421,80.07998890272421,1
0,0,1,0,31,1,1,1,0,0,2,0,2,2,0,1,2,98.59604261132972,3042.934188363882,1
0,0,0,0,15,1,0,1,0,1,1,0,1,2,0,1,1,96.00451703868617,1453.5308665889045,1
0,0,0,0,35,1,2,1,0,0,0,0,2,1,0,1,1,95.77119657499537,3471.3198291125395,1
0,0,0,0,54,1,2,1,0,1,2,1,2,2,0,0,1,109.70926331571654,6008.4058537258425,1
0,0,0,0,1,1,0,1,0,2,0,0,0,0,0,1,2,74.7,74.7,1
1,0,0,0,31,1,2,1,0,1,2,0,0,0,0,1,1,86.35671620908721,2707.889615709698,1
1,0,0,0,1,1,0,1,0,0,0,0,0,0,0,1,2,69.17198633566899,69.17198633566899,1
1,0,0,0,1,1,0,1,0,0,0,0,2,0,0,1,2,79.22894922850695,79.22894922850695,1
1,0,0,0,71,1,2,1,2,1,0,0,2,2,0,1,1,105.98482910584221,7543.3159239870565,1
0,0,0,0,15,1,0,1,0,2,1,0,2,0,0,1,1,93.34780913195034,1428.6949155276675,1
0,0,1,0,30,1,2,1,1,0,0,1,2,1,0,0,0,96.98972989988914,2870.5266011062736,1
0,0,1,0,22,1,0,1,0,1,1,1,0,0,0,0,2,85.56735943759794,1900.1513566825527,1
0,0,0,0,15,1,0,0,0,0,0,0,0,0,0,0,0,68.49286362568272,994.770854231361,1
1,0,0,0,1,1,0,1,0,0,0,0,2,2,0,1,2,89.70865651127475,89.70865651127475,1
0,0,0,0,9,1,0,0,0,0,2,1,1,1,0,1,2,73.1781228551346,651.8391413502125,1
0,0,1,1,30,1,2,1,0,0,1,0,0,1,0,1,2,85.89800620904622,2705.2119558468257,1
1,0,1,1,43,1,2,1,0,0,1,1,2,1,0,0,2,97.76730194072948,4224.430495550261,1
0,0,0,0,20,1,0,0,1,0,0,0,0,0,0,1,1,50.916299599373446,1051.835156975012,1
0,0,0,0,13,1,0,1,0,0,0,0,0,0,0,1,1,71.92400865682201,914.1984907485025,1
0,0,0,0,1,1,0,1,0,0,0,0,2,0,0,0,2,78.5126566439453,78.5126566439453,1
0,0,0,0,9,1,0,0,0,0,2,0,0,0,0,1,1,74.51482498788057,653.9497236650745,1
0,0,0,0,4,1,0,1,0,0,1,0,0,0,0,1,2,72.37812199293643,325.158475923499,1
0,0,0,0,3,1,0,1,0,0,0,0,0,0,0,0,1,70.20887443378781,219.7595946630565,1
0,0,0,0,22,1,2,0,0,1,0,0,0,0,0,1,2,79.29007218231196,1735.3040329288779,1
0,0,0,0,5,1,0,1,0,0,0,0,0,0,0,1,2,69.52124370589955,322.6065522942676,1
1,0,0,0,1,1,0,1,0,0,0,0,0,0,0,1,2,69.90162166254528,69.90162166254528,1
0,0,0,0,3,1,1,0,0,0,0,0,0,0,0,1,0,73.93992687482537,257.11724462904266,1
0,0,0,0,2,0,1,0,0,0,0,0,0,2,0,1,2,36.59264474697476,69.47642044352772,1
1,0,1,0,29,1,0,1,1,0,0,0,1,2,0,0,1,93.64201390033354,2648.408372921489,1
1,0,0,0,7,1,0,1,0,0,0,0,0,0,0,1,2,76.15093944980238,553.4657130943365,1
0,0,1,0,7,1,0,2,1,1,1,1,1,1,0,0,1,19.634004575458277,145.60317620761697,1
0,0,0,0,1,1,0,0,0,0,0,1,0,0,0,1,1,49.17283908791908,49.17283908791908,1
0,1,0,0,17,1,1,1,0,2,0,1,0,0,0,1,2,85.52189755987533,1505.6760856321935,1
1,0,0,0,2,1,0,0,0,0,0,0,0,0,0,0,2,44.821182467521986,84.31268603889292,1
1,0,0,0,1,1,0,1,0,0,0,0,0,2,0,0,2,79.2735319630317,79.2735319630317,1
1,0,1,0,30,1,2,1,0,0,1,0,0,0,0,1,2,81.14859704376441,2455.7086726825382,1
0,0,1,0,17,1,2,1,1,1,1,0,0,0,0,0,1,88.9596167163819,1453.4841100266892,1
0,0,0,0,20,1,2,1,0,0,0,0,0,2,0,1,2,86.74657018995862,1807.846737368959,1
0,0,0,0,22,1,0,1,1,1,0,0,0,0,0,0,0,87.85307137185133,2014.4456017426266,1
0,1,0,0,25,1,2,1,0,1,0,0,2,0,0,1,2,91.20791574581361,2271.28916951294,1
0,0,0,0,9,1,0,0,2,1,0,0,1,1,0,1,2,73.30755488462438,704.6033030905254,1
1,0,0,0,20,1,2,1,0,0,1,0,1,1,0,1,2,95.75511319346893,1844.5338649633109,1
0,0,0,0,2,1,0,1,0,0,0,0,0,0,0,1,1,70.03761413647615,136.57931180667504,1
0,0,0,0,46,1,1,1,0,0,0,0,2,2,0,0,0,95.81291390918936,4406.820033053778,1
0,0,0,0,6,1,1,1,0,0,0,1,0,0,0,0,2,80.70972652258553,502.52307336185197,1
0,0,0,0,5,1,0,1,0,0,0,0,1,2,0,1,2,90.70122850486491,455.09155126390664,1
0,0,0,0,12,1,0,1,0,1,1,0,0,0,0,0,1,81.09987997986667,952.2178360325682,1
0,0,0,0,1,1,0,1,0,0,0,0,0,0,0,1,2,69.72983541947521,69.72983541947521,1
0,0,1,0,24,1,0,1,0,0,0,0,2,2,0,1,1,90.82386914082832,2179.255483349924,1
0,0,0,0,5,1,1,0,0,0,0,0,0,0,0,0,2,46.65408104973971,222.52471088880225,1
0,0,0,0,16,0,0,0,0,0,1,0,0,2,0,1,1,54.37622558841919,892.9627669157824,1
0,0,0,0,2,1,2,1,0,0,0,0,2,2,0,1,2,93.95825148298411,171.04888063152893,1
0,0,0,0,6,1,0,1,0,0,1,1,2,2,0,1,2,99.86029906163868,548.3333100892818,1
0,1,0,0,1,1,0,1,0,0,0,0,0,0,0,1,2,69.71159774881068,69.71159774881068,1
0,0,0,0,39,1,0,1,2,1,1,0,0,0,0,1,1,79.43519230426823,3231.676698223377,1
0,0,1,0,32,1,1,1,0,2,0,0,0,1,0,1,2,88.49969697537757,2999.4367806182354,1
0,0,0,0,38,1,1,0,0,0,0,0,0,2,0,0,1,80.8685629767914,3143.4816254841585,1
1,0,1,0,59,1,1,1,0,0,0,0,2,2,0,1,0,93.98907196503755,5583.726463197879,1
0,0,0,0,4,1,2,1,0,1,0,1,0,2,0,1,2,96.07644629849902,356.0545420257113,1
0,0,0,0,31,1,2,1,0,0,0,0,1,0,0,1,1,85.58013638314674,2704.189045317973,1
0,0,0,0,1,1,0,1,0,0,0,0,2,2,0,0,2,90.68233583004113,90.68233583004113,1
0,0,1,0,67,1,2,1,1,0,2,1,2,2,1,1,1,107.71003773244732,7146.392079993942,1
0,0,0,0,22,1,0,1,0,1,1,1,0,0,0,0,2,86.40155966976708,1903.8778630257302,1
0,0,0,0,9,1,2,1,0,0,0,0,1,1,0,0,1,93.47032936026221,860.2495033848144,1
0,0,0,0,10,1,2,1,0,0,0,0,0,1,0,0,2,82.842530024237,833.4241745555696,1
0,0,0,0,5,1,0,1,0,2,0,0,2,1,0,1,2,95.05514433285954,514.1694264478363,1
0,0,0,0,1,1,0,1,0,0,0,0,2,2,0,1,2,89.46795512930059,89.46795512930059,1
1,0,1,0,66,1,2,1,0,2,1,0,0,0,0,0,1,88.33031421299548,5923.409759190236,1
0,0,0,0,56,1,0,0,1,2,2,0,0,0,0,0,0,63.82303502201276,3562.2375000924008,1
0,0,0,0,1,1,0,0,0,0,0,0,0,0,0,1,3,44.309992063734676,44.309992063734676,1
0,0,0,0,3,1,0,1,0,0,0,0,0,0,0,0,0,71.88834067976123,219.16614135702105,1
0,0,1,0,5,1,0,1,0,2,0,0,0,1,0,1,2,83.88636432127477,403.706817002249,1
1,0,0,0,1,1,0,2,1,1,1,1,1,1,0,1,3,18.98274321786764,18.98274321786764,1
0,0,0,0,48,1,0,1,0,2,0,0,0,2,0,1,1,92.74123070916696,4332.827982203924,1
0,0,0,0,49,1,2,1,0,0,0,0,2,2,0,1,2,95.68084057388937,4810.33907053127,1
0,0,0,0,58,1,0,1,1,1,2,0,2,2,1,1,2,104.73914902426505,6142.243102839817,1
1,0,0,0,45,1,2,1,0,2,0,0,2,2,0,1,1,100.27308338603184,4743.519191345205,1
0,0,0,0,2,1,0,2,1,1,1,1,1,1,0,0,3,20.217299218629346,37.18554726520271,1
1,0,0,0,2,1,0,1,0,0,2,0,0,0,0,0,2,77.44633632343003,151.99713582905204,1
0,0,1,0,50,1,2,0,0,0,0,0,1,1,0,0,1,93.55641281610515,4781.898178362459,1
0,0,0,0,4,1,2,1,0,2,0,0,0,2,0,1,2,89.4898291341242,356.03050636019105,1
0,1,0,0,5,1,1,1,0,0,0,0,0,0,0,1,2,74.07837263430602,334.6078733267043,1
1,0,0,0,1,1,0,1,0,0,0,0,0,0,0,1,2,69.5551599355506,69.5551599355506,1
0,0,1,0,60,1,2,0,0,2,1,0,2,1,1,1,0,88.13853112647496,5252.827190400392,1
0,0,0,0,31,1,2,1,0,1,0,0,2,2,0,1,1,99.9369363756862,3187.237863094121,1
0,0,0,0,33,1,1,0,1,2,0,1,0,0,0,0,2,68.2382552539086,2275.874972193235,1
0,0,0,0,23,1,0,1,0,2,1,1,1,1,0,1,2,94.09457795819166,2115.0022024495324,1
0,0,1,0,41,1,2,1,0,2,2,1,2,1,0,1,2,109.82191168192838,4534.70653742563,1
1,0,1,0,20,0,0,0,1,0,0,0,0,1,0,0,3,43.31410876674376,879.5643577664763,1
1,1,0,0,1,1,2,1,0,0,0,0,0,0,0,1,2,74.37836318052622,74.37836318052622,1
1,0,0,0,1,1,0,1,0,0,0,0,0,0,0,1,2,69.69378111889355,69.69378111889355,1
1,0,0,0,21,1,1,1,0,0,1,0,1,0,0,0,2,83.63687065688003,1763.1329556689807,1
0,1,0,0,13,1,2,1,0,0,0,0,2,1,0,1,2,94.47159367581716,1289.3839459269059,1
0,0,0,0,2,1,0,1,0,1,1,0,0,0,0,0,0,77.96668196735948,165.5429670945621,1
1,0,0,0,1,1,0,2,1,1,1,1,1,1,0,0,3,19.75,19.75,1
0,0,0,0,2,1,0,1,0,0,0,0,0,0,0,0,1,70.48552145756221,139.68888687136476,1
0,0,0,0,7,1,0,1,0,0,0,0,1,0,0,1,2,79.01845535253575,522.9623035683572,1
0,0,0,0,4,1,0,1,0,0,1,1,0,0,0,1,2,82.30802245101822,319.9955556688209,1
0,0,0,0,7,1,1,1,0,0,0,0,0,0,0,1,2,74.75329402224635,527.5198249108436,1
0,0,0,0,16,1,0,1,0,0,0,0,0,0,0,0,0,71.19799896121644,1207.0453424515445,1
0,0,0,0,5,1,0,1,0,0,0,0,2,2,0,1,1,95.00922859886458,449.7057590740386,1
0,0,0,0,7,1,0,0,1,1,0,0,0,0,0,0,1,51.39134653859431,394.8457105248989,1
0,0,0,0,14,1,1,1,0,2,0,0,0,0,0,1,1,81.77206410100962,1215.769431693229,1
0,0,0,0,8,0,1,0,0,0,0,0,2,0,0,1,1,37.155609187592646,297.7679609576101,1
0,0,0,0,3,1,0,1,0,0,0,0,0,0,0,1,2,71.83326747059228,209.41284502085034,1
0,0,0,0,25,1,0,1,0,0,0,0,2,2,0,1,2,94.04908412265453,2364.5075701022124,1
0,0,0,0,13,1,0,1,0,0,0,0,0,1,0,0,2,79.44564994430215,1013.104552447416,1
0,0,1,1,49,1,2,1,0,2,0,1,2,2,0,0,1,103.6523565568041,5067.503210339861,1
0,0,0,0,7,1,1,1,1,0,0,0,0,0,0,1,2,77.82227693004425,605.3565607144501,1
1,0,0,1,4,1,1,0,0,0,0,0,0,0,0,0,2,50.25958259832804,223.14162352261405,1
0,0,0,0,12,1,2,1,0,1,0,0,2,0,0,1,0,91.19258798328687,1050.3576844281556,1
0,1,0,0,26,1,2,1,0,0,0,0,0,1,0,1,2,86.51480865009898,2288.6002686940246,1
0,0,0,0,43,1,2,1,0,1,0,0,2,2,0,1,2,101.83116505879373,4528.413638023883,1
0,0,0,0,1,1,0,1,0,0,2,0,0,0,0,0,0,75.3,75.3,1
0,0,0,0,15,1,0,2,1,1,1,1,1,1,0,0,0,19.509067320330416,289.0727764159783,1
0,1,0,0,25,1,2,1,0,2,0,0,2,0,0,1,2,88.98136254106336,2289.0751878429573,1
1,0,0,0,3,1,1,1,0,0,0,0,0,0,0,0,2,75.19621946628749,265.7385701630912,1
1,0,0,0,2,1,0,0,2,0,1,0,0,0,0,0,3,55.16706434674602,113.35838304334325,1
0,0,0,0,9,1,0,0,1,1,0,0,2,1,0,1,1,75.90754862770638,707.9933384845624,1
0,0,0,0,1,1,0,0,0,0,2,0,0,0,0,0,2,49.20230548364978,49.20230548364978,1
0,0,0,0,8,1,0,1,0,0,2,0,2,2,0,1,1,94.66983255391962,740.619774928452,1
0,0,0,0,1,1,0,2,1,1,1,1,1,1,0,0,3,20.922147974336248,20.922147974336248,1
1,0,1,0,36,1,1,1,0,0,0,0,0,1,0,1,2,83.02408004084765,3019.621695558978,1
1,0,0,0,1,1,0,0,0,0,0,0,0,0,0,0,0,44.89902908513345,44.89902908513345,1
1,0,0,0,58,1,2,0,0,2,0,2,0,1,0,0,1,90.4088697135319,5132.655409208907,1
1,0,0,0,1,1,0,0,0,0,0,0,0,0,0,0,1,45.27487080535166,45.27487080535166,1
0,1,0,0,1,0,1,0,0,0,0,0,0,0,0,1,3,25.777955399575458,25.777955399575458,1
0,0,0,0,15,1,0,1,0,2,1,0,2,0,0,1,1,90.71338232936426,1428.5768720503013,1
0,0,0,0,1,1,0,0,0,0,0,0,0,0,0,0,3,44.44671520570838,44.44671520570838,1
1,0,0,0,1,1,0,1,0,0,0,0,2,0,0,1,2,80.00014767328076,80.00014767328076,1
0,0,0,0,16,1,0,1,0,0,1,0,0,0,0,1,2,78.2359475476507,1313.0395800996066,1
0,0,0,0,19,0,0,0,1,0,0,0,1,0,0,1,2,46.342152146783505,837.8974328938865,1
0,0,0,0,8,1,0,2,1,1,1,1,1,1,0,0,3,20.169357873363236,172.9961748570408,1
1,0,0,0,23,1,2,1,0,0,0,0,0,0,0,1,2,76.90470688251268,1717.070177377338,1
1,0,0,0,2,0,0,0,0,0,2,0,2,1,0,0,1,57.28830758528152,92.31856512292609,1
1,0,0,0,2,1,0,0,1,0,0,0,0,0,0,0,2,47.00972327450932,91.49844231012347,1
1,0,1,0,4,1,0,1,0,0,0,0,1,0,0,1,2,77.80067547209967,307.057233676921,1
0,0,0,0,56,1,1,1,1,2,0,0,0,2,0,1,0,96.51464101709959,5433.250594060378,1
0,0,0,0,10,1,2,1,0,0,0,0,0,0,0,1,1,78.17629700687655,837.2742153427776,1
0,0,0,0,38,1,1,1,1,1,0,0,1,2,0,1,0,103.6089422958696,4055.1245575517087,1
1,0,0,0,8,1,0,1,0,0,0,0,0,0,0,1,2,70.03317188622968,552.9371677020448,1
0,0,0,0,1,1,0,0,0,0,0,0,2,0,0,1,2,54.18955520231454,54.18955520231454,1
1,0,0,0,2,0,0,0,0,0,0,0,0,0,0,1,1,24.35099659090601,55.54226272726917,1
0,1,1,0,40,1,0,1,0,1,0,1,2,2,0,0,1,100.34294952180369,4072.5943711228183,1
0,0,0,0,2,1,2,1,0,0,0,0,0,0,0,1,2,75.84799250965219,159.9351139658013,1
1,0,0,0,1,1,0,2,1,1,1,1,1,1,0,0,3,20.012740890122416,20.012740890122416,1
0,0,0,0,3,1,2,1,0,0,0,0,0,0,0,1,1,75.23790924364195,217.71700168006134,1
0,0,0,0,1,1,0,0,0,0,0,0,0,0,0,0,2,45.14221061626431,45.14221061626431,1
0,0,0,0,2,1,1,1,0,0,0,0,2,0,0,1,3,83.36505187793229,154.58332491034068,1
0,0,1,0,5,1,1,1,2,0,2,0,0,0,0,1,2,86.63798005277447,453.9443618229795,1
0,0,0,0,1,1,0,1,0,0,2,0,0,1,0,1,2,84.95372975777657,84.95372975777657,1
0,0,0,0,5,1,1,0,0,0,0,0,0,0,0,0,2,68.6973273199352,414.63200293857625,1
0,0,0,0,22,1,0,1,0,0,1,0,1,1,0,1,0,91.28767022311821,2025.4380926156705,1
0,0,0,0,26,1,0,1,0,0,0,0,1,2,0,1,0,88.66059357944214,2274.8565754437172,1
0,1,0,0,48,1,1,1,1,0,0,0,0,0,0,1,2,80.77758319439948,3820.7867311040113,1
0,0,0,0,12,1,0,1,0,1,1,0,0,0,0,0,2,79.86602309925821,973.5424961293957,1
0,0,0,0,35,1,2,0,1,0,1,1,1,1,0,1,1,85.28008065940972,3109.722291034142,1
0,0,0,0,65,1,1,1,1,0,2,0,2,2,0,0,0,105.05304645646355,6783.800213225319,1
1,0,0,0,43,1,2,1,0,2,1,1,2,2,0,1,0,106.83796255502418,4708.487590998307,1
1,0,0,0,4,1,0,1,0,0,0,0,1,0,0,1,1,80.70120793977361,341.6920503515471,1
0,0,0,0,21,1,1,1,0,2,0,0,0,0,0,1,2,83.02432189190033,1853.8182570755491,1
0,0,0,0,4,1,0,1,0,0,0,0,0,0,0,1,2,71.38340066092759,272.46133553642534,1
0,0,0,0,8,1,0,1,1,0,0,0,0,0,0,1,1,76.25407055662642,641.0509036900689,1
0,0,0,0,3,1,0,2,1,1,1,1,1,1,0,0,2,19.755324375530776,59.110894401008025,1
0,0,0,0,3,1,2,1,0,1,2,0,1,1,0,1,2,98.37600921402617,337.37144347577777,1
0,0,0,0,4,1,0,1,0,0,0,0,0,1,0,1,2,78.47822374716375,317.60755832812254,1
0,0,0,0,1,1,2,1,0,0,0,0,0,2,0,1,2,85.15637138025285,85.15637138025285,1
0,0,0,0,29,1,2,1,0,0,0,1,2,2,0,0,1,98.60552859745079,2862.7857704759635,1
0,0,1,0,59,1,2,1,0,2,0,0,2,2,0,0,2,101.04974928240951,6039.130777476884,1
0,0,1,0,11,1,2,1,0,0,1,0,2,2,0,1,2,100.52135442407226,1136.8100673880092,1
0,0,0,0,11,1,2,1,0,0,0,2,2,2,0,1,1,101.34602547522957,1133.0564446165138,1
0,0,0,0,53,1,0,2,1,1,1,1,1,1,1,0,0,20.472447834927834,1031.3302082313853,1
1,0,0,0,17,0,0,0,0,1,1,0,0,0,0,0,0,35.51649194471724,599.2475776325682,1
0,0,0,0,15,1,0,0,0,1,0,0,0,0,0,1,2,73.80373889968936,1075.4556400707052,1
0,0,0,0,15,1,0,1,1,0,2,1,0,2,0,1,2,94.87771125945685,1425.9074977524172,1
1,0,0,0,1,1,0,1,0,0,0,0,2,2,0,1,2,90.22065960724613,90.22065960724613,1
0,0,0,0,3,0,1,0,0,0,0,0,0,0,0,1,3,25.753063534080823,95.8273239208769,1
0,0,0,1,31,1,1,1,0,0,2,0,2,1,0,1,2,95.47247538638307,3041.372784715319,1
0,0,0,0,45,1,0,1,0,2,0,0,2,2,0,0,1,97.65376972884094,4412.385245012018,1
0,0,0,0,11,1,0,1,0,0,0,1,0,0,0,1,2,72.30638435131107,922.2866625236366,1
1,0,0,0,13,1,2,1,1,0,0,0,2,2,0,0,2,97.68534575716814,1230.7947670433202,1
1,1,0,0,45,0,0,0,1,0,2,0,0,2,1,0,0,62.22137807322163,2795.7990505208845,1
1,0,1,0,7,0,0,0,1,0,0,0,0,0,0,0,2,45.944882427718525,330.3173597478174,1
0,0,0,0,8,1,1,1,0,0,1,0,0,0,0,0,0,80.7092153216572,662.9854267053302,1
0,0,1,0,37,0,1,0,0,0,2,0,0,0,0,1,0,77.00622652245038,2837.3031868774992,1
0,0,0,0,66,1,2,1,0,2,0,1,2,1,0,1,1,103.95745957151468,6889.684521266528,1
0,0,1,1,48,1,2,1,1,2,0,0,2,2,0,0,1,103.42689675840172,5050.71898090324,1
0,1,0,0,25,1,2,1,0,1,0,0,1,0,0,1,2,88.57909141422536,2290.8040300232947,1
0,0,1,0,17,1,2,1,2,0,2,0,0,0,0,0,0,85.43047353106809,1463.2956899301169,1
0,0,0,0,7,0,1,0,0,0,0,0,0,0,0,0,3,68.59120991032034,543.3571090180129,1
0,0,0,0,2,1,0,1,0,0,1,0,0,0,0,0,2,77.76787526226539,160.23318427455655,1
0,0,0,0,2,1,1,1,0,0,0,0,0,0,0,1,1,72.87505603822576,132.17483188532273,1
0,0,0,0,2,1,0,0,0,1,0,0,0,0,0,0,3,51.26007111496076,114.43111524194298,1
0,0,0,0,4,1,0,1,0,0,0,0,2,0,0,0,2,78.9727360833088,303.0563543731041,1
0,0,0,0,2,1,1,1,0,0,1,0,0,0,0,0,3,80.44319984540968,155.28833633765265,1
0,0,0,0,34,1,0,0,0,0,0,0,1,0,0,0,2,55.25942139050235,2010.138722185789,1
0,0,0,0,8,1,0,2,1,1,1,1,1,1,0,0,2,19.731275722076813,166.2235254224846,1
0,0,0,0,15,1,1,1,0,0,0,0,2,2,0,1,2,95.17865418874585,1447.566587693443,1
0,0,1,0,66,1,2,1,0,0,0,0,2,0,0,1,1,85.32257190233662,5686.0960785711195,1
0,0,0,0,2,1,0,0,0,2,0,1,0,0,0,0,1,55.035292759591236,102.85662749296353,1
0,0,0,0,24,0,1,0,0,0,1,0,1,0,0,1,2,33.29264515047682,736.2664103105074,1
1,0,0,0,51,1,2,1,0,0,0,0,2,1,0,1,2,94.65759337084036,4814.007968435886,1
0,0,0,0,37,1,2,0,2,1,0,0,2,2,0,0,0,105.86762292528084,4056.852418767601,1
0,0,1,1,44,1,0,0,0,0,0,0,0,0,0,0,0,74.53356875225475,3316.47154977013,1
1,0,0,0,15,0,1,0,0,1,2,0,0,0,0,0,1,41.456125955086875,603.1431608711455,1
0,0,0,0,1,1,0,1,0,0,0,0,0,0,0,0,0,69.69426951448447,69.69426951448447,1
0,0,0,0,15,1,1,0,0,0,0,0,0,0,0,0,2,67.68607948508537,995.865970573888,1
0,0,0,0,7,1,0,0,1,0,0,0,0,0,0,0,1,50.054575912261306,365.3776363170174,1
0,0,0,0,1,1,0,1,0,0,0,0,0,0,0,1,2,70.65315701046268,70.65315701046268,1
0,0,0,0,8,1,0,1,0,2,2,0,2,2,0,0,2,102.48298277875968,838.80912181691,1
0,1,0,0,53,1,2,1,0,2,0,0,0,0,0,1,2,79.84420592572893,4370.133251791273,1
1,0,0,0,23,0,0,0,0,0,1,2,0,0,0,0,0,46.931703531269804,1059.2610811495222,1
0,0,0,0,23,0,1,0,0,2,1,0,1,1,0,0,1,56.07876941000031,1245.9965397885576,1
0,0,0,0,2,1,0,0,0,0,0,0,0,0,0,1,1,44.8139682018964,93.6318810747286,1
1,0,0,0,40,1,0,0,2,0,1,1,1,1,0,0,1,77.81215358001778,3190.083290931817,1
1,0,0,0,49,1,2,1,1,0,1,0,2,0,0,1,0,95.7404362263109,4747.936130967644,1
1,0,0,0,1,1,2,1,0,0,0,0,0,0,0,1,2,74.9354719432317,74.9354719432317,1
1,0,0,0,1,1,0,0,0,0,0,0,0,0,0,1,2,45.67285079974573,45.67285079974573,1
0,0,0,0,4,1,2,1,0,1,0,0,0,0,0,1,2,82.54483721170165,417.08041717502834,1
0,0,0,0,1,1,0,1,0,0,0,0,0,0,0,1,2,70.4126390147463,70.4126390147463,1
0,0,0,0,23,1,1,1,0,2,0,0,0,0,0,1,2,82.07303232075637,1858.8667310922408,1
0,0,0,0,2,1,0,0,0,1,0,0,0,0,0,0,3,49.95906903715203,114.64184093060214,1
0,0,0,0,21,1,1,1,0,0,0,2,2,0,0,1,2,97.41793980723568,1939.471439167918,1
0,0,0,0,1,1,0,0,0,0,0,0,0,0,0,1,3,45.6329454158644,45.6329454158644,1
0,0,0,0,17,1,0,0,0,0,1,0,0,2,0,0,1,58.849328601383945,991.5690994201557,1
0,0,1,0,51,1,2,0,1,0,2,1,2,2,1,1,0,104.05314766673816,5273.399791420267,1
1,0,0,0,1,1,0,2,1,1,1,1,1,1,0,0,3,20.077392092898943,20.077392092898943,1
1,0,1,1,19,1,1,1,0,0,0,2,2,2,1,0,1,100.77644004660257,1877.9433004100065,1
1,0,0,0,1,1,0,1,0,0,0,0,0,0,0,0,1,70.35475897311007,70.35475897311007,1
0,1,0,0,14,1,2,1,0,1,1,0,2,2,0,1,2,104.02035998492487,1531.1902059731995,1
0,0,0,0,10,1,2,1,0,0,0,0,0,0,0,1,1,77.67285476852867,822.2570514083894,1
0,0,0,0,25,1,0,1,0,1,1,0,2,0,0,1,0,89.03189100236253,2263.3517410308064,1
0,0,0,0,3,1,1,0,0,0,0,0,0,0,0,1,0,74.22240611492761,256.8965577227128,1
1,0,0,0,1,0,0,0,0,1,0,1,0,1,0,1,3,44.60823754265999,44.60823754265999,1
0,0,0,0,33,1,1,1,1,0,0,0,1,1,0,1,1,95.51749449714148,3203.99550957807,1
0,0,0,0,35,1,0,0,0,0,0,0,0,1,0,0,1,73.87655336036953,2477.381524930731,1
0,0,0,0,7,1,1,1,0,0,0,0,0,0,0,1,2,74.65378952489017,541.6731972596084,1
0,0,1,0,32,1,2,1,1,0,0,0,1,2,0,1,1,96.93956248221427,3211.0037064112144,1
1,0,1,0,65,1,2,1,0,2,0,0,1,0,0,0,0,89.88262369567525,5931.101539885312,1
1,0,0,0,1,1,2,1,0,0,0,0,0,0,0,1,2,75.06704041264607,75.06704041264607,1
0,0,1,0,43,1,2,1,1,0,0,0,0,0,0,0,2,87.9060598383574,3800.656557666887,1
0,0,1,0,5,1,0,0,0,0,0,0,0,0,0,0,2,63.06362959852791,327.37664946288834,1
1,0,0,0,1,0,0,0,0,0,2,0,1,1,0,1,2,50.23704284912813,50.23704284912813,1
0,0,0,0,2,1,1,1,0,0,1,0,0,0,0,1,2,79.44880865560445,147.2387777427314,1
0,0,0,0,9,1,1,1,0,0,2,0,2,1,0,0,1,97.17150750993991,925.5624173094202,1
0,0,0,0,27,0,1,0,1,0,0,0,0,1,0,0,0,36.58168976279667,971.8396379079721,1
1,0,0,0,2,1,0,0,0,0,0,0,0,0,0,0,0,46.019220019061244,80.45003493805095,1
0,0,0,0,7,1,0,1,0,0,0,0,2,0,0,1,2,79.90894925763807,584.6470549844302,1
0,0,0,0,3,1,0,2,1,1,1,1,1,1,0,0,3,19.78295640806377,62.677302529020345,1
1,1,0,0,33,1,2,1,0,0,0,0,1,2,0,1,1,91.7990495475905,3020.0985256069016,1
0,0,0,0,1,1,0,0,0,0,0,0,0,0,0,0,2,45.23873166278872,45.23873166278872,1
0,0,0,0,3,0,1,0,0,1,0,0,1,1,0,1,2,50.616015139158336,154.05277372817505,1
1,0,0,0,1,1,0,1,0,0,0,0,0,0,0,0,2,70.58866391356683,70.58866391356683,1
0,0,0,0,17,1,0,1,0,0,1,1,1,1,0,0,0,97.7609205577292,1704.5217921028081,1
0,0,0,0,1,1,0,1,0,0,0,0,0,0,0,0,3,70.76959552814719,70.76959552814719,1
1,0,0,0,2,1,0,1,0,1,0,0,2,2,0,0,2,95.21088735360007,167.3605672615724,1
0,0,1,0,12,1,1,1,0,1,0,0,2,2,0,0,2,98.83534054156573,1219.372100207565,1
0,0,0,0,1,1,2,1,0,0,0,0,0,0,0,1,2,74.30754865562312,74.30754865562312,1
0,0,0,0,25,1,2,1,0,0,2,0,0,2,0,0,1,92.39229317255972,2468.3605961241597,1
0,0,1,0,71,1,2,1,0,2,2,2,2,2,1,0,1,109.9790489035935,8093.743837037266,1
0,0,0,0,6,1,0,1,0,0,0,0,1,2,0,0,1,90.22314399324044,576.5412529343062,1
0,0,0,0,11,0,0,0,0,0,1,0,1,1,0,1,0,56.33082370917383,635.2580450267583,1
0,0,0,0,15,1,0,1,1,0,2,1,0,2,0,1,2,94.49454903138856,1425.680529044071,1
0,0,1,0,66,1,2,1,0,2,2,0,2,2,0,0,2,104.67582556089272,7018.146020741944,1
0,0,0,0,16,1,0,1,0,1,0,0,0,0,0,0,1,73.90312288445276,1182.1105319421413,1
0,0,0,0,22,1,0,1,0,0,0,0,1,1,0,0,2,87.46449194593978,1905.3601172090168,1
0,1,0,0,14,1,0,1,0,0,0,0,1,1,0,0,1,89.16287866565732,1264.7433045394766,1
0,0,1,0,9,1,0,1,0,0,2,0,0,0,0,1,0,76.92686832871962,657.648957099625,1
1,0,0,0,19,1,2,1,0,1,0,0,2,1,0,1,2,98.30767668178142,1933.761187378995,1
1,1,1,0,13,1,1,1,0,0,0,0,2,2,0,1,2,96.34172844607055,1235.3173670812714,1
0,0,0,0,1,1,2,1,0,0,0,0,0,0,0,1,2,75.13126339414177,75.13126339414177,1
1,0,0,0,4,1,0,1,0,0,0,0,1,0,0,1,1,80.71174604213735,341.6623520630675,1
1,0,0,0,2,1,0,1,0,1,1,1,0,2,0,1,0,93.09936649646437,182.16051487725025,1
0,0,0,0,2,1,1,1,0,0,0,0,2,2,0,1,2,95.38011042233961,197.1629833398167,1
0,0,0,0,6,1,1,1,0,0,0,0,0,0,0,0,2,77.6422159300523,479.8839393856584,1
0,1,1,0,26,1,1,1,0,2,2,0,0,2,0,1,2,95.78962742267969,2510.5492874296683,1
1,0,0,0,8,1,0,1,0,0,1,0,1,2,0,1,2,94.62841432645692,740.3459928679758,1
1,0,1,0,50,0,1,0,0,1,1,1,2,1,0,1,2,64.39408807524764,3182.203760246109,1
0,0,0,0,9,0,0,0,0,0,0,0,1,1,0,1,1,45.386105192756176,418.62110435673577,1
0,0,0,0,13,1,0,1,2,1,0,1,2,2,0,0,2,105.82276762237211,1349.1260646709638,1
0,0,0,0,8,1,0,1,0,0,0,0,0,2,0,1,2,82.1375827959541,724.7504914194024,1
1,0,0,0,24,1,1,1,0,2,0,0,2,2,0,1,2,99.42791284713869,2443.078962526095,1
0,1,0,0,1,1,0,1,0,0,0,0,0,0,0,1,2,69.65,69.65,1
0,0,0,0,20,1,2,1,0,0,0,0,0,1,0,1,1,84.93635496768704,1727.8816105956732,1
0,0,0,0,5,1,0,0,0,0,0,2,0,0,0,1,2,52.40619461821924,271.19074335418634,1
1,0,0,0,5,1,0,0,0,0,0,1,0,0,0,0,2,48.241253514406004,219.82300757803048,1
0,0,1,0,39,1,2,1,0,1,2,0,1,0,0,1,2,90.71068618294329,3610.6360999002577,1
0,1,0,0,24,1,2,1,0,0,0,0,2,1,0,1,2,91.74076190617424,2269.6421904718254,1
1,0,0,0,18,1,0,1,0,0,0,0,0,0,0,0,1,75.38249563656206,1394.1802171901516,1
1,0,0,0,37,1,2,1,0,0,0,0,2,2,0,0,1,94.58079340526314,3474.1101120351295,1
1,0,0,0,67,1,2,1,0,2,2,1,2,2,0,0,1,106.94659976756165,7157.68123766244,1
0,1,0,0,1,0,1,0,0,0,0,0,0,0,0,1,2,25.140229811206044,25.140229811206044,1
1,0,1,0,1,1,0,1,0,0,0,0,0,0,0,1,2,70.85893013539558,70.85893013539558,1
0,0,0,0,10,1,1,1,1,0,0,0,2,2,0,1,2,98.77540200543355,974.4072568660017,1
0,0,1,0,24,1,2,1,0,1,2,0,2,2,0,1,1,104.74327370387553,2549.927441927355,1
0,0,0,0,20,0,1,0,2,0,0,0,0,0,0,1,1,75.51826452057463,1517.6747361314106,1
0,0,1,0,65,1,2,1,0,2,1,0,1,2,0,1,1,100.35990624451559,6593.635623614493,1
1,0,0,0,1,1,0,2,1,1,1,1,1,1,0,1,2,20.122830845498424,20.122830845498424,1
0,1,0,0,23,1,0,1,0,2,0,0,2,1,0,1,2,94.6560376954311,2293.561119046385,1
0,0,0,0,19,1,2,1,0,1,0,0,1,0,0,0,2,88.46334838406968,1773.121111265498,1
0,0,0,0,3,0,1,0,0,0,0,0,1,0,0,0,1,35.210034714771346,108.86570839592073,1
0,0,1,0,6,1,1,1,0,0,0,0,0,2,0,1,1,84.26193070109028,475.1917295526384,1
1,0,0,0,70,1,0,1,2,1,2,2,2,2,1,1,0,109.48834598349603,7534.629906868096,1
0,0,0,0,34,1,2,1,0,2,2,0,2,2,0,1,1,105.04139979331333,3548.1031368975105,1
0,0,0,0,6,1,0,0,2,1,0,0,0,0,0,0,1,54.627572734470945,365.39206371125715,1
1,0,0,0,1,1,0,0,0,0,0,0,0,0,0,0,3,45.547486186507726,45.547486186507726,1
1,0,0,0,1,1,2,0,0,0,1,2,0,0,0,0,3,61.5565986352055,61.5565986352055,1
0,1,0,0,26,1,2,1,0,0,0,0,0,1,0,1,2,85.74741918226285,2287.78102858647,1
0,0,0,0,62,1,2,1,0,1,2,0,2,2,1,1,2,103.37976666823309,6386.4661305423715,1
0,0,0,0,1,1,0,0,0,0,2,0,0,0,0,0,2,50.45629775981897,50.45629775981897,1
0,0,0,0,15,1,0,1,2,0,1,2,2,1,0,0,2,104.82375810508316,1582.576957907335,1
0,0,0,0,34,1,0,1,0,0,0,0,0,0,1,1,0,76.8590656489944,2598.0403174873354,1
0,0,0,0,1,1,2,1,0,0,0,0,2,2,0,1,2,93.5959338326713,93.5959338326713,1
0,0,0,0,26,1,0,1,0,1,1,0,2,0,0,0,2,90.12432937735151,2343.8947284998153,1
0,0,1,0,33,1,1,1,0,0,0,0,2,2,0,1,2,94.27353862466443,3111.680632946585,1
1,0,0,0,1,1,0,1,0,0,0,0,0,0,0,1,2,71.59057581726914,71.59057581726914,1
0,0,0,0,14,1,0,0,0,0,1,0,0,0,0,0,2,69.020244415961,1025.136457746252,1
1,0,0,0,1,1,0,0,0,0,0,0,0,0,0,1,2,45.634126622976886,45.634126622976886,1
0,0,0,0,19,1,0,0,1,0,0,0,0,0,0,1,1,55.76410956068278,1049.8227906977022,1
0,0,0,0,3,0,1,0,0,0,0,0,1,0,0,0,1,35.30726559232567,108.0489690244644,1
1,0,0,0,48,1,0,1,1,0,0,0,0,0,1,0,2,29.034886572757195,1107.25685476906,1
0,0,0,0,4,1,1,1,0,0,0,0,2,2,0,1,1,96.06325947308001,396.14628373381737,1
0,0,1,0,70,1,2,1,1,2,2,2,2,2,2,1,0,112.93287439198215,7716.433009809894,1
0,0,0,0,15,1,0,1,0,1,0,0,0,0,0,1,1,73.66947782261839,1146.5424452031555,1
0,0,0,0,14,1,0,1,0,0,0,0,2,1,0,0,1,89.45833550374036,1267.0566645728622,1
1,1,1,0,7,1,0,1,0,0,0,0,2,2,0,1,2,94.16463938406704,685.7482763956,1
1,0,0,0,1,0,1,0,0,0,0,0,0,0,0,0,1,24.389106953079033,24.389106953079033,1
1,0,0,0,54,1,2,1,0,0,0,0,2,2,0,1,2,98.44035416679904,5282.681459444342,1
0,0,0,0,25,1,0,1,0,0,0,0,2,2,0,1,2,91.32150671749338,2362.2345889312446,1
1,0,0,0,2,1,0,0,0,0,0,0,0,0,0,1,2,45.01964606144912,96.71849617313806,1
0,0,1,0,17,1,2,1,2,0,2,0,0,0,0,0,0,87.26091470873553,1459.7857717956206,1
0,0,0,0,1,1,0,0,0,0,0,0,0,0,0,0,2,45.277416960933856,45.277416960933856,1
0,0,0,0,9,1,0,1,0,0,0,0,2,2,0,0,2,89.45224984106177,853.5499682123543,1
0,0,0,0,52,1,0,1,0,1,1,2,2,2,0,1,0,103.69734116930407,5430.585174810465,1
0,0,0,0,13,1,0,1,0,0,0,0,0,0,0,1,1,73.71348323530292,918.5566039234332,1
0,0,0,0,14,1,2,1,0,0,0,0,0,2,0,1,1,92.52792554879284,1367.349987570312,1
0,0,0,0,1,1,0,1,0,0,0,0,2,0,0,0,2,78.88597359486101,78.88597359486101,1
0,0,0,0,3,1,0,2,1,1,1,1,1,1,0,0,2,19.783197150473583,60.74223757699432,1
0,0,0,0,2,1,0,1,0,0,0,0,0,2,0,0,0,80.21533693393948,159.42326684669698,1
0,0,0,0,3,1,1,0,0,0,0,0,0,0,0,1,2,50.57748320176839,151.16591233534533,1
0,0,0,0,1,1,0,1,0,2,0,0,0,0,0,1,2,76.26128217599178,76.26128217599178,1
0,0,1,0,11,1,2,1,0,1,0,0,2,2,0,1,2,101.36645060171978,1141.6909289854427,1
1,0,0,0,1,1,0,2,1,1,1,1,1,1,0,1,3,20.10278522408211,20.10278522408211,1
0,0,1,1,41,1,2,1,0,0,1,1,2,2,0,1,2,99.50355273880531,4203.378702569606,1
0,0,0,1,67,1,2,0,1,1,2,1,2,2,1,0,1,95.7332673473725,6428.907803709077,1
1,0,0,0,9,1,2,0,0,0,0,0,0,2,0,1,1,78.56329887191785,792.0026046688151,1
0,0,0,0,37,1,2,1,0,0,2,0,1,2,0,1,0,99.24126764070519,3773.211705958038,1
0,1,0,0,30,1,2,1,0,0,0,0,0,0,0,1,2,77.96289650466898,2298.5854943260706,1
1,0,0,0,1,1,2,1,0,0,0,0,2,2,0,1,2,95.33233856619846,95.33233856619846,1
0,1,0,0,27,1,2,1,0,0,1,0,0,0,0,1,2,78.16797073965664,2135.033321632829,1
1,1,0,0,1,1,0,1,0,0,0,0,0,0,0,1,2,70.26722909715856,70.26722909715856,1
0,0,0,0,3,1,0,0,1,1,0,0,0,0,0,0,2,55.32807686417105,164.53682514117435,1
0,0,0,0,35,1,2,1,0,0,0,0,2,1,0,1,1,96.25392571750871,3467.216631401176,1
1,0,0,0,1,1,0,2,1,1,1,1,1,1,0,1,2,19.99097989168891,19.99097989168891,1
0,0,0,0,19,1,0,1,0,0,0,0,2,2,0,1,1,95.02231213524512,1776.749888585917,1
0,0,0,0,3,1,0,1,0,0,0,0,1,0,0,1,2,80.16059040363058,224.35186427368322,1
0,0,0,0,67,1,2,1,2,2,2,2,2,2,1,1,0,117.97701106529493,7796.937382648172,1
0,0,0,0,9,1,2,1,0,0,0,0,0,0,0,1,2,77.80165514821937,808.4077520481022,1
0,0,0,0,58,1,1,1,2,2,2,0,2,2,1,1,0,108.42712428569332,6144.993246142866,1
1,0,0,0,1,1,0,0,0,0,0,0,0,0,0,0,1,45.37445874008009,45.37445874008009,1
0,0,0,0,8,1,1,1,0,0,2,0,2,2,0,0,2,98.44287765787978,779.1989102804497,1
1,0,0,0,1,0,1,0,0,0,0,0,0,0,0,1,2,25.021046687167622,25.021046687167622,1
0,0,0,0,24,1,2,1,0,0,2,0,2,2,0,1,2,99.40614668294532,2402.878141919282,1
1,1,1,0,39,1,2,1,0,1,2,0,2,2,0,1,2,103.93388248457009,4277.319487753254,1
0,0,0,0,5,1,0,1,0,1,0,1,0,2,0,1,1,91.95991330954259,462.2219826619085,1
0,0,0,0,9,1,0,1,0,2,0,0,0,0,0,1,2,76.08318919509468,686.0513619553444,1
0,0,0,0,7,1,0,1,0,0,0,0,0,1,0,0,2,78.7315054338518,522.8358319502865,1
0,0,0,0,1,1,0,1,0,0,0,0,2,0,0,1,1,79.46882867922025,79.46882867922025,1
0,0,1,0,48,1,2,1,0,2,1,1,2,2,0,1,1,105.94142590678088,5132.624791356576,1
0,0,0,0,9,1,0,1,0,0,0,0,1,0,0,1,2,80.54565152327538,748.4623501648317,1
0,0,1,0,43,1,2,1,0,0,2,1,2,1,0,1,2,107.07413686748237,4533.889184928806,1
0,0,1,1,70,1,2,1,1,2,2,1,2,2,2,1,0,111.77424240052841,7723.8408351805,1
0,1,1,0,37,1,2,1,0,0,0,0,0,0,0,1,1,76.49827625399591,2868.151890560134,1
0,0,0,0,3,1,0,1,0,0,1,0,1,0,0,1,2,84.15764986195784,222.9760614675166,1
0,0,0,0,4,1,0,1,0,0,0,0,0,2,0,1,2,79.31341853472006,318.7861342263686,1
0,0,0,0,2,1,1,0,0,0,0,0,0,0,0,0,2,76.4661834585114,161.8920270654381,1
0,0,0,0,2,1,0,0,0,0,0,0,0,0,0,0,0,45.13111818033998,80.4767423199531,1
0,0,0,0,1,1,0,1,0,0,0,0,2,0,0,1,1,79.2609807925943,79.2609807925943,1
0,0,0,0,38,0,0,0,1,0,1,0,1,1,0,0,2,56.10060652363675,2184.1355865496353,1
0,0,0,0,15,1,1,1,0,0,0,1,0,2,0,1,1,92.3589077357021,1450.9460698290018,1
0,1,0,0,19,1,2,1,0,0,1,0,2,2,0,0,1,98.93823649498259,1840.68087579822,1
0,0,1,1,4,1,2,1,0,0,0,0,0,2,0,1,2,89.96932813192043,382.37182083517877,1
0,1,0,0,2,1,1,1,0,0,0,0,0,0,0,1,1,77.35671275744075,158.84342157149786,1
1,0,0,0,11,1,0,0,0,0,0,1,1,0,0,1,2,63.39867471699302,731.3644016244502,1
1,0,0,0,31,1,2,0,0,1,0,1,1,1,0,1,2,78.87805086480755,2586.1523729283026,1
0,0,0,0,1,1,0,1,0,0,0,0,0,0,0,1,2,69.2,69.2,1
1,0,0,0,24,1,1,0,0,0,0,0,0,0,0,1,2,71.63091116231081,1711.3261046678165,1
1,0,0,0,12,0,0,0,0,0,1,1,0,1,0,1,1,43.79280430135727,526.2931002137566,1
1,0,0,0,1,1,0,0,0,0,0,0,0,0,0,0,3,46.00759537895607,46.00759537895607,1
0,0,0,0,1,1,0,1,0,0,2,0,0,0,0,0,0,73.68618140674887,73.68618140674887,1
0,0,0,0,49,1,2,1,0,0,2,0,0,0,0,1,2,89.22787704215926,4452.240199911743,1
1,0,0,0,1,1,0,1,0,0,0,0,0,0,0,1,2,70.1177651999737,70.1177651999737,1
1,0,0,0,1,1,0,0,0,0,0,0,0,0,0,1,2,45.694035823197986,45.694035823197986,1
1,0,0,0,10,1,1,1,0,1,0,0,0,0,0,1,0,80.52858299767793,789.3615384558826,1
0,0,0,0,1,1,0,0,0,0,0,0,2,0,0,0,3,55.19994931390512,55.19994931390512,1
1,0,0,0,19,1,0,1,0,0,0,0,0,0,0,1,2,73.15591176872232,1471.1802903632956,1
0,0,1,0,14,1,2,1,0,0,2,0,0,1,0,1,2,85.75229606085793,1258.493021147204,1
0,1,0,0,5,1,1,1,0,0,0,0,2,0,0,1,1,85.24947098585065,446.9915809269876,1
1,0,0,0,52,1,2,1,0,0,0,0,2,0,0,0,0,85.71697762464318,4517.191316512458,1
0,1,0,0,18,1,2,1,0,0,0,1,2,2,0,0,0,99.19835928811379,1839.2610388857122,1
0,0,0,0,43,1,1,1,0,1,1,0,0,0,0,1,0,85.50703400672658,3861.6866742654706,1
1,0,0,0,56,1,1,1,0,2,2,0,0,2,0,1,0,95.66309144884227,5427.041526329254,1
0,0,0,0,6,1,0,1,0,0,1,0,0,0,0,0,2,74.87768055432538,435.79359469260817,1
1,0,0,0,1,1,0,0,0,0,0,0,0,0,0,1,3,45.38439986303093,45.38439986303093,1
1,0,0,0,1,1,2,1,0,0,0,0,0,0,0,1,2,74.94574718072555,74.94574718072555,1
1,1,0,0,1,1,2,1,0,0,0,0,0,0,0,1,2,73.60488728015426,73.60488728015426,1
1,0,1,0,42,1,2,1,1,0,0,0,1,1,0,0,1,94.8203870391402,4078.2064456180374,1
1,0,0,0,1,1,0,0,0,0,0,0,0,0,0,1,2,45.69821617977911,45.69821617977911,1
0,0,0,0,26,1,2,1,0,0,1,0,1,2,0,1,2,97.04776673461356,2508.2640531034344,1
0,1,0,0,27,1,2,1,0,0,1,0,0,0,0,1,2,78.86701701973125,2132.2679767895925,1
0,0,0,0,1,1,2,1,0,0,0,0,0,2,0,1,2,85.55921006651263,85.55921006651263,1
0,0,0,0,3,1,2,1,0,1,1,0,2,2,0,1,2,102.35468506545327,293.6469579662983,1
1,0,0,0,9,1,2,1,0,0,0,0,2,2,0,0,2,95.71221762172509,929.2595909554045,1
0,0,0,0,11,1,0,1,0,0,2,0,2,2,0,1,2,96.81372597379033,1061.7638957934344,1
0,0,1,0,65,1,2,0,0,1,2,0,2,2,1,1,0,80.93371439503976,5265.235503103199,1
0,0,0,0,55,1,0,1,0,0,1,0,2,2,1,1,2,97.40390225099709,5454.102540523468,1
1,1,0,0,49,1,2,1,0,0,0,0,2,1,0,1,1,95.07649223961204,4733.557793235286,1
0,0,0,0,2,1,2,1,0,0,1,0,0,0,0,0,3,81.3898841953924,155.86950980919454,1
0,0,0,0,1,1,0,2,1,1,1,1,1,1,0,1,3,20.30243710473012,20.30243710473012,1
0,0,0,0,9,0,0,0,0,0,1,0,2,1,0,0,2,51.5040846343251,445.35050590744765,1
0,0,0,0,1,1,0,0,1,0,0,0,0,0,0,1,0,48.85316034159037,48.85316034159037,1
0,0,0,0,6,1,0,0,2,1,0,0,0,0,0,0,1,53.922006802763114,365.4153882048673,1
1,0,0,0,1,1,0,2,1,1,1,1,1,1,0,1,3,20.1,20.1,1
0,1,0,0,2,1,2,1,0,1,0,0,0,1,0,0,2,88.43283513936441,159.426075836878,1
0,0,0,0,1,1,0,1,0,0,0,0,0,0,0,1,2,70.14912391059895,70.14912391059895,1
0,0,0,0,44,1,2,1,0,0,2,1,0,0,0,1,1,89.79246648595921,3947.3093166846475,1
0,0,0,0,2,1,1,1,0,0,0,0,2,2,0,0,2,94.41743098236901,169.73090000699446,1
0,1,0,0,17,1,0,1,0,0,0,0,0,2,0,0,2,80.0552721427439,1422.9563828255143,1
1,1,0,0,2,1,0,0,0,0,0,0,0,0,0,1,2,44.497817941056034,93.31401606928878,1
0,0,0,0,5,1,0,1,0,0,2,0,1,2,0,0,2,93.09616215390854,498.0294207757962,1
0,0,0,0,1,1,0,2,1,1,1,1,1,1,0,1,3,19.873979869650935,19.873979869650935,1
0,0,1,0,14,1,0,1,0,0,1,0,2,0,0,1,2,86.55334735878613,1306.1313237476168,1
1,0,0,0,5,1,0,1,0,0,0,1,2,2,0,1,1,95.72576437049305,456.2142519338921,1
1,0,0,0,23,1,2,1,0,0,1,0,0,0,0,1,2,83.36666773766787,1923.5343779117845,1
0,0,0,0,11,0,1,0,0,1,0,0,0,0,0,0,2,29.899273181388843,307.4471724803537,1
0,0,0,0,7,1,0,2,1,1,1,1,1,1,0,0,1,19.57500615120528,155.3007381446338,1
0,1,0,0,1,1,0,1,0,0,0,0,0,0,0,1,2,69.6,69.6,1
0,0,0,0,3,1,1,1,0,0,0,0,0,0,0,1,2,72.74573230469505,209.74780046628047,1
0,0,0,0,4,1,2,1,0,2,1,0,0,0,0,0,0,83.00481633713298,332.8967602107081,1
0,0,1,0,20,1,2,1,0,1,2,0,2,2,0,1,0,105.85642241121735,2239.914603342155,1
0,0,0,0,4,1,1,1,0,2,0,0,0,0,0,0,1,77.93782550578152,331.0601219191531,1
1,0,1,0,20,0,0,0,1,0,0,0,0,1,0,0,3,44.25882021020738,879.3803876432754,1
0,0,0,0,6,1,2,1,0,0,0,0,0,0,0,1,2,78.5183488251492,471.75275968341384,1
0,0,0,0,4,1,2,1,0,0,0,0,0,1,0,1,2,86.18264437671363,339.99529688732656,1
1,0,0,0,7,1,0,0,0,0,1,0,0,0,0,0,2,49.15136514842418,342.9581908905451,1
0,0,0,0,16,1,2,1,0,2,0,0,2,1,0,1,1,98.74450210101523,1533.8209315547513,1
0,0,0,0,5,1,0,1,0,0,0,0,0,1,0,1,2,80.04747606828337,412.63877619959754,1
0,1,1,0,35,1,2,1,1,1,0,1,2,0,0,1,0,99.85713487171037,3651.9562251840443,1
0,0,0,0,13,1,2,1,0,0,0,2,2,1,0,1,2,95.48309063471216,1301.365056250925,1
0,0,0,0,11,1,1,1,1,0,0,0,1,1,0,1,2,90.8671544741934,973.3328872542413,1
0,0,0,0,50,1,0,0,1,0,0,0,2,2,0,1,1,79.02026751335032,3887.364723502316,1
0,0,0,0,13,1,2,1,0,0,0,0,0,1,0,0,2,85.51563666739001,1138.6106797243244,1
0,0,0,0,2,1,0,2,1,1,1,1,1,1,0,0,3,20.604378468797105,38.54032464078987,1
0,0,0,0,61,1,2,1,0,0,2,1,2,2,1,1,2,105.91963189287631,6426.84411944495,1
0,0,0,0,4,1,2,1,0,0,1,0,0,2,0,1,2,87.64820428323057,376.1175489977274,1
1,0,0,0,5,0,1,0,2,1,2,2,0,0,0,0,3,41.76912088481154,221.02766525002727,1
0,0,0,0,37,1,2,1,0,0,0,2,1,1,0,0,0,96.6378976736601,3475.2928851287597,1
0,0,0,0,2,1,0,1,0,1,0,0,2,0,0,1,0,88.01934205957058,184.40200654467793,1
0,0,0,0,17,1,2,1,1,1,0,0,1,0,0,1,2,93.62629025883929,1616.6453206347644,1
0,0,0,0,1,1,0,1,0,2,0,0,0,0,0,0,2,75.79584210401534,75.79584210401534,1
0,0,0,0,10,1,0,1,0,0,1,0,0,1,0,0,0,82.73201271169484,865.9983169491933,1
0,0,0,0,44,1,1,1,0,2,0,0,1,1,0,1,2,92.77157081221884,4106.80853584508,1
0,0,0,0,8,1,0,1,1,0,0,1,2,2,0,0,1,100.1359972474047,829.3601036642242,1
1,0,0,0,58,1,1,1,0,2,0,2,2,0,1,1,1,97.57781122981258,5639.869631616995,1
0,0,0,0,37,1,2,1,1,0,2,1,0,2,0,1,2,99.93408798432017,3750.523879876538,1
0,0,0,0,5,1,0,1,0,0,0,0,1,2,0,1,2,91.14483823360935,450.1990847088476,1
0,0,0,0,51,1,1,1,0,0,0,0,1,0,0,1,0,82.3947026341956,4111.721238993057,1
1,0,1,0,60,1,2,1,0,2,2,0,2,1,0,1,2,106.05024373708049,6269.548367755293,1
0,0,0,0,1,1,0,0,0,1,0,0,0,0,0,1,2,51.141178509251986,51.141178509251986,1
0,0,0,0,4,1,0,1,0,1,0,0,0,0,0,0,0,76.17573078872987,335.24170111593514,1
0,0,0,0,1,1,0,1,0,0,0,0,0,0,0,1,2,69.53590344719012,69.53590344719012,1
1,0,0,0,50,0,1,0,0,1,0,0,0,0,0,0,0,27.78261940791119,1358.6090286490196,1
0,0,0,0,14,1,1,1,0,2,0,0,2,2,0,1,1,100.27459260213654,1417.6108070805644,1
0,0,0,0,1,1,0,1,0,0,0,0,0,0,0,0,0,69.73508691369386,69.73508691369386,1
0,0,1,1,6,1,1,1,0,0,0,1,0,0,0,1,2,75.39934332951145,504.6463182187373,1
1,1,1,0,68,1,2,1,0,2,2,1,2,2,1,1,0,107.28827309594386,7311.547569654761,1
0,0,0,0,4,1,2,1,0,1,0,0,0,0,0,0,0,77.6840175702359,305.82928155125234,1
1,0,0,0,4,1,0,1,0,0,0,0,1,0,0,0,2,77.78301082295445,299.2460550592188,1
0,1,1,0,40,1,1,1,0,1,0,0,1,1,0,1,2,88.46357330070032,3438.863015073433,1
0,0,1,0,7,1,1,1,0,0,0,0,0,1,0,1,1,84.0494436995567,647.3647766498877,1
0,1,0,0,3,0,0,0,0,0,0,0,0,0,0,0,2,44.10113016745326,128.2907106872697,1
1,0,0,0,1,1,0,2,1,1,1,1,1,1,0,0,0,19.97978925458862,19.97978925458862,1
0,0,0,0,39,1,2,1,0,0,0,0,2,0,0,1,2,91.84034314657808,3543.9676825280167,1
0,0,0,0,39,1,2,0,0,2,0,1,0,0,0,0,1,77.01318715139071,2922.948863242921,1
0,0,0,0,2,1,1,1,0,0,0,0,0,0,0,0,2,77.12740540120745,143.4687811678588,1
0,0,0,0,1,1,0,1,0,2,0,0,0,0,0,1,2,74.61468882699785,74.61468882699785,1
0,0,0,0,22,1,0,0,0,1,0,1,0,0,0,0,1,52.60657148867445,1208.0256989329048,1
0,0,0,0,13,1,0,0,0,0,0,0,0,1,0,0,1,51.77412723836592,689.4237005724281,1
0,1,0,0,1,1,0,1,0,0,0,0,2,0,0,0,2,79.15104743661622,79.15104743661622,1
1,0,0,0,12,1,0,1,0,1,1,0,0,0,0,1,2,79.96307141492895,967.6170609275413,1
1,0,1,0,54,0,1,0,0,0,0,0,1,1,0,1,2,48.505576768895764,2573.3414538549887,1
0,0,0,0,12,1,2,1,0,0,0,0,1,1,0,1,2,88.37055918466567,1076.0333474814904,1
0,0,0,0,8,1,1,1,0,0,0,0,0,1,0,1,1,86.21867557266913,649.8417386732239,1
1,1,0,0,15,1,1,1,0,0,0,0,2,0,0,0,1,88.05468097284967,1275.370195715465,1
0,0,0,0,8,1,0,1,1,0,0,0,0,0,0,1,2,74.50310183818144,610.7064779271741,1
1,0,1,0,1,1,0,1,0,0,0,0,0,0,0,0,2,70.0,70.0,1
0,0,1,0,62,1,2,1,2,0,0,1,0,2,1,1,1,101.5139910123664,6314.67149566412,1
1,0,1,0,19,1,2,1,0,0,0,1,1,2,0,1,2,98.38352034487941,1875.2504424377303,1
0,0,1,0,13,1,0,1,0,0,0,0,2,1,0,0,2,87.5807299906271,1227.1591967197796,1
0,0,0,0,35,1,2,1,0,2,0,0,2,1,0,1,1,99.15303832483623,3615.684960564865,1
1,0,0,0,40,1,2,1,0,2,0,0,2,2,0,1,2,103.51178395632763,4278.577243052389,1
0,0,1,0,60,1,2,1,0,0,1,0,2,1,0,1,0,94.38904097371176,5687.251860747358,1
0,0,0,0,1,1,0,1,0,0,0,0,0,0,0,0,3,69.71028166673379,69.71028166673379,1
0,0,0,0,18,1,2,1,0,0,0,1,1,2,0,1,0,99.18790947422758,1777.577546672254,1
0,0,0,0,3,1,0,1,0,0,0,0,1,0,0,0,2,78.91558544591884,244.3406750437795,1
1,0,0,0,18,1,0,0,1,0,0,0,0,0,0,0,2,49.4622238483282,876.2726310771008,1
0,0,0,0,4,1,1,1,0,1,0,0,1,2,0,1,1,96.57517583944181,385.54564091084706,1
0,0,0,0,21,1,1,1,0,0,0,1,2,0,0,1,1,92.31410614407278,2006.2213050380376,1
0,0,0,0,23,1,2,1,0,0,0,0,0,0,0,1,0,78.22104731489031,1842.8623982346671,1
0,0,0,0,25,1,2,1,0,0,1,0,0,2,0,1,1,91.06989257467606,2366.1838708534897,1
0,0,0,0,5,1,0,1,0,0,0,1,0,1,0,1,1,85.36620454042807,425.2640308971463,1
0,0,1,0,65,1,2,1,0,1,2,0,2,2,1,0,1,106.69706397506665,6972.004321934775,1
1,1,0,0,1,1,2,1,0,0,0,0,0,0,0,1,2,75.79164723298442,75.79164723298442,1
0,0,0,0,12,1,1,1,0,0,0,0,1,1,0,1,2,87.11580156872397,1077.2843207763333,1
0,0,0,0,1,1,0,1,0,0,0,0,0,0,0,0,2,70.7386414822147,70.7386414822147,1
0,0,0,0,1,0,1,0,0,0,0,0,0,0,0,0,2,24.698431004340478,24.698431004340478,1
0,0,0,0,3,1,0,0,0,0,0,0,0,0,0,0,2,44.66580866736375,130.6328798021546,1
0,0,0,0,26,1,0,1,0,0,0,0,2,1,0,0,2,90.40180673394545,2351.2478784495547,1
0,0,0,0,4,0,0,0,0,1,0,0,1,1,0,1,2,47.19064410411885,199.3060334220558,1
0,0,0,0,58,1,2,1,0,2,1,0,2,2,0,0,0,102.38685717495855,6026.582524584731,1
1,0,0,0,23,1,1,1,0,0,0,0,0,2,0,1,1,88.85701291239513,2039.0041900168337,1
1,0,0,0,1,1,0,2,1,1,1,1,1,1,0,0,3,19.73731759774496,19.73731759774496,1
1,0,0,0,17,1,1,1,0,0,1,0,2,2,0,0,1,97.86449982628896,1623.7035758417994,1
1,0,0,0,7,1,1,1,0,2,0,0,2,2,0,1,2,98.89723247616456,672.5586915358017,1
0,0,1,0,40,0,1,0,1,0,1,1,2,0,0,0,2,64.97161953588679,2569.7187910234343,1
0,0,0,0,4,1,0,1,0,0,1,0,0,0,0,1,2,74.93371313069822,283.3455296791604,1
0,0,0,0,1,1,0,1,1,0,0,0,0,2,0,1,2,84.62342612211381,84.62342612211381,1
1,0,0,0,27,1,2,1,0,1,0,0,1,1,0,1,2,91.24538318021519,2443.6415441250256,1
0,0,0,0,1,1,2,0,0,0,0,0,0,0,0,1,0,50.1523851336403,50.1523851336403,1
0,0,0,0,31,1,0,1,0,0,1,2,1,1,0,0,1,97.15801763341489,2912.094139020061,1
0,0,0,0,10,1,0,1,0,0,0,0,1,2,0,1,1,87.42720990084663,864.1363950495767,1
0,0,1,0,52,1,2,1,1,2,0,1,2,2,1,0,1,105.69978295678158,5611.995553201463,1
0,0,0,0,1,1,0,1,0,0,0,0,0,0,0,0,1,69.90075297038159,69.90075297038159,1
0,0,0,0,2,1,0,0,0,1,0,0,0,0,0,1,3,52.128466087469185,114.07937650580301,1
0,0,0,0,13,1,2,1,0,0,0,1,2,0,0,1,2,91.91955296774606,1300.127916869057,1
0,1,0,0,46,1,1,1,0,2,0,0,0,2,0,0,1,97.90810485833023,4570.455287551257,1
0,0,0,0,5,1,0,1,0,0,0,0,2,1,0,1,2,89.15506954533123,477.0791251815962,1
0,0,0,0,39,1,0,1,1,0,0,0,0,0,0,1,2,84.09721844243505,3202.146997998209,1
0,1,0,0,3,1,0,1,0,0,0,0,0,0,0,1,2,73.06693221709821,204.80371403066493,1
0,0,0,0,1,1,0,1,0,0,2,0,0,0,0,0,2,76.09892845021847,76.09892845021847,1
0,0,0,0,40,1,1,1,0,1,1,0,1,2,0,0,2,100.65583012029266,3990.656289675519,1
0,0,0,0,42,1,2,1,0,2,0,0,2,2,0,1,1,103.04831445302545,4295.08857421709,1
0,0,0,0,10,1,2,1,0,0,0,0,0,1,0,0,1,86.28827192966462,832.1640405714751,1
0,0,0,0,49,1,2,1,1,0,0,0,0,0,0,1,1,79.25338506243884,3804.915414763878,1
1,0,1,0,7,0,0,0,1,0,0,0,0,0,0,0,2,49.200074160129006,331.15798618420916,1
1,0,0,0,67,1,2,1,0,1,0,0,2,2,2,0,0,101.55672288797889,6863.552538631282,1
0,0,0,0,11,1,0,1,0,0,0,0,0,2,0,1,2,86.40261557671526,951.5434722655781,1
0,0,1,0,43,1,2,1,0,0,0,0,2,2,0,1,2,96.94065051239895,4368.268940296182,1
1,0,0,0,1,0,0,0,0,1,1,0,0,1,0,1,2,43.368158743290294,43.368158743290294,1
0,0,0,0,1,1,0,1,0,0,0,0,0,2,0,0,1,80.3168936072066,80.3168936072066,1
0,1,0,0,1,0,1,0,0,0,0,0,0,0,0,1,3,25.763009312686165,25.763009312686165,1
1,0,0,0,12,1,1,1,0,0,0,1,2,2,0,1,2,98.43357821914687,1133.255473926951,1
1,0,0,0,1,1,0,2,1,1,1,1,1,1,0,0,3,20.121653043995074,20.121653043995074,1
0,1,1,0,31,1,0,1,0,0,1,1,2,2,0,1,2,97.32070527663363,2916.7582642193543,1
0,0,0,0,1,1,0,1,0,0,0,0,0,0,0,1,2,70.28547189826448,70.28547189826448,1
0,0,0,0,1,1,0,1,0,0,0,0,0,0,0,1,3,70.12513083171383,70.12513083171383,1
0,0,1,0,27,0,1,0,0,2,0,1,0,0,0,1,2,57.459022586388905,1618.8034106043006,1
1,0,0,0,1,1,0,2,1,1,1,1,1,1,0,0,3,20.24709402496046,20.24709402496046,1
0,0,0,0,1,1,0,0,0,0,0,0,0,2,0,1,3,54.91829584706149,54.91829584706149,1
0,0,0,0,13,1,2,1,1,0,0,0,2,1,0,1,2,98.25690448746464,1306.1266690558468,1
0,0,1,0,32,1,1,1,0,0,0,0,0,2,0,0,1,86.75831133354778,2746.052498289307,1
0,0,0,0,4,1,0,1,0,0,1,1,0,0,0,1,2,82.64738526695272,320.1635570628479,1
1,0,0,0,16,1,2,1,0,0,2,0,1,2,0,1,1,94.85608055854128,1592.2420519977825,1
1,0,0,0,5,1,1,0,0,0,2,0,0,0,0,1,1,75.74838773650538,345.3967739706117,1
0,0,0,0,37,1,2,1,0,0,2,0,2,2,0,1,1,99.48398431206213,3762.9705506890346,1
0,1,0,0,1,1,0,1,0,0,0,0,0,0,0,1,2,69.81387465635291,69.81387465635291,1
0,0,0,0,6,0,0,0,0,1,0,0,0,1,0,1,0,45.249674078045835,290.773290756099,1
0,0,0,0,1,1,0,1,0,0,0,0,0,2,0,0,2,79.86193500725318,79.86193500725318,1
1,0,0,0,1,1,0,1,0,0,0,0,2,0,0,1,2,79.9277397694295,79.9277397694295,1
0,0,0,0,10,1,1,1,0,0,0,1,2,2,0,1,2,98.44483462829427,1058.3349546724269,1
1,0,0,0,2,0,1,0,0,1,0,0,0,0,0,0,1,29.604369681935992,79.38270689818575,1
0,0,1,0,16,1,0,1,1,0,1,0,2,0,0,1,2,90.31300067407501,1539.0451789464007,1
0,0,0,0,7,1,0,0,0,0,1,0,0,0,0,0,2,48.913455203840925,344.9460144845003,1
1,0,0,0,6,1,0,0,0,0,0,0,0,0,0,0,1,44.707949787117286,268.10460226160313,1
1,0,0,0,3,1,2,1,0,0,1,0,0,2,0,0,2,90.98422324171213,258.0743923475925,1
1,0,0,0,23,1,2,1,0,0,2,1,2,2,0,1,2,103.56615879631478,2481.800160016388,1
0,0,0,0,22,1,0,1,0,1,1,1,0,0,0,0,2,85.74043664201051,1902.9559299961982,1
0,0,0,0,1,1,2,1,0,0,0,0,2,2,0,0,2,94.96428667895775,94.96428667895775,1
1,1,0,0,1,1,2,1,0,0,0,0,0,0,0,1,2,74.6836303775152,74.6836303775152,1
0,0,0,0,2,1,0,0,0,1,0,0,0,0,0,1,1,48.549326424573394,91.64072746146073,1
0,0,0,0,15,1,1,1,0,0,0,0,2,0,0,0,2,86.8190505464537,1350.0280040951384,1
1,0,0,0,1,1,0,1,0,0,0,0,2,2,0,1,2,89.37755308532374,89.37755308532374,1
0,0,0,0,7,1,2,0,0,0,0,0,0,0,0,0,2,73.82714941651237,520.2379660553939,1
0,0,0,0,36,1,2,1,0,2,0,0,2,1,0,1,2,97.15840194330234,3619.4504229096156,1
0,0,0,0,8,1,0,1,2,0,0,0,0,0,0,0,1,74.28627203328658,639.3259698359732,1
0,0,0,0,13,0,0,0,0,0,0,0,0,0,0,0,1,23.15502347559314,300.171706545681,1
1,0,1,0,34,1,1,1,0,0,0,0,0,0,0,0,2,75.73834348605442,2574.133455650307,1
0,0,1,0,42,1,2,1,0,0,1,1,1,2,0,1,2,95.54461063570997,4027.862598354825,1
1,0,0,0,11,1,1,1,0,0,0,0,0,0,0,1,2,74.42062057778767,830.8631776995322,1
0,0,0,0,58,1,0,1,1,1,2,0,2,2,1,1,2,104.5078986351241,6141.755569802916,1
0,0,1,0,49,1,1,0,0,0,2,1,0,0,0,0,1,73.6124885949208,3577.445300809794,1
1,0,0,0,64,1,2,1,0,2,0,2,2,2,1,1,1,105.37149169368003,6900.8197132420055,1
0,0,0,0,28,0,1,0,1,0,0,0,0,0,0,0,1,45.47602159939655,1128.805737769297,1
0,0,0,0,2,1,0,1,0,0,0,0,0,0,0,1,1,70.70206629419472,137.24931778794158,1
0,0,0,0,1,1,2,1,0,0,0,0,0,0,0,1,2,76.86899409525243,76.86899409525243,1
1,0,0,0,1,1,0,0,0,0,0,0,0,0,0,0,3,44.66919169434018,44.66919169434018,1
0,0,0,0,8,1,2,1,0,0,0,0,0,1,0,1,2,84.91892436303324,764.6829562105311,1
0,1,0,0,37,1,2,1,0,0,0,0,0,0,0,1,2,76.38527845621971,2855.9436277417776,1
1,0,0,0,32,1,1,1,0,0,0,0,2,2,0,1,1,96.01178133148919,3026.1609334255404,1
0,0,0,1,1,1,0,2,1,1,1,1,1,1,0,0,3,19.516146291824423,19.516146291824423,1
0,0,0,0,2,1,0,1,0,0,1,0,0,0,0,0,2,74.28492696026412,152.9417650922468,1
0,0,0,0,8,0,1,0,0,0,0,0,1,0,0,1,1,37.013318692792105,294.90050141855227,1
0,0,0,0,65,1,2,1,0,0,0,0,2,0,1,1,1,86.87236443699017,5677.158804895977,1
0,0,0,0,34,0,1,0,1,1,0,1,0,0,0,1,2,63.48533805562925,2088.002181928218,1
0,0,1,0,17,1,2,1,1,0,2,0,0,0,0,0,0,86.49735797282716,1462.3422060952014,1
1,1,0,0,3,1,2,1,0,0,0,0,0,0,0,1,2,78.0279386283261,236.79295369086879,1
0,0,0,0,50,1,2,1,0,2,1,0,2,2,0,1,0,103.11061233829808,5134.740081339999,1
0,1,0,0,8,1,1,1,0,0,0,0,0,2,0,1,1,86.14614921496127,731.9217298054349,1
1,0,0,0,67,1,2,1,0,2,0,1,2,2,0,1,0,104.80004340699209,7191.304064169964,1
0,0,0,0,2,1,0,1,0,0,0,0,0,0,0,1,1,69.84405814963527,135.04845991075177,1
0,0,0,0,3,1,0,2,1,1,1,1,1,1,0,0,2,19.805816629519807,61.58501484647042,1
0,0,0,0,49,1,2,1,0,2,1,0,1,2,0,1,0,105.28440047874047,5121.839110302715,1
0,1,0,0,25,1,2,1,0,1,0,0,2,0,0,1,2,89.96161982466349,2275.141356905586,1
0,0,1,0,42,1,2,1,0,2,2,1,2,1,0,1,2,109.27971987111171,4534.65724726101,1
0,0,1,0,33,0,1,0,2,0,1,0,1,2,0,0,2,68.71933894100786,2181.6817213063964,1
0,1,1,0,25,1,0,1,0,2,2,0,1,2,0,1,2,98.34910689341983,2514.280054115832,1
0,1,0,0,35,1,0,0,1,2,0,0,0,0,0,1,1,64.01193685602695,2261.111967496435,1
0,0,0,0,6,1,2,1,0,0,0,0,0,0,0,0,2,75.18143909591309,475.403196545906,1
0,0,0,0,1,1,0,0,0,0,0,0,0,2,0,1,2,55.60411785620791,55.60411785620791,1
0,0,0,0,56,1,2,1,1,1,0,0,0,2,0,1,0,95.96465347270038,5437.628755732137,1
0,0,0,0,37,1,1,0,0,1,0,2,0,0,0,0,1,81.28670787136528,2914.105993430293,1
0,0,1,0,3,0,1,0,0,0,0,0,1,0,0,0,2,35.4690448261616,93.409346615159,1
1,0,0,0,70,1,2,1,0,1,2,0,2,2,2,1,1,104.93234009427775,7360.8608673391855,1
1,0,0,0,23,1,2,1,0,0,0,1,1,0,0,1,2,90.00440239721708,1941.580719017434,1
0,0,0,0,4,1,0,1,0,0,0,0,2,0,0,1,2,79.09606016648517,303.4524116352311,1
0,0,1,0,55,1,2,1,0,0,2,1,2,2,0,1,1,102.65853047386985,5719.612621732241,1
0,0,0,0,47,0,1,0,1,2,0,0,2,1,0,1,2,48.63930401064904,2110.2613613077356,1
0,0,0,1,4,1,0,0,0,0,0,0,0,0,0,0,2,46.41468605632885,181.9415061640355,1
0,0,0,0,1,1,0,1,0,0,0,0,2,1,0,0,2,91.05844527299091,91.05844527299091,1
0,0,0,0,1,1,2,1,0,0,0,0,2,2,0,1,2,93.56206269387854,93.56206269387854,1
1,0,0,0,4,1,1,1,0,0,0,0,0,0,0,0,2,74.80582351487978,301.2928713335201,1
1,0,1,0,56,1,2,1,2,0,2,0,1,1,1,0,0,103.09948626524503,5792.194907496242,1
0,0,0,0,15,1,1,1,0,0,0,0,0,0,0,1,2,74.20984105444143,1145.8740601532031,1
1,0,0,0,1,1,0,0,0,0,0,0,0,0,0,0,3,45.05,45.05,1
0,0,1,0,10,1,2,1,0,1,1,0,2,2,0,1,1,98.38428789862759,1073.4602353850362,1
0,0,0,0,1,1,0,1,0,0,0,0,2,2,0,1,2,88.96329357235605,88.96329357235605,1
0,0,0,0,3,1,0,1,0,0,0,0,1,0,0,0,2,78.35184823666683,242.04772074210257,1
1,0,0,0,1,1,2,1,0,0,0,0,0,0,0,1,2,75.5040291101544,75.5040291101544,1
1,0,1,0,48,1,2,0,1,0,2,1,1,1,0,0,1,84.19216537665038,4060.2417656219254,1
0,0,0,0,4,1,0,0,0,1,0,1,0,0,0,0,2,54.67583323473388,235.73771683663776,1
0,0,0,0,8,1,2,1,0,0,2,0,2,1,0,0,2,100.78267165283546,779.9712654179486,1
1,0,0,0,8,1,0,1,0,0,1,0,1,2,0,1,2,93.0605897434361,741.3532998539581,1
1,0,0,0,1,0,1,0,1,0,0,0,0,0,0,0,3,29.909458282695706,29.909458282695706,1
0,0,0,0,2,1,0,0,1,1,0,0,0,0,0,1,2,53.30138718211969,107.95274595312169,1
0,0,0,0,37,1,2,1,0,0,2,0,2,2,0,1,2,100.32969870186517,3752.69181768845,1
1,0,1,0,61,1,2,1,1,2,0,0,2,2,0,1,2,105.36079664951716,6561.295363569885,1
0,0,1,0,10,1,2,1,0,0,0,0,2,2,0,1,2,96.23837322830715,1073.7965090394598,1
0,0,0,0,3,1,0,1,1,0,2,0,2,2,0,1,1,99.06296799969407,287.4739873996405,1
1,0,0,0,12,1,0,1,0,0,0,0,0,2,0,0,2,86.4376377940214,1008.6526471373388,1
0,0,0,0,7,1,2,1,0,0,0,0,0,0,0,1,0,75.59488752964408,552.6438840022821,1
0,0,0,0,12,1,0,1,0,0,1,0,2,2,0,0,3,94.68742763631124,1117.1386639427121,1
0,0,0,0,17,1,2,1,0,0,0,0,2,2,0,1,2,98.79372040478498,1749.091637752765,1
0,0,0,0,19,1,0,1,0,1,0,0,0,0,0,1,0,79.01474039340175,1560.445835278732,1
1,0,0,0,1,0,1,0,0,0,0,0,0,0,0,1,2,25.16151370928331,25.16151370928331,1
0,0,0,0,11,1,1,1,1,0,0,0,0,0,0,1,2,78.92864403749742,927.3453938120093,1
0,0,0,0,13,1,2,1,1,0,0,0,2,1,0,1,2,97.78447415424179,1305.760083769958,1
0,0,0,0,2,1,0,1,0,0,0,0,1,0,0,1,2,81.93490094751124,165.502905352956,1
0,0,0,0,2,1,2,1,0,0,1,0,2,0,0,1,1,92.55020866799892,193.68215776199992,1
0,0,0,0,2,1,0,2,1,1,1,1,1,1,0,0,3,19.916197464627228,32.357912725452856,1
0,0,0,0,60,1,2,1,0,0,2,1,2,2,1,1,1,102.7389621972764,6233.974327820486,1
0,0,0,0,15,1,0,1,1,0,0,0,2,0,0,0,2,86.20960201793795,1270.459254484325,1
0,0,0,0,5,0,0,0,0,1,0,0,0,0,0,0,1,25.616109927462443,133.2466840207244,1
0,0,0,0,4,1,0,1,0,0,0,0,0,0,0,0,2,71.01978789389052,280.9734376616904,1
1,0,0,0,9,1,1,1,0,0,0,0,2,1,0,1,2,95.30078790544931,897.5872125344645,1
0,0,0,0,4,0,0,0,0,0,0,0,0,0,0,0,2,45.98701613016681,193.79043009088684,1
0,0,0,0,37,1,2,1,0,1,0,0,2,2,0,1,1,97.30705473519396,3625.555910832702,1
0,0,0,0,61,1,2,1,0,0,2,0,2,2,0,1,2,101.71022636563954,6408.982888088869,1
0,0,1,1,4,1,0,0,0,1,0,2,0,0,0,0,2,58.06105052916728,233.34973122487304,1
0,0,0,0,65,1,2,1,0,1,0,0,2,2,0,1,1,104.68187727623177,6861.242789959654,1
1,0,0,0,1,1,0,1,0,0,0,0,2,2,0,0,2,89.24476959755869,89.24476959755869,1
0,0,1,0,10,1,0,0,0,0,0,0,0,0,0,0,2,68.90854262164615,737.8266821667831,1
0,0,0,0,3,1,1,0,0,0,0,0,0,0,0,1,0,73.90419752037386,257.1451581872079,1
1,0,0,0,4,1,2,1,0,2,0,0,0,2,0,1,2,92.40896137229593,367.38117486080256,1
0,0,0,0,35,1,1,0,2,2,0,1,0,0,0,0,1,60.87650192851076,2267.0804857757066,1
0,1,0,0,19,0,1,0,0,0,1,0,2,1,0,1,2,45.42769125010633,824.0202910460271,1
0,0,1,0,53,1,0,1,0,0,2,0,1,2,0,0,0,94.39866462077657,5013.977606313136,1
0,0,0,0,3,0,0,0,1,0,0,1,0,0,0,0,2,35.110979451417016,139.51676629013932,1
1,0,0,0,49,1,2,1,0,1,2,0,1,2,0,0,0,102.98719751176905,5035.783581870772,1
0,0,0,0,26,0,1,0,0,0,0,0,0,0,0,1,1,29.18274183261168,718.6023166713773,1
0,0,0,0,4,1,1,1,0,0,0,0,0,1,0,1,1,84.21780762482497,384.20448418463695,1
1,0,1,0,67,1,2,1,0,1,2,0,2,2,0,0,1,103.08828002678946,7033.615658256075,1
1,0,1,0,58,1,2,1,2,2,2,0,2,1,0,1,2,108.83428070234014,6286.992877202564,1
0,0,0,0,4,1,1,0,0,0,0,0,0,0,0,0,3,52.0199560370672,246.37604285585627,1
0,0,1,1,15,1,0,0,0,0,0,0,0,1,0,0,2,51.99696565861119,735.0978713618844,1
0,0,0,0,15,1,1,1,0,0,0,0,0,0,0,1,1,73.48861559381352,1135.6953987394231,1
0,0,0,0,1,1,0,0,0,0,0,0,0,0,0,1,0,44.29383565058956,44.29383565058956,1
0,0,0,0,1,1,0,1,0,0,0,0,2,0,0,1,2,80.01040045188047,80.01040045188047,1
0,0,0,0,33,1,2,1,0,1,0,1,0,0,0,0,1,88.5364156674109,2923.030583735449,1
0,0,0,0,22,1,1,0,0,0,0,0,0,1,0,0,2,84.86478322008682,1873.484384618413,1
0,0,1,0,37,1,2,1,0,0,0,0,1,1,0,1,2,91.96636889093224,3473.589936496448,1
1,0,0,0,1,1,1,1,0,0,0,0,2,0,0,0,2,84.56025260866856,84.56025260866856,1
0,0,1,0,46,1,2,1,0,0,0,0,2,0,0,1,0,90.04785686952556,4115.130712221772,1
0,0,0,0,3,1,1,1,0,0,0,0,0,0,0,0,1,73.83509062514796,273.47203543850554,1
0,0,0,0,20,1,2,1,0,1,0,0,0,0,0,1,2,85.68117111679756,1681.5701210472523,1
0,0,1,0,45,1,2,0,0,0,0,0,2,2,0,1,0,85.73679561599076,3710.618270060886,1
1,1,0,0,1,0,1,0,0,0,1,0,0,1,0,0,2,39.74206352467063,39.74206352467063,1
1,1,1,0,70,1,2,1,1,2,0,0,2,2,0,1,1,106.22604800134266,7537.064729586842,1
0,0,1,0,32,1,0,1,1,0,2,2,2,2,0,1,2,103.90361333892935,3359.781020243627,1
1,0,1,0,31,1,2,1,0,0,1,0,0,0,0,1,2,79.23087615566287,2449.09167178035,1
1,0,0,0,41,1,2,1,0,1,2,2,0,2,0,0,1,101.09752954123736,4136.171508373543,1
1,0,0,0,19,1,2,1,0,0,0,0,2,0,0,1,2,87.23082138061295,1735.6828933332988,1
1,0,0,0,33,1,1,0,0,1,0,1,1,1,1,1,1,75.70763288783431,2591.816603823382,1
0,0,0,0,1,1,2,1,0,0,2,0,2,2,0,1,2,101.15658246978555,101.15658246978555,1
0,1,1,0,47,1,2,1,0,2,0,0,2,0,0,1,2,93.26547632747146,4375.827666153921,1
0,0,0,0,3,1,1,1,0,0,0,0,0,0,0,0,2,72.6897283034476,220.3598058379015,1
0,0,0,0,2,0,0,0,0,0,0,0,1,1,0,0,2,44.60191053016076,97.10486316768193,1
0,0,1,0,34,1,1,1,0,1,1,0,2,1,0,1,1,100.823502052295,3406.1384367689507,1
0,0,0,0,53,1,2,1,1,0,2,0,2,2,0,1,0,104.30699835012993,5634.441475843778,1
0,0,0,0,1,1,2,1,0,0,0,0,2,2,0,1,2,94.81639845378301,94.81639845378301,1
1,0,0,0,25,1,0,1,0,1,1,0,2,0,0,0,2,91.13674847901865,2334.767960804371,1
1,0,0,0,1,0,1,0,0,0,0,0,0,2,0,1,1,35.41825264732514,35.41825264732514,1
1,0,0,0,34,1,0,1,0,0,2,0,2,0,1,1,2,85.69024141848419,3030.9119703965894,1
0,0,0,0,23,1,1,1,0,0,0,0,0,0,0,0,1,78.80896632398535,1711.766911599516,1
1,1,0,0,1,0,1,0,0,0,0,0,0,0,0,0,2,25.09535209802075,25.09535209802075,1
0,0,0,0,13,0,1,0,0,0,2,0,1,1,0,1,0,48.620874831367644,633.1171947126347,1
1,0,0,0,7,1,1,1,1,2,0,0,0,2,0,1,1,94.60625807449617,672.2459069009651,1
0,0,1,0,31,1,0,1,0,0,2,0,2,2,0,1,2,97.31061718379726,3040.0911297712223,1
0,0,0,0,22,1,0,1,0,1,1,0,2,0,0,1,2,89.59846858204509,1998.9529865304214,1
0,0,0,0,36,1,1,1,0,0,0,0,1,1,0,1,2,89.32859631439688,3204.6471847608364,1
0,0,0,0,2,1,0,0,0,0,0,0,0,0,0,0,1,64.5517412993925,114.945865119892,1
1,0,0,0,2,1,0,0,0,0,0,0,0,0,0,0,2,44.93257731206814,92.19719275279051,1
0,0,0,0,1,0,1,0,0,0,1,0,0,1,0,0,2,39.832798715625444,39.832798715625444,1
0,0,0,0,25,1,2,1,0,0,0,1,0,0,0,1,1,83.97748932784714,2175.987629357881,1
0,0,0,1,26,1,2,1,0,1,1,0,2,1,0,0,1,102.65000958596659,2708.1752668322747,1
0,0,0,0,1,1,0,2,1,1,1,1,1,1,0,0,3,20.216956097488936,20.216956097488936,1
1,0,0,0,3,1,2,1,0,0,0,0,0,0,0,1,2,77.50337115534154,231.40309212872913,1
0,0,0,0,3,1,0,1,0,0,0,0,1,0,0,0,1,80.27108608161942,221.25686510175404,1
0,0,0,0,7,1,0,1,0,1,0,1,1,0,0,1,2,86.80849929922708,608.2642266580734,1
0,0,0,0,24,0,0,0,2,0,0,0,0,0,0,0,0,45.34643665618064,1060.5019851174225,1
0,0,0,0,6,1,1,1,0,2,0,0,2,0,0,1,2,89.96770475218938,521.3554380086063,1
0,0,0,0,6,1,0,0,2,1,0,0,0,0,0,0,1,54.1613239078385,361.34040003236225,1
1,1,0,0,3,1,2,1,0,0,0,0,0,0,0,1,2,77.21487296276113,232.2175959677823,1
0,0,0,0,4,1,2,1,0,2,0,1,0,1,0,1,2,92.6932019039525,363.59554265262267,1
0,0,0,0,2,1,0,0,1,1,0,0,0,0,0,1,2,52.687827175326674,107.73214010798263,1
1,0,0,0,13,0,0,0,0,0,0,1,0,0,0,1,1,34.32146024195283,437.38061639012767,1
1,0,0,0,27,1,0,1,1,0,0,0,0,0,0,1,0,77.32261071272599,2077.31033338084,1
0,1,1,0,32,1,2,1,0,1,0,0,0,0,0,0,0,81.55765503555497,2657.437279396501,1
0,0,0,0,6,1,2,1,0,2,0,0,2,2,0,1,1,102.47624561948278,672.2430957075213,1
0,0,0,0,7,1,0,1,0,0,0,0,1,0,0,1,2,79.91010792203623,525.3158831232287,1
0,0,0,0,8,1,2,1,0,0,2,0,2,2,0,1,2,102.50583940056826,824.9180079615628,1
1,0,0,0,4,1,0,0,0,0,1,0,0,0,0,0,1,51.82832159490951,236.22449763236008,1
0,0,0,0,1,1,0,2,1,1,1,1,1,1,0,0,3,19.526133301788537,19.526133301788537,1
0,0,0,0,37,1,2,1,0,0,2,0,2,2,0,1,0,99.35477486822927,3770.8006429853062,1
0,0,0,0,5,1,0,1,0,0,0,0,0,1,0,0,2,78.21688182717843,412.96080581994266,1
0,0,0,0,1,1,0,1,0,0,2,0,0,0,0,0,1,74.06507864073683,74.06507864073683,1
1,0,0,0,4,0,1,0,0,1,0,0,1,1,0,0,1,49.47219048307049,201.02881845259594,1
0,0,0,0,6,1,1,1,0,1,0,0,2,2,0,1,2,98.19343686934003,560.6820973439294,1
0,0,0,0,12,1,0,1,0,1,0,1,0,2,0,1,0,94.55825536309904,1166.8439919294008,1
0,0,0,0,12,1,0,1,0,0,1,1,0,2,0,0,2,87.871900961192,1095.5500309040033,1
1,0,0,0,10,1,1,1,0,1,0,0,0,0,0,1,0,78.78917976511586,789.5829055129038,1
0,0,0,0,9,1,2,1,0,0,0,0,2,0,0,1,0,85.35,754.7445877478184,1
0,0,0,0,32,1,2,1,0,0,1,0,1,2,0,1,2,93.6978655129786,3047.810688754777,1
1,0,0,0,8,0,1,0,0,0,0,0,1,0,0,1,1,34.68829484750122,295.1138409019772,1
1,0,0,0,35,1,1,1,1,0,0,0,2,0,0,1,2,91.78308957904652,3186.124449418532,1
0,0,0,0,4,1,2,1,0,2,0,0,1,0,0,0,2,89.81224227083776,366.80554125233897,1
0,1,0,0,20,1,2,1,0,0,0,0,2,1,0,0,2,93.93459412823087,1971.6701496861601,1
1,0,0,0,22,0,1,0,1,0,0,0,0,2,0,0,1,41.43497692463299,888.9590432530844,1
1,0,0,0,3,1,0,0,0,0,1,0,0,0,0,0,2,49.5545214874634,173.67952368985888,1
0,0,0,0,3,0,0,0,0,0,0,0,0,0,0,0,2,22.713172378935838,63.65033925387606,1
1,0,0,0,50,1,2,1,1,0,1,1,2,2,0,1,1,104.12534715170607,5279.700777274989,1
0,0,0,0,57,1,1,1,1,2,0,0,0,2,0,1,0,94.59973396175948,5434.695028261604,1
0,0,0,0,1,1,2,1,0,0,0,0,2,2,0,1,2,93.97055585465334,93.97055585465334,1
1,0,0,0,54,1,2,1,0,0,0,0,2,2,0,1,2,96.9692338377901,5283.8191258321085,1
0,0,1,0,9,1,1,1,0,0,0,0,0,2,0,0,2,86.0895069496735,851.9367524056562,1
0,0,0,0,4,1,0,1,0,1,0,0,0,0,0,0,0,76.10025220710428,335.5029731292544,1
0,0,0,0,12,1,0,0,0,0,0,1,1,0,0,0,2,59.37903505352809,728.516187116725,1
0,0,0,0,16,1,2,1,0,0,0,0,1,2,0,1,1,94.10258777345508,1587.6690291642185,1
0,0,0,0,4,1,0,1,0,0,0,0,0,0,0,1,2,70.72767038670753,324.05895910638515,1
0,0,1,0,27,1,2,1,2,1,0,0,2,2,0,0,1,105.32658794596072,2856.143852944277,1
0,0,0,0,33,1,2,1,0,0,0,0,2,2,0,1,2,98.22532215803699,3202.322072563925,1
1,0,0,0,5,1,0,1,0,0,0,0,2,1,0,1,2,91.49565438642117,450.0065276726749,1
0,0,0,0,20,1,2,0,0,0,0,0,0,2,0,1,1,82.97601156056656,1734.0251248032364,1
1,0,0,0,42,1,2,1,0,0,0,1,2,2,0,1,2,99.7107437591002,4207.247313416616,1
0,0,0,0,2,1,1,1,0,0,0,0,0,2,0,1,2,86.96334879064193,169.3699238159517,1
0,0,0,0,45,1,2,1,0,0,0,0,2,2,0,0,0,97.43057980943696,4402.439939738081,1
0,0,0,0,23,1,2,1,1,0,0,0,2,0,0,1,0,90.00062859448084,2168.6274291189206,1
1,0,1,0,61,1,2,1,0,0,2,0,1,1,1,0,0,95.79237306285246,5948.138626492451,1
0,0,0,0,4,1,0,1,0,0,1,0,0,0,0,0,2,72.34296825363617,280.91672993198705,1
1,0,0,0,1,1,2,1,0,0,0,0,0,0,0,1,2,74.29120083705361,74.29120083705361,1
0,0,0,0,29,1,0,1,0,0,0,0,0,0,0,1,1,82.2618677332035,2412.346802224272,1
1,0,0,0,34,1,0,1,0,0,2,0,2,0,1,1,2,89.24576869490811,3032.965162204102,1
0,0,0,0,13,1,1,1,0,0,0,0,0,0,0,1,1,74.12264525292136,898.1571674667961,1
1,0,0,0,1,1,0,1,0,0,0,0,2,0,0,1,2,79.4973270577651,79.4973270577651,1
1,0,0,0,2,1,0,0,0,0,0,0,0,0,0,0,2,45.28126821585694,88.75254184744419,1
1,0,0,0,1,1,0,2,1,1,1,1,1,1,0,0,3,20.551807749804034,20.551807749804034,1
1,0,0,0,2,1,1,0,0,1,0,0,0,0,0,1,3,54.549796275088816,113.93950399097626,1
0,0,0,0,1,1,0,1,0,0,0,0,0,0,0,0,2,71.17082110087314,71.17082110087314,1
0,1,0,0,54,1,2,1,0,0,1,0,2,2,0,1,2,100.76059438872869,5525.352544730537,1
0,0,1,1,1,1,0,1,0,0,0,0,0,0,0,1,2,69.22177991860156,69.22177991860156,1
0,0,0,0,47,1,2,1,0,0,0,0,0,2,0,1,2,82.3612049512437,4030.0456487377987,1
1,0,0,0,10,1,1,1,0,0,0,0,2,1,0,0,2,94.25332281463888,931.6972983651245,1
0,0,1,0,68,1,2,1,0,2,0,0,2,2,0,0,1,99.5708654089773,6854.24931923133,1
0,0,0,0,2,1,0,1,0,1,0,0,2,2,0,0,2,95.72047047687518,168.81008164732523,1
0,0,0,0,21,1,2,1,1,0,1,0,2,1,0,1,0,103.39801879199867,2199.9742870501473,1
0,0,0,0,11,1,2,1,0,0,0,0,0,1,0,1,1,84.66910398182961,906.8983308374783,1
1,0,0,0,68,1,2,1,0,0,2,1,2,2,1,1,0,106.31545955338414,7341.241530874026,1
0,0,0,0,1,1,0,1,2,0,0,0,2,2,0,1,2,95.0682972235664,95.0682972235664,1
0,0,0,0,2,1,0,1,0,2,0,0,1,0,0,1,0,84.78862940473688,184.16266670596832,1
1,0,0,0,32,0,1,0,1,0,0,0,0,0,0,1,0,44.634143165016624,1382.7635276004319,1
0,0,0,0,1,1,0,1,0,0,0,0,0,0,0,1,2,69.53369727962769,69.53369727962769,1
0,0,0,0,62,1,2,1,0,2,0,0,0,0,0,1,1,85.6812143467211,5229.019580904589,1
1,0,0,0,1,1,0,2,1,1,1,1,1,1,0,0,3,19.529522120994955,19.529522120994955,1
0,0,0,0,1,1,0,1,0,0,0,0,0,0,0,0,2,70.30061011651766,70.30061011651766,1
0,0,0,0,11,1,2,1,0,0,0,0,0,1,0,1,0,83.59667708200304,904.0655667362629,1
0,0,0,0,37,1,2,1,0,1,0,0,2,2,0,1,1,97.82878243765632,3622.737447048748,1
0,0,0,0,11,1,2,1,0,0,0,0,0,0,0,1,2,76.24146766493284,837.4990715086038,1
0,0,0,0,12,0,1,0,1,0,0,1,1,1,0,1,2,55.44918456517746,706.8376947713648,1
0,0,0,0,6,1,0,1,0,0,0,0,2,2,0,0,2,89.4537838294251,574.2936476673603,1
0,0,0,0,19,1,0,1,1,0,1,1,2,2,0,1,2,105.9176150211337,1934.172941437152,1
0,0,0,0,8,1,0,0,0,1,0,1,1,0,0,0,2,68.68381938717387,616.8864613435172,1
0,0,0,0,1,1,0,0,0,0,0,0,0,0,0,0,2,44.06690234105674,44.06690234105674,1
1,0,0,0,36,0,1,0,1,2,0,1,1,0,0,1,1,53.27332167528974,1878.177275577736,1
1,1,0,0,23,1,2,1,1,0,0,0,0,0,0,1,2,80.16730506600132,1772.7501532603535,1
0,0,0,0,4,1,0,1,0,0,0,0,0,2,0,0,2,82.4495921856624,379.84983104834583,1
0,0,1,0,59,1,2,1,0,0,1,0,2,1,0,1,0,94.91186503390584,5687.318509706872,1
0,0,0,0,1,1,0,0,0,0,0,0,0,0,0,1,0,44.481486511241265,44.481486511241265,1
0,0,0,0,5,1,2,1,0,1,0,0,0,0,0,0,2,77.9757293472359,412.47503734743265,1
0,0,0,0,47,1,2,1,0,2,2,1,2,2,0,1,1,109.03401192166851,5123.770018021127,1
0,0,1,0,20,0,1,0,0,0,1,0,0,1,0,1,0,48.16798249904462,935.7070047917939,1
0,0,0,0,32,0,0,0,0,0,2,0,2,1,0,1,2,66.62288376584743,2007.3342419331982,1
0,0,0,0,15,0,0,0,0,0,1,0,0,2,0,1,1,56.38852194951907,892.8387212496872,1
1,0,0,0,42,1,2,1,0,1,0,0,0,0,0,1,2,78.34690630555443,3366.551997351479,1
0,0,0,0,20,0,1,0,0,0,1,0,1,0,0,0,1,33.98211685193529,677.7353426604503,1
0,0,0,0,18,0,1,0,0,0,0,0,2,0,0,0,1,82.97449194432753,1554.397466506562,1
1,0,0,0,17,1,2,1,0,2,0,0,0,0,0,0,1,83.54733194165823,1452.5826174731656,1
1,1,0,0,56,0,1,0,1,0,0,1,0,0,1,1,2,56.82198551235396,3237.240196227708,1
0,0,0,0,4,1,2,1,0,1,0,1,0,2,0,1,2,94.92826227230307,358.793243268523,1
0,0,0,0,2,1,0,0,1,0,0,0,1,1,0,0,2,70.64207947815329,146.97708608703337,1
0,0,0,0,10,1,2,1,0,0,1,0,2,2,0,1,2,100.52784184806028,1060.1329960017704,1
0,0,0,0,4,1,0,1,0,0,2,0,0,0,0,1,1,74.16323310291163,324.0528785568226,1
1,0,0,0,4,0,0,0,2,0,0,0,0,0,0,0,2,48.55262432610248,219.56503373966666,1
0,0,0,0,16,1,1,1,0,0,0,0,0,0,0,0,1,71.91134493329915,1200.7837500299297,1
0,0,0,0,8,1,1,1,0,0,0,0,0,2,0,1,2,86.65164356506091,786.671630936132,1
0,0,0,0,3,1,0,2,1,1,1,1,1,1,0,0,3,19.85,64.08995154123295,1
0,0,0,0,9,1,1,1,0,0,0,0,0,2,0,1,1,84.85113419850047,804.6339754107104,1
0,0,0,0,3,1,1,0,0,0,0,0,0,0,0,1,0,71.87851802668388,258.7277202916532,1
0,1,1,0,41,1,2,1,0,1,2,2,2,2,1,1,2,110.57636515909583,4534.587810263431,1
1,0,0,0,34,1,1,1,0,1,0,0,0,0,0,1,0,76.11808137114977,2596.7698264658416,1
0,0,0,0,35,1,0,1,0,1,2,2,0,0,0,1,1,91.32788941189895,3257.03185102153,1
1,0,0,0,7,1,0,1,0,0,0,0,2,2,0,1,2,92.1242881502844,675.8209908622835,1
0,0,0,0,1,1,0,2,1,1,1,1,1,1,0,0,3,19.19288987636054,19.19288987636054,1
0,0,0,0,9,0,0,0,0,0,1,0,1,1,0,0,2,47.20976362954158,437.6603559607541,1
0,0,0,0,8,0,0,0,1,0,1,1,1,1,0,0,3,61.6222742235029,542.9453580664037,1
0,0,0,0,8,1,0,1,1,0,0,0,0,0,0,1,2,74.50993158069309,612.4822109802043,1
0,0,0,0,10,1,1,1,0,2,0,0,0,0,0,1,1,79.60284756897316,819.5013056260278,1
0,0,1,0,46,1,2,1,2,2,2,0,2,0,0,1,2,98.92695724584786,4534.380604791722,1
1,0,0,0,1,1,0,0,0,1,0,0,0,0,0,0,3,50.742558046421145,50.742558046421145,1
0,0,0,0,14,1,0,1,0,0,0,0,0,0,0,0,0,71.94734474617086,998.2572229512047,1
0,0,0,0,7,1,2,1,0,0,0,0,0,0,0,1,2,75.91974663529234,541.7474273216864,1
0,0,0,0,60,1,2,1,0,0,2,1,2,2,1,1,2,107.14625905261768,6431.4236592630805,1
0,0,0,0,1,1,0,0,0,0,0,0,0,0,0,1,2,45.35484401656176,45.35484401656176,1
0,0,0,0,11,1,2,0,0,0,0,1,0,1,0,0,2,65.70311984639774,741.87959052662,1
0,1,0,0,1,1,0,1,0,1,0,0,0,2,0,1,2,85.62332355957054,85.62332355957054,1
1,0,0,0,1,1,0,1,0,0,0,0,0,0,0,1,2,69.56696203305869,69.56696203305869,1
0,0,0,0,13,1,2,1,0,0,0,1,2,2,0,1,2,98.75339625725277,1300.96955347085,1
0,0,0,0,24,1,1,1,0,0,0,1,1,0,0,1,1,83.1129257267848,1936.4664948906473,1
0,0,1,0,35,1,2,0,0,0,0,0,0,0,0,0,2,74.87840983385927,2575.366045840347,1
0,0,0,0,1,1,0,2,1,1,1,1,1,1,0,0,3,20.59941592837097,20.59941592837097,1
0,0,1,0,44,1,2,0,0,0,0,0,2,2,0,1,0,88.55839634337177,3709.707400809375,1
1,0,0,0,17,1,0,0,0,0,1,0,0,0,0,0,3,49.92278866919121,882.5844969346592,1
0,0,0,0,50,1,2,1,2,1,0,1,2,2,0,0,2,107.33601434135998,5611.577805014709,1
0,0,0,1,4,1,2,1,0,2,1,0,0,0,0,0,0,86.25183832381505,370.0095855158658,1
0,1,1,0,31,1,0,1,0,0,1,1,2,2,0,1,2,98.09457929109408,2914.083647011482,1
1,0,0,0,8,1,0,0,0,0,0,0,1,0,0,0,2,57.34876687682292,449.9427382345508,1
0,0,0,0,1,1,0,0,0,0,0,0,0,0,0,0,2,45.808837262403785,45.808837262403785,1
1,0,0,0,1,1,0,2,1,1,1,1,1,1,0,1,3,20.11466951140152,20.11466951140152,1
0,0,0,0,4,1,0,1,0,0,1,0,0,0,0,1,2,72.51129138760291,325.1867744198656,1
0,0,0,0,1,1,0,1,0,0,0,0,0,0,0,0,1,69.51099518708389,69.51099518708389,1
0,0,0,0,32,1,0,1,0,0,0,0,2,0,0,0,2,80.47459772044498,2561.6333400216445,1
1,0,0,0,64,1,2,1,0,0,0,2,2,2,0,1,1,103.88017460719549,6873.276209923797,1
1,0,1,0,25,1,1,1,1,0,0,0,0,2,1,1,2,89.72421792146838,2178.0243337849543,1
0,0,0,0,28,1,0,0,1,1,0,0,0,0,0,0,1,71.04626732727368,2013.649480208085,1
0,0,0,1,1,1,0,2,1,1,1,1,1,1,0,0,3,19.60317112261855,19.60317112261855,1
0,0,0,0,11,1,0,1,0,0,1,0,2,2,0,0,2,95.44002352913452,1115.7677576499145,1
0,0,1,0,9,1,0,1,0,0,0,0,1,2,0,0,2,88.13933101246151,853.7865408982344,1
0,0,0,0,50,0,0,0,0,1,1,0,1,1,0,0,1,57.57214271725261,2857.217653587526,1
1,0,0,0,24,1,1,1,0,0,0,0,2,2,0,1,0,95.4136970626081,2357.831675819742,1
0,0,0,0,23,1,2,1,0,0,0,0,0,0,0,1,1,75.9423351292265,1745.4472494274773,1
1,0,0,0,1,1,2,0,0,0,1,2,0,0,0,0,3,61.957154167177514,61.957154167177514,1
0,0,0,0,5,0,0,0,0,1,0,0,1,1,0,0,2,52.05223237711555,306.7062920210518,1
0,0,0,0,29,1,2,1,0,1,0,0,2,2,0,1,2,99.62593335584222,2990.67191541683,1
0,0,0,0,13,1,0,1,0,0,2,0,0,0,0,1,2,75.99999775019674,943.3156895058177,1
0,0,0,0,2,1,0,0,0,2,0,0,0,0,0,0,2,49.70342957094916,114.77522150614485,1
0,0,0,0,8,1,2,1,0,1,0,0,2,2,0,0,2,100.7848996426711,819.6015377828853,1
0,0,0,0,28,1,2,1,0,2,1,0,1,2,0,1,2,101.14702057618064,2984.4910667910594,1
0,0,0,0,1,1,1,0,0,1,0,1,0,0,0,0,2,59.9726558090964,59.9726558090964,1
1,0,0,0,2,1,0,0,0,0,0,0,0,0,0,0,0,45.90514440622017,80.98209713649379,1
1,0,0,0,3,1,2,1,0,0,2,0,2,2,0,1,2,102.41004751354971,331.3363077401381,1
1,0,0,0,22,1,0,1,0,0,1,0,1,2,0,1,0,93.70373275416783,2033.6929928568911,1
0,0,0,0,11,1,2,1,0,0,0,0,0,0,0,1,2,75.80710496858283,836.741462154505,1
0,0,1,1,1,0,1,0,1,0,0,0,0,0,0,0,0,30.424305579159455,30.424305579159455,1
0,0,1,1,5,1,0,1,0,1,0,0,0,1,0,1,1,83.82930507656656,476.71208477030035,1
0,0,1,0,24,1,0,1,0,0,1,0,1,2,0,1,2,91.10681259321822,2230.383009069687,1
0,0,0,0,47,1,2,1,0,2,2,0,2,2,0,1,0,107.51531480176979,5121.474313072443,1
1,1,0,0,1,1,2,1,0,0,0,0,2,2,0,1,2,94.3107885103269,94.3107885103269,1
0,0,0,0,19,1,1,1,0,0,0,0,0,2,0,1,1,90.67362608113552,1733.7762794410721,1
0,0,1,0,23,0,1,0,1,2,0,1,2,0,0,0,2,71.73554436242142,1626.8711845525124,1
0,0,0,0,1,1,0,1,0,0,0,0,2,0,0,1,2,80.12667942821165,80.12667942821165,1
0,0,1,1,4,1,0,0,0,1,0,1,0,0,0,0,3,55.549225974931424,235.84883971885932,1
1,0,1,0,21,0,0,0,1,0,0,0,0,1,0,0,3,41.60379917153624,879.8974180560693,1
0,0,0,0,3,1,2,1,0,0,0,0,0,0,0,1,1,74.59211837107402,229.522554518418,1
0,0,0,0,1,1,0,1,0,0,0,0,0,0,0,1,2,70.80945978961951,70.80945978961951,1
0,0,0,0,17,1,1,0,0,0,1,0,0,1,0,1,1,60.61429757681771,1046.4956800159025,1
1,0,0,0,2,1,2,1,0,0,0,0,1,0,0,1,2,83.86556478048668,183.03999203875807,1
1,0,0,0,1,1,0,2,1,1,1,1,1,1,0,0,3,19.71043129822403,19.71043129822403,1
1,0,0,0,1,1,0,1,0,0,0,0,0,0,0,1,2,69.76522458455165,69.76522458455165,1
0,0,0,0,13,0,0,0,0,0,0,0,0,0,0,0,1,23.189142282844724,300.20048144336306,1
1,0,0,0,34,1,0,0,0,0,0,0,0,0,0,0,2,66.03431530387965,2165.7045287660735,1
0,0,0,0,11,1,1,1,0,0,0,1,1,0,0,0,2,87.1421743058824,983.7361379164537,1
0,0,0,0,11,1,1,1,1,0,0,0,0,0,0,1,2,78.41245297527804,927.2340584848639,1
0,0,1,1,1,1,0,1,0,0,0,0,0,0,0,1,2,69.12914039642806,69.12914039642806,1
0,0,0,0,2,1,0,0,0,0,0,0,0,2,0,0,2,76.86534538196858,186.4851558911364,1
0,0,1,0,9,1,0,1,0,0,0,0,0,0,0,1,1,71.8118134620757,658.5138406225161,1
0,0,0,0,11,1,2,1,0,0,0,0,2,2,0,1,2,98.20974790040303,1147.1017971888893,1
0,0,0,0,2,1,1,1,0,0,2,0,0,0,0,0,2,78.29045104573757,149.82162099864675,1
0,0,0,0,23,1,0,1,0,0,0,0,1,1,0,0,2,85.47385950322929,1904.0326652432645,1
1,0,0,0,2,1,0,1,0,0,0,0,2,0,0,0,2,80.1092619168385,144.44866858012372,1
0,0,0,0,8,1,2,1,0,0,0,0,0,0,0,1,2,79.5452809214755,621.8601660122642,1
0,1,1,0,1,0,1,0,0,0,0,0,0,0,0,0,2,25.021595090490035,25.021595090490035,1
0,0,0,0,22,1,1,1,0,1,0,0,0,0,0,0,1,80.06797584801403,1678.2715076475267,1
0,0,0,0,25,1,1,1,0,0,0,0,2,2,0,1,0,94.88520022571817,2362.3681544934875,1
0,1,0,0,2,1,0,1,0,0,0,0,0,0,0,0,2,72.0654334698898,155.34729801910467,1
0,0,1,0,4,1,0,0,0,0,0,1,0,0,0,0,2,48.557072709455674,180.1794040503024,1
0,0,0,0,4,1,1,1,0,1,0,0,1,2,0,1,1,96.19572300397773,421.74218776198154,1
0,0,1,0,7,1,0,1,0,0,0,0,0,0,0,1,1,70.53006950074594,504.41208211260823,1
0,0,0,0,4,0,1,0,0,1,0,0,0,0,0,0,2,28.786062326966146,131.53091677824466,1
0,0,0,0,4,1,2,1,0,1,0,0,0,0,0,0,2,77.22708293764009,331.46679415761207,1
0,0,0,0,1,1,0,0,0,2,0,0,0,0,0,0,2,50.6275505296719,50.6275505296719,1
0,1,0,0,29,1,1,1,0,0,2,2,2,2,0,1,2,101.57026408788886,2898.7679651329763,1
0,0,0,0,15,1,1,1,0,2,0,0,0,2,0,0,1,91.1381001547585,1425.1519184026379,1
0,0,0,0,60,1,2,1,0,0,2,2,2,2,1,1,2,106.65732684267016,6428.2982046718935,1
0,0,1,0,33,1,2,1,0,0,0,0,2,2,0,1,1,98.51591105967103,3206.2283462773444,1
0,0,0,0,32,1,2,1,0,0,0,0,0,2,0,0,1,86.35345792418897,2745.1889330713825,1
0,0,0,0,1,1,0,1,0,0,1,0,2,0,0,1,1,85.60537042907139,85.60537042907139,1
0,0,0,0,47,1,0,1,1,1,0,1,2,2,0,1,0,101.80667282706608,4820.653267145943,1
0,0,0,0,2,1,0,1,0,0,0,0,0,0,0,0,2,72.66132222174183,151.70161374267744,1
1,1,0,0,1,0,1,0,0,0,0,0,0,0,0,0,2,25.07397280813476,25.07397280813476,1
0,0,0,0,22,1,1,1,0,0,0,1,2,0,0,1,2,89.73560106994543,1997.193119602367,1
1,1,1,0,43,1,2,1,0,1,2,1,2,2,0,1,0,109.57916761058839,4686.957329819807,1
0,0,0,0,61,1,2,1,0,0,2,1,2,2,1,1,2,103.41060910661652,6421.106431677921,1
1,1,1,0,55,1,2,1,1,0,1,0,2,2,0,1,1,99.10529362525169,5571.500349835594,1
1,0,0,0,8,1,2,1,0,0,1,0,2,2,0,0,2,100.63459289868014,819.4207557392081,1
0,1,0,0,8,1,2,1,0,0,0,0,0,1,0,1,2,83.85760121251069,613.2765877175092,1
0,0,0,0,46,1,2,1,1,0,0,0,0,0,0,0,1,81.46237936436629,3835.024005094886,1
1,0,0,0,42,1,0,1,0,1,0,1,0,0,0,1,1,23.20250737695682,931.1286176240013,1
1,0,0,0,3,1,1,1,0,0,2,0,0,1,0,0,2,90.67101187141323,258.734268755124,1
1,0,1,0,53,0,1,0,0,0,0,0,2,2,0,1,1,47.66220372740973,2560.123113933973,1
0,0,0,0,15,1,1,1,0,0,0,0,2,2,0,0,2,100.01176718973689,1581.8434757636887,1
0,0,0,0,34,1,0,0,0,0,0,0,1,1,0,1,1,66.8609611694034,2346.3399190314776,1
0,1,0,0,27,1,2,1,0,1,0,0,0,0,0,1,2,80.71921733155787,2124.9408902619257,1
0,1,0,0,17,1,1,1,0,2,0,1,0,0,0,1,2,86.17413676836871,1504.0983718711082,1
1,0,0,0,1,0,1,0,0,0,0,0,0,0,0,1,2,25.108987334052756,25.108987334052756,1
0,0,1,0,30,1,0,1,0,0,0,0,2,0,0,0,1,87.66088941469776,2565.072756349431,1
0,1,0,0,33,1,2,1,0,1,0,0,2,1,0,1,2,93.97968072364178,3180.1559685064176,1
1,0,0,0,1,1,0,1,0,0,0,0,0,0,0,1,2,69.78549284585404,69.78549284585404,1
0,0,0,0,5,0,1,0,0,1,0,0,0,0,0,0,1,27.795549621675455,132.0637564683851,1
0,0,0,0,2,0,0,0,0,0,0,0,0,0,0,0,2,44.573097100572724,82.30351408603785,1
0,0,0,0,2,1,1,1,0,0,0,0,1,0,0,0,2,83.16566118575686,182.7665256700063,1
0,0,0,0,10,1,2,1,0,0,0,1,2,1,0,1,2,98.37165818290006,1058.8756663583622,1
0,0,0,0,47,1,1,0,0,0,0,0,2,1,1,1,1,80.41032705967187,3706.4399426393497,1
0,1,0,0,1,1,0,1,0,0,0,0,0,0,0,1,2,69.60106638698717,69.60106638698717,1
0,0,0,0,3,1,2,1,0,0,1,0,2,0,0,0,2,93.46570565209387,290.31873438303836,1
0,1,0,0,45,1,0,1,0,2,0,0,2,2,0,0,1,95.8646416439657,4423.414844867708,1
1,0,0,0,55,1,2,1,0,0,0,0,0,2,1,0,1,92.64009606044984,5084.011718846139,1
0,0,0,0,2,0,1,0,0,2,1,1,0,0,0,1,1,40.52041195523497,76.89001964210632,1
0,0,0,0,5,1,0,0,0,1,1,0,0,0,0,1,3,58.10832896256589,323.0756078883815,1
0,0,0,0,24,1,2,1,0,0,2,1,1,2,0,0,2,97.45555149258897,2469.11606641318,1
1,0,0,0,59,1,1,1,0,2,0,2,2,0,1,1,1,96.58187469311862,5639.4201381358325,1
1,0,1,1,43,1,2,0,0,2,2,1,1,2,0,0,0,110.74130443624081,4687.892269348668,1
0,0,0,0,14,1,1,1,0,0,1,0,0,2,0,0,1,87.52199507920791,1259.2374884668934,1
0,0,0,0,11,1,1,1,0,0,2,0,1,2,0,1,0,96.53078102490134,1103.8778242595017,1
0,0,0,0,35,1,2,1,0,0,0,0,1,0,0,1,2,85.84438674399432,3027.167191736152,1
0,0,0,0,6,1,0,1,0,0,1,0,2,2,0,0,2,93.62736410264066,575.810801380639,1
0,0,0,0,10,1,2,1,1,0,0,0,2,2,0,1,1,98.27270930445455,976.1868712595236,1
0,1,0,0,8,1,2,1,0,0,0,0,0,0,0,1,2,76.30773918314716,606.7333739587275,1
1,0,0,0,71,1,2,1,2,1,0,0,2,2,0,1,1,105.91411389311988,7543.698265560928,1
0,0,0,0,58,1,2,1,0,0,2,1,2,1,0,1,2,104.35811263882033,6219.297433832924,1
0,0,1,0,17,1,2,1,1,0,2,0,1,2,0,0,2,97.93570380571532,1751.0559036570237,1
1,0,0,0,3,1,1,1,0,0,2,0,2,2,0,1,0,101.21044908481126,297.7900388416186,1
0,0,1,0,8,1,0,1,1,0,0,0,0,0,0,1,2,79.13226820304499,611.6066251274376,1
0,0,0,0,2,1,0,1,0,0,0,0,2,0,0,0,2,80.07442735269326,143.97558404627068,1
0,0,0,0,8,1,0,2,1,1,1,1,1,1,0,0,3,19.362307416784997,177.82238281973756,1
0,0,0,0,2,1,0,1,0,0,0,0,1,0,0,1,2,79.57519552985691,147.37534281545504,1
0,0,0,0,14,1,0,1,0,1,0,0,0,1,0,0,2,82.46050224602907,1184.7051131879496,1
0,0,0,0,35,1,2,1,0,0,1,0,2,1,0,1,2,98.52458385757869,3529.120799484506,1
1,0,0,0,3,1,0,1,0,0,0,0,0,0,0,1,2,70.49539891569376,238.09591994630654,1
0,1,1,0,40,1,1,1,1,0,0,0,2,2,0,0,1,101.83497530211714,4086.163360294726,1
0,0,0,0,1,1,0,2,1,1,1,1,1,1,0,0,3,20.604727757011997,20.604727757011997,1
0,0,0,0,24,1,2,1,2,0,0,0,0,1,0,1,1,89.10383052490846,2177.03819648445,1
0,0,1,1,1,1,0,2,1,1,1,1,1,1,0,1,2,20.90506233545204,20.90506233545204,1
0,0,0,0,14,0,0,1,0,0,0,0,0,0,0,0,0,19.911675062346127,297.43635246221965,1
0,0,0,0,29,1,0,0,0,0,0,0,0,0,0,1,1,70.00555930022738,1973.1152131531462,1
0,0,0,0,40,0,0,0,2,2,0,0,0,0,0,1,2,55.35867901855177,2133.301693265872,1
0,1,0,0,1,1,0,1,0,0,0,0,0,0,0,1,2,69.3694355574152,69.3694355574152,1
0,0,0,0,1,1,2,1,0,0,0,0,2,2,0,1,2,93.87743842894187,93.87743842894187,1
1,1,1,0,69,1,2,1,1,2,0,0,2,2,0,1,1,106.96537605198722,7529.819314690525,1
1,0,0,0,1,0,0,0,0,0,0,0,0,0,0,1,2,43.732559959559396,43.732559959559396,1
0,0,0,0,13,1,0,1,0,2,1,0,2,1,0,1,2,97.81295167612879,1238.7713861879581,1
0,0,0,0,1,1,0,0,0,0,0,0,2,0,0,1,2,53.70094648743137,53.70094648743137,1
0,0,0,0,4,0,1,0,0,0,0,0,0,0,0,1,2,24.448017860901768,86.69365607239139,1
0,0,0,0,1,1,0,0,0,2,0,0,0,0,0,0,2,50.62780463064832,50.62780463064832,1
0,0,1,0,4,0,1,0,0,0,0,0,0,0,0,1,2,27.737438281462126,97.93507523870704,1
1,0,0,0,42,1,2,1,0,1,0,0,1,1,0,0,1,101.50728177335466,4273.102940834544,1
0,0,0,0,11,1,1,1,0,0,0,0,2,2,0,0,1,92.02545565856055,1046.8731713214006,1
1,0,0,0,41,1,2,1,0,1,2,2,0,2,0,0,1,99.52010669217262,4137.970065266869,1
1,0,0,0,8,0,1,0,0,0,0,0,1,0,0,1,1,34.65091387224115,291.9644937363167,1
0,0,0,0,49,1,2,1,0,2,1,0,1,2,0,1,0,104.18056674425769,5122.120396119224,1
0,0,1,0,53,1,1,1,1,0,2,0,0,2,0,0,1,94.33852476967739,5015.813454399322,1
0,0,1,0,46,1,2,1,2,2,2,0,2,0,0,1,2,100.68466449698325,4541.14101729609,1
0,0,0,0,4,1,1,1,0,1,1,0,0,0,0,0,0,83.96655405534875,372.8260510496125,1
0,0,1,0,23,0,0,0,0,0,1,0,0,1,0,1,1,43.064698966022284,933.7186776433022,1
0,0,0,0,3,0,1,0,1,0,0,1,0,0,0,0,2,32.54695758149798,136.91288757352297,1
0,0,0,0,23,1,1,0,0,0,0,0,1,2,0,1,1,85.47227851888135,1972.6268663459198,1
0,0,0,0,4,1,2,1,1,0,0,0,1,2,0,1,2,99.55740820252987,347.751591910359,1
1,0,0,0,10,1,2,0,0,0,0,0,1,1,0,1,0,75.59976228518084,792.0510287188029,1
1,0,0,0,7,1,0,1,1,0,0,0,0,0,0,0,1,78.36872595175333,632.6917701361026,1
0,0,0,0,1,0,1,0,0,0,0,0,0,0,0,0,2,24.636226145895908,24.636226145895908,1
0,0,0,0,14,0,1,0,0,0,0,0,1,1,0,0,2,47.277659174325855,671.6973677148223,1
0,0,1,0,4,1,0,1,0,0,0,0,0,0,0,0,2,70.6054099629755,329.3393613615829,1
0,0,0,0,9,1,0,1,0,0,0,0,0,1,0,1,1,80.79811649267039,713.1006278357765,1
0,0,0,0,4,1,1,1,0,0,0,0,0,0,0,1,2,73.31473137736549,322.62728457757447,1
0,0,0,0,1,1,0,1,0,0,0,0,0,0,0,1,2,69.2,69.2,1
1,0,1,0,31,1,1,1,0,0,0,0,0,2,0,0,1,87.48385482599151,2658.30887003523,1
0,0,0,0,11,1,0,1,0,1,0,0,2,2,0,1,1,95.2659278170853,1120.3443213028474,1
0,0,0,0,29,1,1,0,0,0,1,0,0,0,0,1,2,73.78356663464056,2136.1923598005187,1
1,0,0,0,4,1,0,0,0,0,1,1,2,1,0,0,2,75.9333539838946,299.4777747849428,1
0,0,0,0,60,1,0,1,1,2,1,0,1,2,0,1,1,101.54056592268401,6140.532660420711,1
0,0,0,0,10,1,2,0,0,0,0,0,1,1,0,1,1,73.23522643405579,796.5039318245774,1
0,0,0,0,55,1,2,1,0,2,1,0,2,2,0,1,1,107.04385144234352,5919.503352286299,1
0,0,0,0,2,1,0,1,0,0,0,0,0,0,0,1,1,69.77518098499998,134.32151002124968,1
1,0,0,0,68,1,2,1,0,1,1,0,2,2,0,1,1,105.17688869871367,7294.96230045102,1
1,0,0,0,1,1,0,1,0,0,0,0,2,0,0,1,2,79.75281721133766,79.75281721133766,1
0,0,0,0,7,1,0,0,0,0,0,0,0,0,0,1,1,69.81221833044184,451.00095321490534,1
1,0,0,0,3,0,0,0,0,0,0,0,0,0,0,1,2,42.963577782392555,124.40828499841679,1
1,0,0,0,1,0,1,0,0,0,0,0,0,0,0,0,2,25.131361151752838,25.131361151752838,1
1,0,0,0,17,1,2,1,0,2,0,0,0,0,0,0,1,81.22516732379785,1452.0355106260258,1
1,0,0,0,9,0,0,0,0,0,0,0,0,0,0,1,2,45.505352458364754,407.4219344966062,1
0,0,0,0,1,1,0,1,0,0,0,0,0,0,0,0,3,70.6447099301755,70.6447099301755,1
0,0,1,0,4,0,1,0,0,0,0,0,0,0,0,1,2,26.888427781148298,98.68585311914985,1
0,0,0,0,54,1,2,1,0,2,0,1,0,2,0,1,1,96.5775146203777,5124.057853417201,1
0,0,0,0,3,1,1,1,0,0,0,0,0,2,0,0,2,85.40841928453816,266.40460541116465,1
0,0,0,0,14,1,1,1,0,2,0,0,2,1,0,1,1,99.19027373217752,1417.3507185709,1
1,0,0,0,5,1,1,1,1,0,1,0,0,0,0,1,1,83.03962663661265,457.1453680698756,1
0,0,1,0,12,0,0,0,0,0,0,0,0,0,0,1,2,41.622617876565975,483.5885385759648,1
0,1,0,0,25,1,2,1,0,1,0,0,0,2,0,1,2,89.65415183556458,2186.8375900603114,1
0,0,0,0,1,1,0,0,2,0,0,1,0,0,0,1,2,54.03604197149842,54.03604197149842,1
1,0,0,0,42,1,2,1,0,0,2,1,1,1,0,0,1,98.30308988119725,4218.863734223243,1
0,0,0,0,23,1,1,1,1,0,0,0,2,0,0,1,0,90.1125624459041,2171.372998639875,1
0,1,1,0,1,0,1,0,0,0,0,0,0,0,0,0,2,24.913842282223218,24.913842282223218,1
0,0,0,0,5,1,2,1,0,0,0,0,0,0,0,1,1,76.09560237500709,438.6267449828506,1
0,0,0,0,1,1,0,1,0,0,2,0,2,0,0,1,1,85.5455448191438,85.5455448191438,1
1,0,0,0,9,1,2,1,0,1,0,0,0,0,0,1,0,81.47792767602446,789.1333975754391,1
0,0,0,0,15,1,0,1,0,1,0,0,0,0,0,1,1,74.55612033036881,1147.0359537687903,1
0,0,0,0,28,1,0,1,0,0,0,0,0,1,0,1,2,79.84300845864037,2225.4203404424434,1
0,0,0,0,12,1,0,1,0,0,1,1,0,1,0,1,2,89.67750852393048,1095.4820343144631,1
0,0,0,0,1,1,0,1,0,0,0,0,0,0,0,1,2,69.9519843219358,69.9519843219358,1
0,0,0,0,1,1,2,0,0,0,0,0,0,0,0,1,1,50.02676706848543,50.02676706848543,1
0,1,0,0,1,1,0,1,0,0,0,0,0,0,0,1,2,69.34222296823138,69.34222296823138,1
0,0,0,0,9,1,0,1,0,0,0,0,0,1,0,1,1,80.59460588010226,713.1684647066326,1
0,0,1,0,21,0,0,0,0,2,0,0,0,0,0,0,2,70.00900566188014,1461.847478878958,1
0,0,0,0,1,1,0,1,0,0,0,0,2,0,0,1,1,79.47294373043215,79.47294373043215,1
0,0,0,0,3,1,0,0,1,1,0,0,0,0,0,0,2,54.65678636790009,165.63046330380396,1
0,0,0,0,7,1,2,1,0,0,0,0,0,1,0,1,2,83.13339436660871,611.6667887332175,1
1,0,1,1,6,1,0,0,1,0,0,0,0,0,0,1,2,51.3272228412001,329.2965007152323,1
0,0,0,0,38,0,0,0,0,0,0,0,2,2,0,0,1,62.09148957072626,2344.3330944252366,1
0,0,0,0,22,1,0,1,0,1,1,1,0,0,0,0,2,85.85494392395925,1903.1156098756128,1
0,0,0,0,1,1,0,1,0,0,0,0,0,0,0,0,3,70.78200379888445,70.78200379888445,1
0,0,0,0,4,1,1,1,0,1,0,0,2,0,0,0,2,89.07623862335288,367.9272233767266,1
0,0,0,0,1,1,0,1,0,1,0,0,2,0,0,0,2,84.35595791717826,84.35595791717826,1
0,0,0,0,4,1,0,1,0,0,1,0,0,0,0,1,2,74.10506633664612,324.30761265600813,1
0,0,0,0,7,0,1,0,0,1,0,0,0,2,0,1,1,39.06108745631206,294.16296767741824,1
0,0,0,0,14,1,0,1,1,1,0,1,2,1,0,0,2,99.37146017938359,1349.2878856026307,1
0,0,1,0,24,1,1,1,0,0,1,0,1,0,0,0,2,80.84206986865338,1962.8203858915736,1
0,0,0,0,2,1,0,1,0,0,0,0,0,0,0,0,1,70.68982202807618,141.03587307348624,1
0,0,0,0,17,1,0,1,2,0,0,0,2,1,0,0,2,93.9932919217187,1623.5266742508957,1
0,0,0,0,9,1,0,0,0,0,0,0,0,0,0,1,1,45.071471381154204,402.86584923269214,1
0,0,0,0,1,1,0,1,0,0,0,0,0,0,0,1,2,68.98894331514505,68.98894331514505,1
0,0,0,0,1,0,0,0,0,0,0,0,0,0,0,1,3,44.54059093087689,44.54059093087689,1
1,0,0,0,8,0,0,0,0,0,0,0,0,0,0,0,3,25.014671915010634,215.16064907419005,1
0,0,0,0,2,1,0,0,0,2,0,1,0,0,0,0,1,54.97452736464067,103.29717660635515,1
0,0,0,0,1,1,0,0,0,0,0,2,0,0,0,0,2,50.98608243863048,50.98608243863048,1
0,0,0,0,4,1,0,1,0,0,0,0,2,0,0,1,2,78.85597171591685,293.21204839826356,1
1,0,0,0,1,1,0,1,0,0,0,0,0,0,0,1,2,70.40890178507951,70.40890178507951,1
0,0,0,0,3,1,0,1,0,0,0,0,1,0,0,1,2,78.5266103196401,242.24735987066413,1
0,0,0,0,2,1,1,1,0,0,0,0,0,0,0,1,2,76.09937978633234,143.47519195885982,1
1,0,1,0,9,1,0,1,0,1,1,0,0,0,0,1,2,76.51766027917563,740.4668553101161,1
1,0,0,0,2,1,2,1,0,1,0,0,0,0,0,1,2,82.15731539766138,184.5142346568128,1
0,0,0,0,1,1,0,1,0,0,2,0,0,0,0,0,0,75.3,75.3,1
1,0,0,0,67,1,2,1,2,2,2,2,2,2,1,1,1,115.1895325258544,7835.663507410471,1
0,0,0,0,1,1,0,0,0,0,0,0,0,0,0,1,1,44.113055075507695,44.113055075507695,1
1,0,0,0,68,1,2,1,0,1,2,0,2,2,0,1,1,105.46943887624462,7306.589933972852,1
0,0,1,0,3,0,1,0,0,0,0,0,0,1,0,0,1,33.861161347991754,97.84630254152911,1
0,0,0,0,1,1,2,1,0,0,0,0,0,0,0,1,2,75.05543412696873,75.05543412696873,1
0,0,0,0,37,1,1,0,0,0,0,0,1,1,0,0,1,95.87058718043377,3579.9907500269564,1
0,0,0,0,12,1,2,1,0,2,1,0,1,2,0,1,1,100.67045931407567,1255.8462441454567,1
0,0,0,0,15,1,2,1,0,0,0,0,0,0,0,1,0,75.99011248633958,1108.2839211210644,1
0,0,0,0,5,1,0,1,0,0,0,0,0,1,0,0,1,79.65231171976282,382.2370201274847,1
0,0,0,0,21,1,1,1,0,0,0,1,2,0,0,1,1,92.5318516353201,2007.3900859837033,1
1,0,0,0,15,1,1,1,0,0,1,0,2,2,0,1,2,99.78468981953074,1500.0560654374071,1
1,0,0,0,1,1,0,0,0,0,0,0,0,0,0,0,3,46.21238738842182,46.21238738842182,1
0,0,1,0,38,1,2,1,0,0,1,1,1,2,0,1,2,103.57857200308861,4026.619872304533,1
0,0,0,0,2,1,0,1,0,0,1,1,0,0,0,1,2,79.83352945558089,152.4705881805239,1
1,0,0,0,32,1,0,1,0,0,0,1,2,1,0,1,2,95.59795883013892,3183.7713524972974,1
1,0,0,0,1,1,0,2,1,1,1,1,1,1,0,0,3,19.49364163745835,19.49364163745835,1
1,0,0,0,1,1,0,1,0,0,0,0,0,0,0,0,2,69.35958658943919,69.35958658943919,1
0,0,0,0,17,0,0,0,0,0,1,0,1,1,0,1,2,48.73315499985813,812.3189161705718,1
0,0,0,0,1,1,0,0,0,0,0,0,0,0,0,1,2,44.21717616466174,44.21717616466174,1
0,0,0,0,6,1,1,1,0,0,0,0,0,0,0,0,2,77.99099531053297,479.7461500007771,1
1,0,0,0,9,1,2,1,0,0,0,0,2,1,0,1,1,92.0568482924522,830.9217733902369,1
0,0,0,0,47,1,1,1,0,0,0,0,0,2,0,0,3,83.2780543184737,4034.346078502362,1
1,0,0,0,69,1,2,1,2,2,2,2,2,2,1,0,0,116.05096831043794,7944.390933063286,1
0,0,0,0,35,1,0,0,0,0,2,2,0,2,0,1,1,86.90434732066167,3091.0130535867665,1
0,0,0,0,25,1,0,1,1,1,0,0,0,0,0,1,0,80.76879959268804,2020.5658118291988,1
0,0,0,0,13,1,0,0,0,1,1,0,0,0,0,1,1,74.86406851613344,947.9820045126023,1
0,0,0,0,37,1,2,1,0,1,1,0,2,2,0,1,0,101.19236237422312,3549.972791592692,1
1,1,0,0,36,1,2,1,0,0,0,0,2,0,0,1,2,86.71294421616103,3174.2085014682143,1
0,0,0,0,42,1,2,1,0,0,0,0,2,2,0,1,2,95.57740316998243,4192.296453455527,1
0,0,0,0,6,1,0,1,0,0,0,0,2,1,0,0,2,88.4602867396153,579.0694982056732,1
0,0,0,0,1,1,2,1,0,0,0,0,0,0,0,1,2,74.88567704230378,74.88567704230378,1
1,0,0,0,1,1,0,0,0,0,0,0,0,0,0,0,2,45.20023637113443,45.20023637113443,1
0,0,0,0,30,1,2,1,0,1,0,1,2,0,0,0,1,91.04560260874874,2797.581404871415,1
0,0,0,0,1,1,0,1,0,0,0,0,2,0,0,1,2,79.59562470232028,79.59562470232028,1
0,0,0,0,2,1,1,1,0,0,0,0,2,0,0,1,1,86.25400939248009,187.11559553857194,1
0,0,0,0,2,1,0,1,0,0,0,0,0,0,0,0,0,69.94388327809797,143.91732825041714,1
0,0,0,0,53,1,2,1,1,0,0,0,2,2,0,1,2,101.73150467198846,5621.080189307379,1
0,0,0,0,9,1,0,1,0,0,0,0,0,2,0,1,2,80.05619817775721,795.490847464971,1
0,0,0,0,54,1,2,1,1,0,0,0,2,2,0,1,2,99.92599154832887,5619.029126398902,1
0,0,0,0,2,1,0,1,0,0,0,0,0,0,0,1,1,70.28957528744256,138.5720954552276,1
1,0,0,0,1,1,0,1,0,0,0,0,2,2,0,1,2,90.8151051903064,90.8151051903064,1
0,0,0,0,40,1,0,0,1,0,2,0,0,2,0,0,1,72.02768682705013,2796.781116806492,1
1,0,0,0,13,0,0,0,0,0,0,0,1,1,0,0,2,49.60613771343697,663.6377311050811,1
0,0,0,0,30,1,2,1,0,0,1,0,0,1,0,1,1,90.00646413790855,2806.8378959195534,1
1,0,0,0,2,1,0,0,1,0,0,0,0,0,0,1,2,46.668671142694485,92.51199062231811,1
1,1,0,0,44,1,2,1,0,1,1,1,2,2,0,1,0,106.15072591699158,4697.493674805451,1
0,0,0,0,1,1,0,1,0,1,0,1,2,0,0,0,2,91.65262027445068,91.65262027445068,1
0,0,0,0,7,1,0,1,0,0,0,0,2,0,0,1,2,83.89451281335775,588.9373855645439,1
1,0,0,0,69,1,0,1,0,1,1,2,2,2,1,1,0,104.03795980919634,7259.146474779533,1
0,0,0,0,4,1,2,1,1,0,0,0,1,2,0,1,2,95.48050287214747,350.57039467749166,1
0,0,0,0,9,1,0,1,0,0,0,0,1,1,0,0,1,89.68130682764466,863.3175681931737,1
0,0,0,0,14,1,2,0,0,0,0,2,0,0,0,0,1,56.67030289992763,754.7012390071524,1
0,0,0,0,59,1,0,1,1,1,2,0,2,2,1,1,2,103.55962081569032,6139.75636553411,1
0,0,0,0,3,1,1,1,0,0,0,0,0,1,0,0,0,84.25632274691914,265.09683862654043,1
0,0,0,0,1,1,0,1,0,0,0,0,0,0,0,1,2,70.8767521205941,70.8767521205941,1
0,0,0,0,10,1,2,1,0,0,1,0,2,2,0,1,2,100.5978835348856,1060.2269093421687,1
0,0,0,1,32,1,2,1,0,1,0,0,0,0,0,1,2,82.96282852110696,2708.187321425736,1
0,0,0,0,36,1,0,1,0,0,1,1,0,2,0,1,2,87.20490711722886,3074.655233545195,1
0,0,0,0,1,1,0,1,0,0,0,0,0,0,0,0,3,70.7038481365783,70.7038481365783,1
1,0,0,0,1,1,0,2,1,1,1,1,1,1,0,0,3,20.13890893397274,20.13890893397274,1
0,0,0,0,10,1,0,1,1,0,0,0,0,0,0,1,2,73.70211819159249,793.0273869708645,1
0,0,0,0,1,1,2,1,0,0,0,0,2,2,0,0,2,95.64316646394367,95.64316646394367,1
0,0,0,0,30,1,2,1,0,2,0,0,0,2,0,1,2,93.01243911175428,2993.052495508073,1
0,0,0,0,13,1,1,1,0,0,0,0,0,0,0,0,2,76.8197304424484,1096.0044878030435,1
0,0,0,0,9,1,1,1,0,0,0,0,2,1,0,1,2,94.79533227351027,890.2173259145719,1
1,0,0,0,1,1,0,0,0,0,0,0,0,0,0,0,2,45.27689574551935,45.27689574551935,1
0,0,0,0,1,1,0,1,0,0,0,0,0,1,0,1,2,81.36760404669812,81.36760404669812,1
0,0,0,0,23,1,2,1,0,0,0,0,0,0,0,0,0,75.49308815616874,1752.8534883940697,1
1,0,0,0,2,1,0,0,0,0,0,0,0,0,0,0,1,44.672505700607864,81.88523850119729,1
0,0,0,0,14,1,2,1,0,0,0,0,0,0,0,1,2,76.99737617230996,1130.2432628285114,1
0,1,1,0,47,1,2,1,0,0,2,0,2,1,0,1,2,99.63244575557756,4872.523966482811,1
1,0,0,0,41,1,2,1,0,2,0,0,2,2,0,1,2,103.02856897551513,4277.170963556948,1
1,0,0,0,45,1,2,1,0,1,0,0,1,1,0,0,1,93.65721095455702,4261.878241870654,1
0,0,0,0,46,1,2,1,0,0,0,0,1,1,0,1,2,92.11307272991124,4365.5770845006655,1
0,0,0,0,22,1,2,1,0,1,0,0,0,0,0,1,1,77.54058845849167,1682.252587499917,1
0,0,0,0,1,1,0,1,0,0,0,0,0,0,0,1,2,70.29041248932779,70.29041248932779,1
0,0,0,0,31,0,0,0,1,0,0,0,0,0,0,1,0,68.12543282861898,2070.5548525671593,1
0,0,1,1,39,1,2,1,0,0,0,0,2,1,0,1,1,94.59025707574266,3633.948482267561,1
1,1,0,0,66,1,2,1,0,2,2,2,2,2,1,0,1,110.85595524197275,7484.639441084521,1
1,0,0,0,2,1,0,0,0,0,0,0,0,0,0,0,3,45.805354682485465,81.20586451965035,1
1,0,0,0,23,1,2,1,0,1,0,0,0,0,0,1,2,81.49675405711766,1864.6361648447084,1
0,0,0,0,1,1,0,1,0,0,0,0,0,0,0,1,2,70.8942300161785,70.8942300161785,1
0,0,0,0,1,1,0,0,1,0,0,0,0,0,0,1,1,48.74753605065649,48.74753605065649,1
0,0,0,0,3,1,1,1,0,0,0,0,0,0,0,1,1,73.80672119587587,269.72683971174814,1
1,0,0,0,20,1,2,1,0,0,1,0,1,0,0,1,2,87.9041991058792,1762.3225532646197,1
0,0,0,0,10,1,2,1,0,0,0,0,0,1,0,0,1,83.73787123244209,830.7864344820103,1
0,0,0,0,1,1,0,0,0,0,2,0,0,0,0,0,3,50.45,50.45,1
0,0,1,0,32,1,0,1,0,0,2,0,2,2,0,1,2,96.1460434107619,3037.107578191121,1
0,0,0,0,28,1,2,1,1,1,0,0,2,2,0,0,2,102.78584937543482,2854.2284848439026,1
0,1,0,0,27,1,1,1,0,0,0,0,0,0,0,1,2,84.60761074891828,2298.5817780956195,1
0,0,0,0,2,1,0,1,0,0,1,0,0,2,0,1,2,85.79725251914871,168.17912468085478,1
0,0,0,0,38,0,0,0,0,0,0,1,0,0,0,0,0,27.89447808949468,977.9142861771643,1
1,0,0,0,7,1,0,1,0,2,0,0,2,2,0,1,2,96.64229706778573,670.8319391960522,1
0,0,0,0,9,1,2,1,0,0,0,0,2,0,0,1,0,85.35,755.5894103806324,1
1,0,0,0,36,1,2,1,0,0,0,0,0,2,0,1,2,84.77822899224736,3053.3586954521174,1
0,0,0,0,4,1,0,0,1,1,0,1,0,0,0,1,2,63.69884325450154,270.3552925299344,1
0,0,1,0,1,1,0,0,0,0,0,0,0,0,0,0,0,44.501793015962136,44.501793015962136,1
0,0,0,0,13,1,1,1,0,0,0,0,0,0,0,0,2,75.77740019953892,1096.106048185686,1
0,0,0,0,65,1,1,1,0,2,0,0,2,0,0,1,2,95.94371330265088,6144.130789449525,1
1,0,0,0,5,1,0,2,1,1,1,1,1,1,0,0,3,20.699689726868147,116.36399137188741,1
0,0,0,0,1,1,0,2,1,1,1,1,1,1,0,0,3,19.405900767742555,19.405900767742555,1
0,0,1,0,13,1,1,1,0,0,1,0,2,2,0,0,1,103.64412161964837,1355.194424767987,1
1,0,0,0,1,1,0,2,1,1,1,1,1,1,0,0,2,19.987081364372596,19.987081364372596,1
0,0,1,1,4,1,1,0,0,0,0,0,0,0,0,0,3,51.95120018696759,238.68268303858306,1
0,0,0,0,53,1,2,1,2,0,2,0,2,2,1,1,0,106.57809515735194,5786.917887212596,1
0,0,0,0,29,1,2,1,0,0,0,0,1,2,0,0,2,91.23155196200291,2732.935625428778,1
0,0,0,0,1,1,2,1,0,0,1,0,2,2,0,1,1,99.775631729588,99.775631729588,1
0,0,0,0,5,1,0,1,0,0,0,0,1,0,0,1,1,82.76825559344165,394.2215771192225,1
0,0,0,0,14,1,1,1,0,2,0,0,2,2,0,1,1,100.07694653318693,1419.0897449068427,1
1,0,0,0,18,1,0,1,0,0,2,0,2,2,0,0,1,95.5622372106644,1778.8232182908507,1
0,1,0,0,24,1,2,1,0,0,0,0,2,1,0,1,2,92.44543786378576,2267.4641011482986,1
0,0,0,0,3,1,0,0,0,0,0,0,0,1,0,0,1,54.03271237538624,197.91706302586988,1
0,0,0,0,11,1,2,1,0,0,2,1,2,2,0,1,0,102.8446556656433,1132.2255021503058,1
1,0,0,0,67,1,2,1,2,2,2,2,2,2,1,1,1,114.11938298524068,7846.334133118321,1
0,0,0,0,1,1,0,1,0,0,0,0,0,0,0,1,2,70.22531528167751,70.22531528167751,1
1,0,0,0,1,1,0,1,0,0,0,0,2,0,0,1,2,79.0045695968813,79.0045695968813,1
0,0,1,0,28,1,0,1,1,0,1,0,1,2,0,0,1,98.16862773294633,2752.664436600217,1
0,0,0,0,4,1,0,1,0,0,0,0,2,0,0,1,2,79.95591991577795,306.1593775126343,1
0,0,0,0,16,1,0,1,0,1,1,0,0,2,0,1,1,94.00445213253813,1575.5854346856363,1
0,0,0,0,25,1,0,1,0,0,0,0,1,2,0,1,2,85.86180850834785,2232.9983459134587,1
1,0,0,0,10,0,0,0,0,0,1,0,2,0,0,0,2,44.57043230540474,466.0957444678045,1
1,0,0,0,1,0,1,0,0,0,0,0,0,0,0,0,2,25.146727119037028,25.146727119037028,1
0,0,0,0,14,0,1,0,0,0,0,1,0,0,0,1,2,31.238324892988807,440.48626859443743,1
0,0,0,0,20,1,2,1,0,0,0,0,0,1,0,1,1,85.52351966988168,1727.6221657272615,1
0,0,1,0,64,1,2,0,2,2,2,0,2,2,1,0,1,102.59024069712193,6444.718580646189,1
0,0,0,0,24,1,2,1,0,0,1,0,0,0,0,1,2,87.2194365753502,2127.8983945489326,1
0,1,0,0,36,1,2,1,0,0,0,0,2,0,0,1,2,87.78681582901636,3169.2468647818505,1
0,1,0,0,8,1,1,1,0,0,0,0,0,0,0,1,2,75.15631167530672,606.3924851979264,1
0,0,0,0,5,1,0,1,0,0,0,0,2,2,0,1,2,91.1878163264283,453.67539796107644,1
0,0,1,1,41,1,1,1,0,0,1,1,0,0,0,0,1,81.24392785181392,3304.6134718404724,1
0,1,0,0,24,1,2,1,0,2,1,0,1,2,0,1,1,99.39852457381402,2496.923363234351,1
1,0,0,0,21,1,0,0,0,2,0,1,0,0,0,1,1,57.5140649302683,1191.2229419860066,1
0,0,0,0,1,1,0,2,1,1,1,1,1,1,0,1,3,20.07641197847382,20.07641197847382,1
0,1,0,0,8,1,0,1,0,0,1,0,1,2,0,1,1,94.44051867656032,742.9401413104533,1
0,0,0,0,1,1,0,1,0,0,1,0,2,0,0,1,2,85.42447771642837,85.42447771642837,1
0,0,0,0,5,0,0,0,1,0,0,1,0,0,0,0,2,54.05802389485581,308.17844404300735,1
0,0,0,0,1,1,0,0,1,1,0,2,0,0,0,0,2,60.496825075030365,60.496825075030365,1
1,0,0,0,1,1,0,1,0,0,0,0,0,0,0,1,2,69.8668344645248,69.8668344645248,1
0,0,0,0,39,0,1,0,0,0,2,0,0,0,0,1,1,75.00794262059048,2842.047414487886,1
0,0,0,0,1,1,0,2,1,1,1,1,1,1,0,1,3,18.987665114809143,18.987665114809143,1
1,0,0,0,18,1,0,0,0,1,0,0,0,0,0,1,1,75.09812767568424,1424.6454872750799,1
0,0,1,0,63,1,2,1,0,1,2,0,2,2,0,1,1,105.32493149868932,6859.720808166546,1
0,0,0,0,34,1,1,1,0,0,0,0,1,1,0,0,0,84.53598356037007,2867.089597743841,1
0,0,0,0,1,1,2,0,0,0,0,0,0,0,0,0,2,50.38875035360842,50.38875035360842,1
0,0,0,0,18,0,0,0,0,1,0,1,0,0,0,1,2,49.317957794856035,838.4902761591438,1
0,0,0,0,55,1,0,1,0,1,0,0,0,0,0,0,2,74.53850970482713,4092.688937908335,1
1,0,1,1,19,1,0,1,0,1,0,2,2,2,1,0,0,100.40511488397463,1883.06367896835,1
0,0,0,0,3,1,2,1,0,0,0,0,2,2,0,1,2,95.67829755776684,292.52544094294393,1
1,0,0,0,1,1,0,1,0,0,0,0,0,0,0,1,2,69.58515354430997,69.58515354430997,1
0,0,0,0,50,1,1,1,0,0,0,0,2,2,0,1,1,95.37204948250971,4813.441251163351,1
1,0,1,0,19,1,2,1,0,0,0,1,1,2,0,1,2,99.32374749539714,1875.360185038895,1
1,0,0,0,3,1,1,1,0,0,2,0,2,0,0,0,2,91.9632647367372,289.6431836015888,1
1,0,0,0,1,1,0,1,0,0,0,0,2,0,0,1,2,80.20576502021989,80.20576502021989,1
1,0,1,0,29,1,2,0,1,0,0,0,0,0,0,0,1,49.29606326653318,1336.1231991868874,1
1,0,1,1,56,1,2,0,1,2,2,0,0,2,0,0,0,87.87293590993374,4667.56151351784,1
1,0,1,0,10,1,2,1,0,0,0,0,0,2,0,1,2,85.80108972838842,855.8314079523745,1
0,0,0,0,33,1,0,1,0,0,0,0,0,0,1,1,0,79.75301070671917,2598.2391381401562,1
0,0,0,0,1,1,0,0,0,0,0,0,0,0,0,1,3,45.65636421796066,45.65636421796066,1
0,0,0,0,2,1,0,0,0,0,0,0,0,0,0,0,1,68.40598201715444,134.58099846487903,1
1,0,0,0,1,1,0,2,1,1,1,1,1,1,0,1,3,20.03482484240609,20.03482484240609,1
0,0,0,0,8,1,2,1,0,0,2,0,2,1,0,0,2,100.70221193232132,779.8962791478097,1
1,0,0,0,34,1,2,1,0,0,1,0,2,2,0,1,1,101.08113422140146,3404.08077797956,1
1,0,0,0,1,0,1,0,0,0,0,0,0,0,0,0,2,25.00426428991642,25.00426428991642,1
1,0,1,0,69,1,0,1,2,2,2,1,2,2,1,1,0,109.8272717751072,7525.095482343398,1
0,0,0,0,14,1,2,1,0,1,0,0,0,0,0,1,2,81.83718068200517,1113.2916608834469,1
0,0,0,0,4,1,0,1,0,0,0,0,1,0,0,0,1,79.95280054080722,307.0938254168722,1
0,0,1,0,65,1,2,1,0,2,2,0,2,2,0,1,2,105.72004690325434,6983.933634154616,1
0,0,0,0,2,1,0,0,0,0,0,0,0,2,0,0,0,78.19341502300655,160.0505131247137,1
0,0,0,0,2,1,2,1,0,0,0,0,0,2,0,1,2,85.80940299598751,168.21365655818119,1
0,0,0,0,10,1,1,1,0,0,0,0,2,0,0,1,0,85.78474259460911,833.6972017177397,1
0,0,0,0,40,1,2,1,0,0,0,0,2,0,0,1,1,88.30261612040424,3542.1969834482097,1
0,1,0,0,3,1,0,1,0,0,0,0,0,0,0,1,2,70.53860962168196,235.34645989561335,1
0,0,0,0,1,1,0,1,0,0,0,0,0,0,0,0,2,70.53220675351957,70.53220675351957,1
1,0,0,0,1,1,0,2,1,1,1,1,1,1,0,0,3,20.205974466133366,20.205974466133366,1
0,0,0,0,2,1,0,2,1,1,1,1,1,1,0,0,2,19.749168340302806,36.254885495107615,1
0,0,0,0,1,1,2,1,0,0,0,0,0,2,0,1,2,85.83303343542252,85.83303343542252,1
0,0,0,0,9,1,0,1,0,0,0,0,1,1,0,1,0,86.53311603068244,813.3637894842179,1
0,0,0,0,46,1,0,1,1,1,0,1,2,2,0,1,0,104.70541720685816,4822.376513155381,1
0,0,0,0,15,0,0,1,0,1,0,0,0,0,0,1,2,22.88656697346431,343.7616607772072,1
0,0,0,0,2,1,0,1,0,0,0,0,0,0,0,0,0,69.79539261813935,144.7315704725574,1
0,0,0,0,6,1,0,1,0,0,1,0,0,1,0,0,1,84.49051503340979,500.4080927617034,1
0,0,0,0,10,1,0,1,1,2,2,0,2,2,0,1,1,103.80452016797578,1078.1878061376065,1
0,0,0,0,2,1,0,1,0,0,0,1,2,2,0,1,2,93.99925859181405,167.5369786804553,1
0,0,0,0,11,1,2,1,0,0,0,0,2,1,0,1,2,93.2604290990064,1083.173076316852,1
0,0,0,0,2,0,0,0,0,0,0,0,1,1,0,0,2,45.14082730179502,84.98446225847648,1
0,0,0,0,4,1,2,1,0,0,0,0,0,1,0,1,2,86.08902393599435,339.6720765770935,1
0,0,0,0,33,1,0,0,0,1,1,0,0,0,0,1,2,72.68381652747007,2355.822794612284,1
1,0,0,0,3,1,1,1,0,0,2,0,2,2,0,1,0,100.30858727517229,296.30275796256484,1
0,0,0,0,9,1,2,1,0,0,0,0,0,1,0,1,1,84.80947512271158,759.364578096349,1
0,0,1,0,40,1,0,1,1,0,2,1,1,1,0,1,1,101.29176572783113,4136.712059699917,1
0,0,0,0,30,1,2,1,0,0,2,0,0,2,0,1,0,96.61315298063715,2963.993435120541,1
0,0,0,0,12,1,2,1,0,2,0,0,1,0,0,1,0,87.72112940371993,1054.773395791875,1
0,0,1,0,44,0,0,0,0,2,0,1,0,0,0,0,1,54.1922535895127,2320.4760574322036,1
0,0,0,0,2,1,1,1,0,0,2,0,0,0,0,1,2,78.90407952099041,150.3398697006709,1
0,0,1,0,59,1,2,1,0,0,1,0,2,2,0,1,0,99.47291131498288,5964.888546090251,1
0,0,1,1,34,1,2,1,1,0,2,0,1,1,1,1,2,100.3353006251456,3468.771520165559,1
0,0,0,0,10,1,1,1,0,0,0,0,2,0,0,1,1,85.49881790800474,833.2630197862294,1
0,0,0,0,1,1,0,1,0,0,0,0,0,0,0,1,2,70.744387146975,70.744387146975,1
0,0,0,0,33,1,1,1,0,0,1,1,1,1,0,1,1,95.86714129731283,3240.250182258168,1
0,0,0,0,2,0,1,0,0,0,0,0,0,0,0,0,2,27.066215669346573,63.974698571083266,1
0,0,0,0,66,1,1,1,0,2,2,0,2,2,0,0,1,101.27728405284894,6653.0545645969,1
1,0,0,0,49,1,2,1,0,2,2,0,2,2,0,1,0,103.77346788019824,5027.287940029017,1
1,0,0,0,2,1,0,1,0,0,1,0,0,2,0,1,2,85.92070150940161,166.42801471738017,1
0,0,1,1,1,1,0,2,1,1,1,1,1,1,0,0,0,20.01688850542362,20.01688850542362,1
0,0,0,0,24,1,1,1,0,2,0,0,2,2,0,1,1,100.31265975065249,2435.919951695252,1
0,0,0,0,3,1,0,1,0,0,0,0,1,2,0,1,1,89.85498960664088,240.94388976419617,1
1,1,0,0,45,0,0,0,0,1,2,1,1,2,1,0,0,60.44551168739095,2811.7501360936135,1
1,1,0,0,1,1,2,1,0,0,0,0,2,2,0,1,2,94.20435465016858,94.20435465016858,1
1,0,0,0,1,1,0,2,1,1,1,1,1,1,0,0,3,18.89673145943921,18.89673145943921,1
1,0,0,0,10,1,2,1,0,1,0,0,0,0,0,1,0,86.97825349140379,897.5325567382179,1
1,0,1,0,6,1,1,1,0,0,0,0,0,0,0,1,2,73.39859075296228,442.4761725424706,1
0,0,0,0,45,0,0,1,0,0,0,1,0,0,0,0,0,24.214191234481625,1000.6801631969565,1
0,1,0,0,26,1,2,1,0,0,0,0,0,1,0,1,2,86.27399028821985,2288.3431788212074,1
1,0,1,0,67,1,2,1,0,1,2,0,2,2,0,0,1,102.04549600509054,7026.159191864357,1
0,0,0,0,2,1,0,1,0,0,0,0,1,2,0,1,2,88.76908902356267,168.75520373665952,1
0,1,0,0,1,1,0,1,0,0,1,0,0,2,0,1,2,85.00335661549367,85.00335661549367,1
0,0,0,0,1,1,0,1,0,0,0,0,0,0,0,0,2,70.73066128490089,70.73066128490089,1
0,0,0,0,1,0,1,0,0,1,0,0,0,0,0,0,1,29.825592954993024,29.825592954993024,1
0,0,1,0,30,1,0,2,1,1,1,1,1,1,0,0,2,19.582788399401824,657.9335596185434,1
0,1,0,0,20,1,2,1,0,0,1,0,2,0,0,0,2,91.7068931718496,1956.9802375824866,1
0,1,0,0,12,1,0,1,0,0,1,0,0,0,0,1,2,74.52578460242086,940.7116224933083,1
1,0,1,0,71,1,2,1,0,2,2,1,2,2,2,1,0,107.3656005842865,7706.4724233982315,1
1,0,0,0,17,1,0,1,1,0,1,0,1,0,0,1,1,88.25650045948088,1537.0957362401077,1
0,0,0,0,6,1,1,1,0,0,0,0,2,0,0,1,2,86.73839234469233,581.7689301429435,1
0,0,0,0,34,1,2,1,1,2,2,0,2,2,0,1,2,109.75858955590924,3586.793884963638,1
0,0,1,0,69,1,2,1,1,2,2,2,2,2,1,1,2,111.40597801530157,7969.495584542683,1
0,0,0,0,1,1,0,1,0,2,0,0,0,0,0,1,2,74.8685686723067,74.8685686723067,1
0,0,0,0,1,1,0,1,0,0,0,0,0,0,0,0,2,70.70599280499039,70.70599280499039,1
1,0,0,0,5,0,1,0,0,0,0,0,0,0,0,0,2,46.81692818236539,222.7955774248247,1
0,0,0,0,62,1,2,1,1,1,2,0,2,0,0,1,2,100.6629083008856,6215.467039092382,1
0,0,0,0,25,1,0,0,1,1,1,0,0,2,0,1,0,81.0925350430471,1972.0664660980276,1
0,0,1,1,58,1,1,1,1,2,0,0,0,1,0,0,0,92.45475629858159,5442.467484851121,1
1,0,0,0,22,1,2,1,1,0,0,0,2,1,0,1,0,98.4160386944269,2310.9718066278756,1
0,0,0,0,10,1,2,1,0,1,0,0,0,0,0,1,1,78.07483658510384,821.7487603510671,1
1,0,1,1,22,1,1,1,0,1,1,0,2,2,0,0,2,98.3919071125835,2166.8119370089394,1
0,0,0,0,56,1,0,1,0,0,2,0,2,2,1,0,2,96.91268769244404,5462.721432068449,1
0,0,0,0,1,1,0,0,0,0,0,0,0,0,0,1,3,45.43184810606424,45.43184810606424,1
1,0,1,0,10,1,1,1,0,0,0,0,0,1,0,0,2,84.63984610986513,852.6357747680777,1
0,0,0,0,7,1,0,1,0,1,0,1,1,0,0,1,2,87.32781848271344,607.816738195953,1
0,0,1,0,21,0,0,0,2,0,1,0,1,1,0,1,2,55.6088230248774,1156.201931518981,1
0,0,0,0,2,1,0,1,0,0,0,0,1,0,0,1,2,79.38310389456272,147.78280992062452,1
1,1,0,0,20,1,2,1,0,0,0,0,2,1,0,1,1,93.61342588201818,1902.1822189115805,1
0,0,0,0,6,1,0,1,0,0,2,0,0,1,0,0,1,83.35796796243386,497.50973476292364,1
0,0,1,1,34,1,1,1,0,0,1,1,2,1,0,1,2,96.62486176152478,3252.9929814121574,1
1,0,0,0,1,1,0,1,0,0,0,0,2,0,0,1,2,79.15364469927825,79.15364469927825,1
0,0,0,0,28,1,2,1,0,2,1,0,2,2,0,1,2,105.48123369504628,2979.0569982324687,1
1,0,0,0,1,1,0,2,1,1,1,1,1,1,0,0,3,20.505274395216222,20.505274395216222,1
0,0,0,0,4,1,0,0,1,1,0,1,0,0,0,0,2,62.058358917915584,273.6176476423553,1
1,0,0,0,69,1,2,1,1,0,0,2,2,2,2,1,0,104.51907892796348,7258.1780275108895,1
0,0,0,0,8,1,1,1,0,0,0,0,0,1,0,0,0,84.52031811398552,662.9096203453706,1
0,0,0,0,3,1,0,1,0,0,0,1,2,0,0,0,2,81.86376552478546,267.4875799774286,1
0,0,0,0,1,1,0,0,1,0,0,0,0,0,0,1,0,48.81060881287827,48.81060881287827,1
1,0,0,0,14,1,2,1,0,0,0,0,0,1,0,1,1,82.27662827744214,1137.8092356046068,1
1,0,0,0,2,0,0,0,1,0,2,0,2,0,0,0,0,59.16762860943054,92.77880700639115,1
0,0,1,0,5,1,0,1,0,0,0,0,0,0,0,0,2,70.1256591432805,330.33563977642143,1
1,0,0,0,41,1,2,1,0,0,1,0,2,2,0,1,2,99.1185256226158,4198.43806863641,1
0,0,0,0,13,1,0,1,0,0,0,0,0,0,0,1,1,74.08342451134892,911.9936621330264,1
1,0,1,0,20,1,0,1,0,0,0,0,0,0,0,1,2,71.82309742799315,1467.7532575504536,1
0,1,0,0,1,1,2,1,0,0,0,0,0,0,0,1,2,74.28310667304359,74.28310667304359,1
1,0,0,0,68,1,2,0,2,1,2,1,0,2,1,1,1,78.94708649872945,5336.555632959189,1
0,0,0,0,9,1,1,1,0,0,0,0,0,2,0,1,2,82.86817434330678,802.2604197153681,1
0,0,0,0,4,0,0,0,0,0,0,0,1,1,0,0,2,45.08185756493709,176.97762774071776,1
1,1,0,0,1,1,2,1,0,0,0,0,2,2,0,1,2,94.99055586423974,94.99055586423974,1
0,0,0,0,43,1,2,1,0,1,0,0,2,2,0,1,2,102.83543494002089,4529.377083926199,1
0,0,1,0,26,0,0,0,0,1,0,0,0,2,0,0,2,83.9702683495848,2170.2423952528766,1
0,1,0,0,35,1,1,1,0,0,0,0,1,1,0,1,2,94.71981674266765,3473.176174134668,1
0,0,0,0,2,1,0,0,0,0,0,0,0,0,0,0,1,44.56626777484385,80.64445023043722,1
1,0,0,0,22,1,2,1,0,0,0,0,0,1,0,1,2,83.16384192429715,1868.8296642219434,1
0,0,0,0,1,1,2,1,0,2,0,0,0,0,0,1,2,79.46409101789394,79.46409101789394,1
0,1,0,0,26,1,2,1,0,0,0,0,0,1,0,1,2,86.36230263045361,2284.512024294268,1
0,0,0,0,3,1,1,1,0,0,0,0,0,0,0,0,0,72.92308168069049,211.7015516639161,1
1,0,0,0,42,1,2,1,0,0,1,1,1,2,0,0,0,99.74229000121736,4142.361592204701,1
1,0,0,0,11,1,0,0,0,0,0,1,1,0,0,1,2,64.7165768657247,733.6806115452786,1
0,0,0,0,31,1,0,0,0,1,0,1,0,0,0,1,1,46.490512033411896,1190.5066538839392,1
0,0,0,0,12,0,1,0,0,0,0,0,0,0,0,1,2,25.521030544684194,298.14996745738586,1
0,0,0,0,29,1,2,1,0,1,0,0,2,2,0,1,2,99.65933266011932,2990.272106097984,1
1,0,0,0,2,0,0,0,0,0,1,0,1,1,0,1,2,49.25,90.40651865665352,1
1,0,0,0,9,1,2,1,0,0,0,0,2,2,0,0,2,95.49798876271015,929.7365533207585,1
0,0,0,0,15,1,0,1,0,1,1,0,1,2,0,1,2,93.57697808506923,1454.5061662139647,1
1,0,0,0,16,1,2,1,0,0,0,1,0,1,0,1,1,88.31752672342604,1448.887757358654,1
0,1,0,0,1,1,2,1,0,0,0,0,0,0,0,1,2,73.9467359550818,73.9467359550818,1
0,0,0,0,4,0,1,0,0,0,0,0,0,0,0,1,2,24.63248495194849,98.42687077282278,1
0,0,0,0,2,0,1,0,0,0,0,1,0,0,0,0,2,29.488945387354143,59.012538373115596,1
0,0,0,0,1,0,1,0,0,0,0,0,0,0,0,0,2,24.82312906789189,24.82312906789189,1
1,0,0,0,1,1,0,0,0,0,0,0,0,1,0,0,2,54.90383147027305,54.90383147027305,1
0,0,0,0,9,1,0,0,0,0,0,0,0,2,0,1,2,78.08919151037603,708.8905331583887,1
0,0,0,0,2,1,0,1,0,1,0,0,1,0,0,1,1,86.68900508406894,181.29944807847173,1
0,0,0,0,25,0,1,1,0,0,0,0,0,0,1,0,1,24.78485289973901,694.1662790559557,1
0,0,0,0,7,1,0,1,0,0,1,0,1,2,0,0,1,95.17609450246191,660.9280492737964,1
0,0,0,0,4,1,2,1,0,1,0,0,0,0,0,0,2,78.3011092736169,330.2224953537365,1
0,0,0,0,13,1,0,1,0,0,2,0,0,0,0,0,2,78.5355331135738,1027.38254743569,1
0,0,0,0,41,1,2,1,0,0,1,0,2,2,0,1,2,96.73349486081793,4187.1746589400445,1
0,0,0,0,3,0,0,1,0,1,0,0,0,0,0,0,2,21.087364426982386,76.59711672688057,1
0,0,0,0,35,1,0,1,0,0,1,0,2,0,0,1,2,85.56195142856005,3030.1246714285844,1
0,0,0,0,1,1,2,1,0,0,0,0,0,2,0,0,2,85.05394663303522,85.05394663303522,1
0,0,0,0,1,0,1,0,0,0,0,0,0,2,0,0,2,35.53931546504781,35.53931546504781,1
0,0,0,0,2,0,0,0,0,0,1,0,1,1,0,1,1,49.224776935524915,90.44458649178155,1
0,0,0,0,59,1,2,1,0,0,0,0,1,1,0,1,1,89.96114697419134,5259.020603037419,1
0,0,0,0,65,1,2,1,0,1,2,2,2,2,0,1,1,108.4023110819349,6949.155877393787,1
0,0,0,0,13,0,0,1,0,0,0,0,0,1,0,0,0,26.12271895349457,328.40507886094895,1
0,0,0,0,11,1,1,0,1,0,1,1,0,0,0,1,2,63.57259603293652,713.7980649008234,1
0,1,0,0,1,1,0,1,0,0,0,0,2,1,0,1,2,89.12434147667868,89.12434147667868,1
0,1,1,0,48,1,0,1,0,0,0,0,0,0,0,1,2,73.61411502953979,3443.9684280350302,1
0,0,0,0,3,0,0,1,0,0,0,0,0,0,0,0,2,21.820720788139646,58.86882473443763,1
0,0,0,0,1,1,0,1,0,0,0,0,0,0,0,0,2,71.2384052237959,71.2384052237959,1
0,0,0,0,32,1,0,0,0,2,0,0,0,0,0,0,2,70.76112239451403,2276.3151319922345,1
0,0,0,0,17,0,0,0,0,0,0,1,0,0,0,0,2,50.15806359412116,899.0975251096454,1
0,0,0,0,5,1,0,0,0,0,2,0,1,1,0,1,2,70.50601293767141,347.605140380137,1
0,0,0,0,1,1,0,0,0,0,0,0,0,0,0,1,2,45.66197999663562,45.66197999663562,1
1,0,0,0,12,0,1,0,1,0,0,1,1,0,0,0,1,48.20353337493795,600.5596179419899,1
1,0,0,0,3,1,0,0,0,1,1,0,0,0,0,0,3,55.84903368036838,165.4413031233154,1
1,0,0,0,67,1,2,1,0,2,2,1,2,2,1,0,1,109.5196642096234,7421.117740540218,1
0,0,1,0,54,1,2,1,0,2,1,0,2,1,0,1,2,102.38313941347857,5628.12573286655,1
1,0,0,0,3,0,0,0,0,0,1,0,1,0,0,1,3,44.77303997232102,130.4417973351786,1
1,0,0,0,5,1,1,1,0,0,1,0,2,0,0,1,2,92.2516314926343,452.0339208211556,1
1,0,0,0,1,1,0,1,0,0,0,0,2,1,0,1,2,88.52252010982562,88.52252010982562,1
0,0,0,0,12,1,0,1,0,0,2,0,2,1,0,1,2,96.08470108949075,1062.0233656809369,1
0,0,0,0,4,1,1,1,0,1,1,0,0,0,0,0,0,83.05518072490882,335.93104285513624,1
1,0,1,0,57,1,2,1,0,1,2,0,2,0,0,1,2,99.68587875456554,5742.970283549189,1
1,0,0,0,1,1,0,1,0,0,0,1,0,0,0,1,2,75.87780624988359,75.87780624988359,1
0,1,1,0,42,1,2,1,0,0,2,2,2,2,1,1,2,107.6175202986003,4533.915345522409,1
0,0,0,0,1,1,0,1,0,0,0,0,0,0,0,0,3,70.83727079062312,70.83727079062312,1
0,0,0,0,1,1,0,1,0,0,0,0,0,0,0,1,2,70.55651765650217,70.55651765650217,1
0,0,0,0,37,0,1,0,0,0,2,0,0,0,0,0,1,32.17605571364634,1139.7772274973893,1
0,0,0,0,10,1,0,1,1,0,0,0,2,0,0,1,2,85.01176747023437,832.5234246770225,1
1,0,1,0,19,1,0,0,1,0,0,1,0,0,0,1,2,60.49748375722328,1151.402207739221,1
0,0,0,0,37,1,2,1,0,1,1,1,0,0,0,1,2,92.11404595546003,3474.276166375901,1
0,0,0,0,21,1,1,1,0,0,0,0,2,2,0,1,2,97.46449990557566,2119.3035643821777,1
0,0,0,0,3,1,2,1,0,0,0,0,0,0,0,0,2,75.78106278028467,246.15194537313477,1
0,0,0,0,16,1,1,1,0,0,0,0,2,1,0,1,2,93.14067753866765,1533.769711885727,1
0,0,0,0,28,1,2,1,0,1,1,0,0,2,0,1,2,95.6524845783222,2741.4230980099533,1
0,0,0,0,11,1,1,1,0,1,0,0,2,0,0,0,0,89.74426194393538,1051.8606227299256,1
0,0,0,0,25,1,1,1,0,0,2,0,0,2,0,1,2,90.00174830299466,2368.4563592689374,1
1,0,0,0,45,1,2,1,0,0,2,1,1,1,0,0,0,95.29027990328107,4138.459080260375,1
0,0,0,0,25,1,1,1,0,0,1,0,0,2,0,1,2,89.28655617449957,2366.959612792236,1
1,0,0,0,2,1,0,0,0,0,0,0,0,0,0,0,1,45.00955368247641,80.9008245210419,1
0,0,0,0,4,0,0,0,1,1,0,0,0,0,0,1,2,31.28096505685432,139.06860430528715,1
0,0,0,0,9,1,1,1,0,0,0,0,0,2,0,1,1,84.30271740799577,804.1623369708764,1
0,0,0,0,3,1,1,0,0,0,0,0,0,0,0,1,3,50.93749452097829,151.51642845961288,1
0,0,0,0,4,0,1,0,1,2,0,0,0,0,0,0,2,32.35740125116277,136.15967855921286,1
0,0,0,0,30,1,0,1,0,0,0,0,1,1,0,0,1,90.33506513045899,2755.514263700197,1
0,0,0,0,15,1,1,0,0,0,2,0,0,1,0,0,1,68.48233507944207,1037.7231398638135,1
0,0,0,0,15,1,2,0,0,0,0,1,0,0,0,0,1,53.746256434601975,760.1525930287952,1
0,0,0,0,2,1,2,1,0,1,0,0,0,0,0,1,2,82.77492397330514,234.26255133002502,1
1,0,0,0,1,1,0,0,0,0,0,0,0,2,0,1,2,55.192896743416426,55.192896743416426,1
1,0,0,0,1,1,0,1,0,0,0,0,2,2,0,1,2,89.24947763492777,89.24947763492777,1
1,0,0,0,7,1,2,1,0,0,1,0,1,0,0,1,1,88.58706146590443,628.40929680702,1
0,0,0,0,11,1,0,1,0,0,0,0,0,2,0,0,0,82.03095198294977,948.7433047579188,1
0,0,1,0,52,1,0,1,0,0,1,0,2,2,1,0,0,95.24534049044473,4996.07716345679,1
1,0,0,0,2,1,0,1,0,0,1,0,2,2,0,0,2,94.75543771139661,178.83728867260234,1
1,0,0,0,15,1,0,1,0,1,0,0,0,0,0,1,1,77.46133074881914,1178.280300294717,1
0,0,0,0,3,1,0,1,0,0,0,0,0,0,0,1,1,71.37034243034533,267.8935249970915,1
0,0,0,0,21,1,0,0,1,2,1,0,0,0,0,0,2,61.96019086442069,1422.2062966628212,1
1,0,0,0,9,1,2,1,0,0,0,0,2,0,0,1,0,89.70925868443645,832.163884293949,1
0,0,0,0,46,1,1,1,0,0,0,0,0,0,0,0,1,80.95427705117301,3682.4142374002245,1
0,0,0,0,23,1,2,1,0,0,0,0,0,0,0,0,0,75.5391019151292,1755.3267279381942,1
0,0,0,0,42,1,2,1,0,1,0,0,2,2,0,1,2,101.07162310587026,4388.610606037499,1
0,0,0,0,3,1,2,1,0,0,0,0,0,0,0,1,2,76.08969632057837,208.42458142076964,1
1,0,1,0,68,1,2,1,0,1,0,0,2,2,1,0,0,98.79406672386138,6863.0008156433605,1
1,0,0,0,3,1,2,1,0,0,2,0,2,2,0,1,2,101.06574269529071,330.05989710461944,1
0,1,0,0,37,1,2,1,0,0,0,0,0,0,0,1,2,76.34430044561441,2851.583567413373,1
1,0,0,0,3,1,0,0,0,0,0,0,1,0,0,0,3,55.34815983154719,160.93343848392476,1
0,0,0,0,2,1,0,1,0,0,0,0,0,1,0,0,2,80.3154690366955,161.6443813646877,1
0,1,0,0,36,1,1,1,0,0,0,0,1,1,0,1,2,92.2666215922855,3470.2403832169975,1
0,0,0,0,4,1,0,0,0,0,0,0,0,0,0,0,3,45.93676986054104,193.1393232696562,1
0,0,0,0,10,0,1,0,0,0,0,0,0,1,0,1,2,33.37686177064279,298.57293748389895,1
0,0,1,0,11,1,2,1,0,1,0,0,2,1,0,1,1,100.22332570168396,1219.3157009794381,1
1,0,1,0,31,1,1,1,0,0,0,0,0,2,0,0,1,88.14802789236599,2644.3661655995647,1
1,0,0,0,20,1,2,1,0,0,1,0,1,0,0,1,2,86.29849350595178,1764.0831238716469,1
1,0,0,0,9,0,1,0,0,0,0,0,0,0,0,0,1,26.226277764453197,258.0084141058774,1
1,0,0,0,2,1,0,0,0,0,0,0,0,0,0,1,2,44.48302032974852,94.1387967682875,1
0,0,1,0,40,0,1,0,0,0,0,0,0,0,0,0,2,52.76184028104227,2195.06973142936,1
0,0,0,0,14,1,0,0,0,0,1,0,0,1,0,1,1,63.30156944050776,893.7062832579319,1
1,0,0,0,1,1,0,1,0,0,0,0,0,0,0,1,2,69.6842496878553,69.6842496878553,1
0,0,0,0,1,1,0,1,0,0,0,0,2,0,0,1,2,80.53246260382893,80.53246260382893,1
0,0,0,0,5,0,0,1,0,0,0,0,0,0,0,0,1,21.37963992711264,105.75554010933104,1
0,0,0,0,2,1,0,1,0,0,1,0,0,2,0,1,2,85.77885370026974,168.4857716621711,1
1,0,0,0,37,1,0,1,0,0,0,0,0,0,0,1,0,71.24809524791523,2594.0043708830767,1
0,0,0,0,24,1,0,1,0,1,0,0,0,1,0,0,1,86.75946617724759,2169.767739864483,1
1,0,0,0,18,1,0,1,0,0,0,0,0,1,0,0,1,76.67007981402023,1423.3899685838433,1
0,1,0,0,2,0,1,0,0,0,0,0,0,0,0,0,2,25.592698402810196,77.80165265931944,1
1,0,1,0,67,1,2,1,0,0,2,0,2,2,0,1,1,102.20017216198426,6996.661815264836,1
1,0,0,0,5,1,0,1,0,0,0,0,2,2,0,1,2,91.94358588853495,450.1721464879048,1
0,0,0,0,29,1,2,1,0,0,1,0,1,1,0,0,1,96.58181925772439,2930.817636266637,1
0,0,0,0,12,1,0,1,0,1,1,0,0,0,0,0,1,79.92331444087462,950.2890400670075,1
1,0,0,0,7,1,2,1,0,0,1,0,2,2,0,1,2,99.43439343729904,668.0650342016954,1
0,0,0,0,58,1,0,1,1,1,0,2,2,2,1,1,1,105.14356552164361,6211.4126189939125,1
0,0,0,0,36,1,0,1,0,0,1,1,0,2,0,1,2,86.75790860651531,3074.8419637022703,1
0,1,0,0,26,1,2,1,0,1,0,0,1,0,0,1,2,87.54814698038506,2281.593022817514,1
0,0,0,0,2,1,1,1,0,0,0,0,0,0,0,1,2,75.12894169478082,165.8541735591797,1
0,0,0,0,18,1,0,0,0,0,2,1,0,0,0,1,1,55.07500105445516,1046.4768379096536,1
1,0,0,0,8,1,0,0,0,0,0,0,1,0,0,0,2,52.20554516417383,446.2510232954287,1
0,0,0,0,10,1,2,1,1,0,0,0,2,1,0,0,2,95.8044799049774,978.2282626195125,1
0,0,1,0,59,1,0,1,0,2,0,0,2,2,1,0,2,94.94337241416778,5610.267280394797,1
0,0,0,0,52,1,2,1,1,2,0,1,2,2,1,1,1,107.84557447376385,5536.2358706504965,1
1,0,0,0,21,1,1,0,1,1,0,0,0,0,0,0,1,59.02201656716875,1254.3110406466856,1
0,0,1,0,32,0,0,0,0,1,0,1,0,0,0,0,2,50.23220470584566,1443.5329064372118,1
0,0,1,0,11,1,1,1,1,0,0,1,2,0,0,0,1,92.29027143028496,1222.423540946151,1
0,0,0,0,1,1,0,1,0,0,0,0,2,0,0,1,2,79.21351047627604,79.21351047627604,1
0,0,0,0,58,1,2,1,0,2,1,0,2,2,0,1,0,102.0907736910496,6015.501190256579,1
0,0,0,0,1,1,2,1,0,0,2,0,2,2,0,1,2,101.07165441476926,101.07165441476926,1
1,0,1,0,53,1,2,1,2,1,0,0,2,0,0,1,1,99.60095399309088,5246.361007258514,1
0,0,0,0,29,1,2,0,0,0,0,1,0,0,0,1,2,75.53271329383722,2183.683139244867,1
0,0,0,0,2,0,0,0,0,0,0,0,0,0,0,0,2,22.628493219792485,57.49222017934317,1
0,0,0,0,39,1,0,0,0,1,0,1,0,1,0,0,2,61.00524762438052,2498.8275975284387,1
0,0,0,0,8,1,0,1,0,1,0,0,2,0,0,1,1,82.21812427200116,679.7604617982611,1
1,0,0,1,1,1,0,2,1,1,1,1,1,1,0,0,3,19.256658771996307,19.256658771996307,1
0,0,0,0,5,1,0,1,0,0,0,0,2,2,0,1,1,93.73465358767395,451.5297198659149,1
0,0,1,0,55,1,0,0,1,0,0,0,1,2,1,0,0,71.62298211160771,3913.266710773517,1
0,0,0,1,1,1,0,1,0,0,0,0,0,0,0,1,2,71.08907624484654,71.08907624484654,1
1,0,0,0,3,0,1,0,1,1,0,0,0,0,0,1,1,30.524260606428253,104.75956425736223,1
0,0,0,0,1,1,0,1,0,0,0,0,0,0,0,1,3,70.42937382807325,70.42937382807325,1
0,0,0,0,3,1,0,0,0,0,0,0,2,0,0,0,2,58.954889193870024,157.5740103930716,1
0,1,0,0,1,0,1,0,0,0,0,0,0,0,0,1,2,25.45029856738542,25.45029856738542,1
1,0,1,0,10,1,2,1,0,0,0,0,0,2,0,0,2,85.51332482145878,852.1839896127377,1
1,0,1,0,70,1,2,1,1,2,0,0,2,2,0,1,0,106.099573557686,7561.104655980099,1
0,0,1,0,8,1,2,1,0,0,0,0,1,0,0,1,0,85.27190907427148,756.4374145222305,1
0,0,0,0,15,1,0,0,0,0,0,0,0,0,0,0,0,67.07594580665672,994.6894221727963,1
0,0,1,0,3,0,1,0,0,0,0,1,0,0,0,1,2,31.226632758335896,95.3066684251033,1
0,0,0,0,5,1,1,1,0,1,0,0,0,0,0,1,2,78.92174366191455,412.1971337104271,1
1,0,0,0,36,1,2,1,0,0,0,1,2,2,0,0,0,100.06720036533169,3485.663233684859,1
0,0,0,0,12,1,0,1,0,1,0,1,0,2,0,1,0,92.27873308197057,1167.8810718861305,1
0,0,0,0,7,1,2,1,0,0,0,0,0,0,0,1,1,74.99388136839785,546.6890007354732,1
1,0,0,0,44,0,1,0,0,2,0,0,0,0,0,0,1,30.342892889175875,1362.5997012162431,1
0,0,0,0,18,0,1,0,0,1,0,0,1,0,0,0,2,34.65513047751284,683.5850632737171,1
0,0,1,0,29,1,2,1,1,1,0,0,2,0,0,1,1,95.72946713575824,2833.594075493102,1
0,0,0,0,18,1,2,1,0,0,0,0,0,2,0,1,0,87.31007315634845,1532.0305184474746,1
1,0,0,0,67,1,2,1,0,1,0,0,2,2,2,0,0,102.26152999858981,6864.429573043358,1
0,0,0,0,9,0,0,0,0,0,0,0,0,0,0,1,0,44.46394229555195,406.74825705523136,1
1,0,0,0,40,1,0,1,0,0,0,0,0,2,0,1,1,90.75219871603599,3615.0569910325808,1
0,0,0,0,8,0,0,0,1,0,0,0,0,0,0,0,1,28.027320920663797,227.16656705163464,1
1,0,0,0,1,0,0,0,0,1,1,0,0,1,0,1,2,43.2335260001561,43.2335260001561,1
0,0,0,0,1,1,0,1,0,0,0,0,0,0,0,1,3,70.01654589530207,70.01654589530207,1
0,0,0,0,8,1,1,1,0,2,2,0,2,2,0,0,2,105.23867102205283,830.3520096219758,1
1,0,0,0,1,1,2,1,0,0,0,0,0,0,0,1,2,75.278486643705,75.278486643705,1
0,0,0,0,1,1,0,1,0,2,0,0,0,0,0,1,1,74.30475036961815,74.30475036961815,1
0,0,0,0,2,1,0,1,0,0,0,0,0,0,0,0,2,70.5544308632704,149.4664629490559,1
0,0,0,0,48,1,2,1,0,1,0,1,2,0,0,0,1,93.33002638441455,4506.825381762285,1
0,0,0,0,22,1,0,0,0,1,0,1,0,0,0,0,1,54.54038451404365,1206.5235406006982,1
0,0,0,0,2,1,1,1,0,0,0,0,2,0,0,1,1,86.34053305970225,182.53579958955336,1
1,0,0,0,26,1,2,1,0,0,2,0,1,2,0,1,2,97.53707976181266,2513.8193238518734,1
0,0,1,0,20,1,2,1,0,1,2,0,2,2,0,1,0,105.85407210419771,2239.817770692946,1
1,1,0,0,15,1,0,1,0,0,0,0,0,1,0,1,1,79.0186673375682,1156.6870515987437,1
0,0,0,0,7,1,0,2,1,1,1,1,1,1,0,0,2,20.011322176084974,164.79681799211684,1
0,0,0,0,15,0,1,0,0,1,0,0,1,0,0,1,2,41.823386911226166,679.7661370224388,1
0,0,0,0,5,1,1,1,0,2,0,0,0,2,0,1,2,91.61777127125579,505.37597628246044,1
0,0,1,0,13,1,1,1,0,0,1,0,2,2,0,0,1,102.93191516871536,1357.1385558908041,1
0,0,0,0,2,1,1,1,0,0,0,0,0,0,0,0,1,75.71335180125187,166.24882955623437,1
0,0,0,0,2,1,0,1,0,1,0,0,2,0,0,1,0,87.20243210876689,183.78932408157516,1
0,0,0,0,6,1,2,1,0,2,0,0,2,2,0,1,2,99.83987649800548,557.1270782880448,1
0,0,0,0,15,1,0,2,1,1,1,1,1,1,0,0,1,19.966391643157614,289.29350920316836,1
0,0,0,0,1,1,2,0,0,0,0,0,0,0,0,1,2,50.2637022155899,50.2637022155899,1
1,0,0,0,30,0,1,0,0,0,0,0,0,0,0,1,2,62.79901751230755,1714.177886943077,1
1,0,1,0,4,1,0,1,0,0,0,0,1,0,0,0,2,78.03690027692822,307.9568573407395,1
1,0,0,0,13,0,1,0,0,0,1,0,2,2,0,1,2,50.85029461364406,712.5900707512162,1
1,0,0,0,2,1,0,0,0,0,0,0,0,0,0,0,2,45.882474774611815,81.75774474094231,1
0,0,0,0,2,1,1,0,0,2,0,0,0,0,0,1,3,54.34953652220006,114.10630793472498,1
0,0,0,0,2,1,0,1,0,0,2,1,0,1,0,0,1,90.33335414787152,190.89529087495993,1
0,0,0,0,5,1,1,1,0,0,0,0,2,2,0,1,0,95.30879067671107,463.04006488897676,1
0,0,0,0,1,1,0,2,1,1,1,1,1,1,0,1,0,20.04850602762999,20.04850602762999,1
0,0,0,0,5,1,1,1,0,0,0,0,1,2,0,1,0,92.29548360203789,462.2890967204076,1
0,0,1,0,21,0,0,0,2,0,1,0,1,1,0,1,2,55.11527906291911,1154.9751222421132,1
0,0,0,0,10,0,0,0,0,1,0,0,0,0,0,0,2,37.9195321187037,344.5255396696359,1
0,0,0,0,8,1,0,1,1,0,0,0,2,0,0,0,2,84.7923943495185,669.7115041629353,1
0,0,0,0,10,1,2,1,0,1,0,0,0,0,0,1,0,80.68639893598005,831.0606260637221,1
1,1,0,0,1,1,2,1,0,0,0,0,0,0,0,1,2,74.4,74.4,1
0,0,0,0,1,1,2,1,0,0,0,0,0,0,0,1,2,74.83828836470808,74.83828836470808,1
0,0,0,0,13,1,1,1,0,1,1,0,2,0,0,0,2,93.83686722372511,1214.5438142730077,1
0,0,0,0,21,1,0,0,0,1,0,1,0,0,0,1,1,55.394722681828284,1192.3404939302031,1
0,0,0,0,22,1,2,1,0,0,1,0,1,1,0,1,1,86.96143335396032,1838.9453284673132,1
0,0,0,0,1,1,0,1,0,1,0,0,2,0,0,0,2,84.54905364290637,84.54905364290637,1
0,0,0,0,11,0,1,0,0,1,0,0,0,0,0,0,3,30.50986328486407,306.1319055353612,1
0,0,0,0,7,1,1,1,0,0,0,0,2,0,0,1,2,86.22032873769479,582.646004850174,1
0,0,0,0,3,0,1,0,0,0,0,0,0,0,0,1,2,25.185493668035267,85.57887772301899,1
0,0,0,0,43,1,2,1,0,0,1,1,2,2,0,1,2,104.96595189269351,4531.4209944986815,1
1,1,1,1,42,1,2,1,0,2,2,1,2,1,0,1,2,108.77130949041532,4536.680066685367,1
0,0,0,0,1,1,0,2,1,1,1,1,1,1,0,0,3,20.85234709837827,20.85234709837827,1
0,0,0,0,24,1,0,1,1,0,0,0,0,0,0,0,0,80.88980865263545,1920.6431753714119,1
0,0,0,0,5,1,2,1,0,0,1,0,2,0,0,1,1,92.48871394987637,452.6919730231741,1
0,1,0,0,1,1,0,1,0,0,0,0,0,0,0,1,2,69.86648989205194,69.86648989205194,1
0,0,0,0,7,1,1,1,0,0,0,0,0,2,0,0,0,89.07282127249168,661.9124481818561,1
0,0,0,0,20,1,1,1,0,0,1,0,1,2,0,1,2,97.3733467479973,1843.8610522307533,1
0,0,0,0,62,1,2,1,1,1,2,0,2,0,0,1,2,101.18353540296113,6216.00671352746,1
0,0,0,0,6,1,1,1,0,1,2,1,2,2,0,1,1,103.50435919720432,665.6917368478418,1
1,0,0,0,10,1,2,0,0,0,0,0,1,1,0,1,0,76.33556587698793,791.5820077158381,1
0,0,0,0,1,1,0,2,1,1,1,1,1,1,0,0,3,20.603516963345808,20.603516963345808,1
1,1,0,0,27,1,2,1,0,0,0,0,2,2,0,0,2,98.08925700505579,2654.156331409399,1
0,0,0,0,49,1,0,1,0,0,0,1,1,0,0,0,0,24.156926981879018,1021.9826307425374,1
0,0,0,0,21,1,2,1,1,0,0,0,2,2,0,1,2,99.71905273492955,2102.428884704184,1
0,0,0,0,3,1,0,1,1,0,2,0,2,2,0,1,1,99.20064936371674,287.6357630023671,1
0,0,0,0,3,1,0,0,0,0,0,0,0,0,0,1,2,70.3419427507561,203.9618435453276,1
0,0,0,0,8,1,1,1,0,0,0,0,0,1,0,0,0,84.65069523056164,664.5755501682877,1
0,0,0,0,4,1,0,0,0,1,0,0,1,1,0,1,0,69.29371909558186,264.2969370524208,1
1,0,0,0,2,1,0,1,0,1,0,0,2,2,0,0,2,95.51891331711087,167.31808092177783,1
1,0,1,1,21,1,1,1,0,1,1,0,2,2,0,0,2,104.31342648302746,2158.0776959375344,1
1,0,0,0,25,1,0,1,0,2,0,0,1,1,0,1,2,93.73232688036543,2452.2239564843053,1
1,0,0,1,1,1,2,1,0,0,0,0,0,0,0,1,2,74.35774456708165,74.35774456708165,1
0,0,0,0,44,1,2,1,0,1,1,0,0,0,0,1,0,84.13332213936503,3857.508819464788,1
0,0,0,0,1,1,0,1,0,2,0,0,0,0,0,1,2,74.64349330988848,74.64349330988848,1
0,0,0,0,40,1,1,1,1,0,0,0,1,1,0,0,2,100.75089647759795,4086.557111716848,1
0,0,1,1,70,1,2,1,0,2,2,0,2,2,0,1,2,103.6956470790022,7412.562355665295,1
1,0,0,0,38,1,2,1,0,0,0,0,2,2,0,1,0,95.7011078840982,3759.306959083938,1
0,0,0,0,24,1,2,0,0,0,0,2,1,0,0,0,1,83.62360803060265,1993.9288159993816,1
1,1,0,0,12,1,0,1,0,1,1,1,0,0,0,1,2,79.8179984827206,1032.899605719882,1
0,0,0,0,40,1,0,1,0,0,0,0,0,0,0,0,0,71.69332811818359,2868.6027639601557,1
1,0,0,0,1,1,0,1,0,0,0,0,0,0,0,1,2,69.5332900945342,69.5332900945342,1
0,0,0,0,47,1,2,1,0,2,2,0,2,2,0,1,0,107.40984374721027,5121.314880082992,1
0,0,0,0,3,1,0,2,1,1,1,1,1,1,0,0,2,19.785624440030812,58.35125783956863,1
0,0,0,0,11,0,1,0,0,0,0,1,0,0,0,1,2,26.994765585743732,295.7407310424363,1
0,0,0,0,4,1,1,1,0,0,0,0,1,0,0,1,2,83.29328391669101,320.48330886964897,1
0,0,0,0,25,1,2,1,0,2,0,0,2,0,0,1,1,89.71790336322613,2279.6376617712917,1
0,0,0,0,3,0,0,1,0,0,0,0,0,0,0,0,2,21.18735137451998,77.54229047346061,1
0,0,0,0,2,0,1,0,0,0,0,1,0,0,0,0,0,29.747427362486484,75.64846838915473,1
0,0,0,0,5,1,2,1,0,0,1,0,2,0,0,1,2,92.2506392173332,453.11071187733353,1
1,0,0,0,10,1,0,1,0,1,1,1,2,0,0,0,2,93.84549917639444,932.2561677953113,1
0,0,0,0,18,1,2,1,0,0,0,0,2,0,0,1,2,92.76849924013763,1738.0707911958436,1
0,0,0,0,7,1,0,1,0,0,0,0,2,1,0,1,1,87.36374609653917,677.2908787392552,1
0,0,0,0,3,1,0,1,0,0,0,0,1,2,0,1,1,90.38523650569692,241.59053232402061,1
1,0,0,0,12,1,0,1,1,0,0,1,0,0,0,0,0,78.68428794516248,867.9598978410487,1
0,0,0,0,55,0,1,0,0,2,0,0,2,2,0,0,2,54.92108025871399,3021.2183796119293,1
1,0,0,0,8,1,0,1,0,1,2,0,0,0,0,1,2,80.04377947534287,741.6863992388189,1
0,0,0,0,3,1,0,1,0,0,0,0,2,0,0,1,2,86.08271057034604,307.4,1
1,0,0,0,3,1,0,0,0,0,0,0,0,0,0,1,2,45.74842650310831,126.0427804462195,1
0,0,0,0,8,1,2,1,0,1,2,0,2,0,0,0,2,95.67468259702359,775.2107586108315,1
1,0,0,0,1,0,1,0,0,0,0,0,0,2,0,1,2,35.467046251158166,35.467046251158166,1
0,0,0,0,30,1,2,1,0,1,0,1,2,0,0,0,1,90.23561607225201,2795.7599426102383,1
1,0,0,0,22,1,2,1,0,0,0,0,2,2,0,1,1,95.98873415172595,2090.4443133281557,1
0,1,0,0,37,1,2,1,0,0,0,0,0,0,0,1,1,75.68865077635989,2853.77014079155,1
0,0,0,0,41,1,1,0,0,2,2,0,1,1,0,0,0,92.82204075863501,3549.376162211615,1
1,0,0,0,68,1,0,1,0,2,2,2,2,2,1,0,0,106.18036134151899,7220.627414401637,1
0,0,0,0,4,1,1,1,0,0,2,0,2,0,0,1,2,95.20870997900259,450.88732716234045,1
0,0,0,0,13,1,0,1,0,0,2,0,0,0,0,0,2,78.92866876846813,1027.5593421680685,1
0,0,0,0,11,1,2,1,0,0,1,0,2,2,0,1,2,100.47634445227396,1130.7762083039727,1
0,0,0,0,9,1,0,1,0,0,0,0,0,2,0,1,2,80.56247342960434,715.0572189400602,1
0,0,0,0,4,1,2,1,0,0,0,0,0,0,0,0,1,76.64867870451434,336.75366336137506,1
0,0,1,0,64,1,2,1,0,1,1,0,2,2,0,1,1,101.22348509594198,6599.039640406534,1
0,0,1,0,3,1,0,1,0,0,0,0,0,1,0,1,1,79.97792690063565,250.8923450291068,1
1,0,0,0,1,1,0,2,1,1,1,1,1,1,0,0,0,19.976084924596208,19.976084924596208,1
1,0,0,0,1,1,0,2,1,1,1,1,1,1,0,1,3,19.301363055242682,19.301363055242682,1
1,0,0,0,33,1,0,1,0,0,2,0,2,0,0,0,2,88.19222638886536,3026.6961025530168,1
0,0,0,0,39,1,0,1,2,2,0,0,0,0,0,1,1,81.49785903907973,3233.727773455368,1
0,0,0,0,1,1,0,2,1,1,1,1,1,1,0,0,3,20.167310688695895,20.167310688695895,1
1,0,0,0,1,1,0,1,0,0,0,0,0,2,0,0,2,80.83843898011641,80.83843898011641,1
1,0,0,0,41,1,2,1,0,0,1,2,2,2,1,1,2,101.48511787830357,4212.578158531133,1
0,0,0,0,16,0,1,0,0,0,0,1,2,1,0,1,2,48.850624201204546,814.2833958240974,1
0,0,0,0,32,1,2,1,2,1,0,1,2,2,0,1,1,107.52944644888704,3437.655253054596,1
0,0,0,0,30,1,2,0,1,1,0,2,0,0,0,1,2,71.33577594361621,2088.7715396768435,1
0,1,0,0,24,1,0,1,0,1,0,0,1,1,0,1,2,92.12939559060842,2294.8871986393738,1
0,0,0,0,10,1,2,1,0,1,0,0,0,0,0,1,0,86.44074295876146,893.9817403009592,1
0,0,0,0,4,1,1,1,0,1,0,0,2,0,0,1,2,90.74764537000641,366.8804255648332,1
0,0,0,0,1,0,1,0,0,0,0,0,0,0,0,0,2,24.674408713562443,24.674408713562443,1
0,0,0,0,2,0,0,0,0,0,0,0,0,0,0,0,3,24.053314311111,36.74876646162969,1
0,0,0,0,3,1,2,1,0,0,0,0,0,0,0,1,1,75.3452703836652,230.55317067879227,1
0,0,0,0,2,1,0,1,0,0,0,0,0,0,0,1,2,70.85138015229029,139.330677867936,1
0,0,0,0,3,1,0,1,0,0,0,0,2,0,0,0,2,79.19793404251052,242.74128705162948,1
1,0,1,0,8,0,1,0,0,0,0,0,0,0,0,0,0,26.63755114446571,264.5457086307556,1
0,0,0,0,10,1,1,1,0,1,0,0,0,0,0,1,0,80.20468584196175,830.7449087928277,1
0,0,1,0,48,1,1,0,1,0,1,2,2,2,1,0,1,84.97164892090322,4059.469306358557,1
0,0,1,0,25,1,0,1,0,2,1,0,1,0,0,1,0,86.92131521235706,2259.607237323036,1
0,0,0,0,3,1,2,1,0,0,0,0,0,0,0,1,1,74.2955844133568,229.01051946901015,1
0,0,0,1,4,1,2,1,0,1,2,0,0,0,0,0,0,84.36855499033464,334.37510964709634,1
0,0,0,0,4,1,0,0,0,1,0,1,0,0,0,0,2,56.29472665851106,235.17176222507337,1
0,0,0,0,7,1,2,1,0,0,0,0,0,2,0,1,2,85.55837051205907,617.2680982352895,1
0,0,0,0,24,1,1,1,0,2,0,0,2,2,0,1,1,100.62405576100025,2437.32522599836,1
1,0,0,0,69,1,1,1,0,2,0,2,2,2,1,1,0,104.3919611086135,7240.088184348074,1
1,0,0,0,3,1,2,1,0,0,0,0,0,2,0,0,2,87.34511169830444,262.38021134933445,1
0,0,0,0,11,1,2,1,0,1,0,0,2,0,0,1,1,93.09125807570611,1097.4808722175874,1
0,0,0,0,29,1,2,1,0,0,2,0,1,2,0,1,0,96.610372468374,2938.8131213806137,1
0,0,0,0,7,1,2,0,0,0,0,0,0,0,0,1,2,73.89132588569171,511.7588249675792,1
0,0,0,0,1,1,2,1,0,0,0,0,0,0,0,1,2,74.45246472463822,74.45246472463822,1
1,0,0,0,28,1,0,1,0,2,0,1,0,0,0,1,2,85.19072045478977,2440.4035127899797,1
1,0,0,0,2,1,0,0,0,0,0,0,0,0,0,1,2,45.05302097880911,97.17462004372447,1
0,0,0,0,8,1,0,2,1,1,1,1,1,1,0,0,3,20.18687335692657,174.19160661023838,1
1,0,0,0,18,1,1,1,0,1,0,0,2,0,0,0,2,91.61258735054894,1777.837732015076,1
0,1,1,0,32,1,2,1,0,0,0,0,1,0,0,1,1,85.64530309680401,2632.9138666820904,1
0,0,0,0,7,1,0,0,2,0,0,0,0,0,0,0,2,51.08045067819579,370.0776739799236,1
0,0,0,0,11,0,1,0,0,0,1,0,1,0,0,1,2,39.5884479309241,463.0179960473293,1
0,0,0,0,42,0,1,0,0,0,1,0,1,1,0,1,0,49.43521941236289,2076.5149513762312,1
0,0,0,0,7,1,2,1,0,0,0,0,0,0,0,0,2,73.70277835424871,516.4027576012951,1
0,0,1,0,40,1,1,1,0,1,2,2,0,2,0,1,1,101.78474207850627,4136.626919114054,1
0,0,0,0,33,1,2,0,0,0,0,0,2,2,0,1,1,90.87945966408225,3107.4767202957223,1
0,0,0,0,1,1,0,0,0,0,0,0,0,0,0,0,2,45.80333184631715,45.80333184631715,1
0,0,0,0,15,1,0,1,0,0,1,1,2,1,0,1,2,97.44813938556243,1553.9379199361783,1
1,0,0,1,1,1,2,1,0,0,0,0,0,0,0,1,2,74.39780768342013,74.39780768342013,1
1,0,0,0,1,1,2,1,0,0,0,0,2,0,0,0,2,84.54260229596875,84.54260229596875,1
0,0,1,0,49,1,2,1,0,0,0,0,2,1,0,1,1,94.89318395022751,4770.718409766614,1
0,0,0,0,66,1,2,1,1,2,1,0,2,0,0,1,1,103.04743617360032,6886.582168773637,1
0,0,0,0,22,1,0,1,0,1,1,1,0,0,0,0,2,85.5610460967397,1902.7057707037104,1
0,0,0,0,18,0,0,0,0,0,0,0,1,1,0,0,1,45.27622982839057,893.9954582417014,1
1,0,0,0,47,1,0,1,1,0,0,0,0,1,0,0,1,84.63170669653228,4051.4675618552174,1
0,0,0,0,11,1,0,1,1,0,0,1,2,2,0,1,0,97.8843665911648,1120.7807277651941,1
0,0,0,0,4,1,0,0,0,0,0,0,0,0,0,1,1,69.83354516407007,266.85211377659834,1
1,0,1,0,41,0,0,0,1,0,2,2,2,2,1,0,1,76.90371024746123,3183.155891390194,1
1,0,0,0,66,1,2,1,0,2,2,0,2,2,0,0,1,105.10472062908886,7134.564319779579,1
1,0,1,0,50,1,2,1,1,0,1,0,2,0,0,1,0,94.6668386066964,4750.668863154585,1
0,0,1,1,38,1,2,1,0,1,1,0,2,0,0,1,1,94.60396709493573,3631.7343141678807,1
1,0,0,0,1,1,2,1,0,0,0,0,2,2,0,1,2,93.69165829187696,93.69165829187696,1
0,0,0,0,10,1,2,1,0,0,0,1,2,1,0,1,2,98.44648874200242,1058.5108673827383,1
1,0,1,1,41,1,2,1,0,0,1,1,2,1,0,0,2,101.75485973324093,4215.287752545332,1
0,0,0,0,11,0,1,0,0,0,1,0,1,0,0,1,2,41.12767368072248,468.81969310426166,1
0,0,0,0,9,1,0,1,0,0,0,0,2,0,0,1,2,81.74592038971166,753.0336992685546,1
0,1,0,0,15,1,2,1,0,0,0,0,0,0,0,1,1,74.28695558685827,1138.00430369971,1
0,0,0,0,1,1,0,1,0,0,0,0,0,0,0,1,2,69.91011742448056,69.91011742448056,1
0,0,1,0,46,1,2,0,0,0,0,0,2,2,0,1,0,84.83238924819085,3710.9102305580977,1
0,0,0,0,7,1,0,1,0,0,0,0,2,0,0,1,2,80.55437574840374,585.6039656019362,1
0,0,1,0,26,0,0,1,0,0,0,0,1,1,0,0,2,27.314709964184154,661.4851198577094,1
0,0,1,1,39,1,0,0,0,1,0,1,0,2,0,0,0,71.19147230184038,2732.682655285571,1
0,0,1,0,1,1,0,2,1,1,1,1,1,1,0,1,2,20.96796857182645,20.96796857182645,1
1,0,0,0,15,1,0,0,1,0,0,0,0,0,0,0,1,59.411364593287686,873.402109255968,1
1,0,1,0,62,1,2,1,2,1,2,0,0,0,1,0,1,94.13033450164347,5777.014012112579,1
0,0,0,0,2,1,2,1,0,0,0,0,2,2,0,1,1,94.94341971439363,196.22589591012658,1
0,0,0,0,39,1,1,1,0,0,2,2,2,2,0,0,0,104.7633321120297,4133.013368751139,1
1,0,1,0,31,1,0,1,0,0,0,0,0,0,0,1,1,73.62008252572751,2354.6433256130103,1
0,0,0,0,1,1,0,1,0,0,2,0,2,0,0,1,1,85.53351957060478,85.53351957060478,1
0,0,0,0,1,1,2,1,0,0,0,0,2,0,0,1,2,85.65239967472303,85.65239967472303,1
0,0,0,0,1,1,0,1,0,0,0,0,2,1,0,0,2,91.01988305466074,91.01988305466074,1
0,0,0,0,42,1,0,0,0,0,1,1,0,0,1,0,1,60.62104899525786,2465.6839892867592,1
0,0,0,0,5,1,2,1,0,1,0,0,0,0,0,0,2,78.53228059490665,412.20545783684213,1
0,0,0,0,57,1,2,1,0,1,2,2,2,2,1,1,2,110.25456286319466,6421.910589308345,1
0,0,1,0,35,1,0,1,1,0,1,1,2,1,0,1,1,96.86670062460716,3367.1729349095067,1
1,0,0,0,3,0,0,0,0,0,1,0,0,1,0,1,2,42.21225952968525,127.97566559125167,1
0,0,0,0,4,1,2,1,0,1,0,0,0,1,0,1,2,89.00556802248306,353.1995511906101,1
0,0,0,0,1,1,0,1,0,0,2,0,0,0,0,0,2,74.82668329779382,74.82668329779382,1
0,0,0,0,1,1,0,1,0,0,0,0,0,0,0,0,3,70.85345922562315,70.85345922562315,1
1,0,1,1,3,1,0,0,0,1,2,0,0,0,0,1,2,53.991946632661595,168.15,1
0,0,0,0,15,1,0,0,0,0,1,0,0,1,0,1,2,58.27712878797757,894.8862744442561,1
0,0,0,0,8,1,2,1,0,1,2,0,2,2,0,1,2,103.66991994448331,826.7188505124058,1
1,1,0,0,3,1,2,1,0,1,0,0,0,0,0,1,2,81.08506088692695,233.94666745010247,1
0,0,1,0,49,1,0,1,1,0,0,0,2,0,0,0,2,87.68121681276469,4353.260816646434,1
1,0,0,0,24,1,0,1,0,0,1,0,2,2,0,1,2,93.1224828528046,2231.1232152666453,1
0,0,0,0,24,0,0,0,0,0,0,0,0,1,0,0,0,41.53294582573941,1041.247526476562,1
0,0,0,0,25,1,1,1,0,0,0,0,2,2,0,1,0,93.41542084972191,2362.0011862192096,1
0,0,0,0,61,1,2,1,0,1,2,0,2,2,0,1,1,103.86357646185368,6273.094537924639,1
0,0,0,0,16,1,2,0,0,0,1,0,0,0,0,1,2,57.91872756607065,938.3181408453387,1
0,0,1,0,65,1,2,1,0,2,2,0,2,2,0,1,2,105.72807097697846,6983.871046379568,1
0,0,0,0,4,1,2,1,0,2,0,0,1,0,0,0,2,89.68476784349981,366.1115138146101,1
1,0,0,0,1,1,0,1,0,0,0,0,0,2,0,1,2,80.81469583802524,80.81469583802524,1
0,0,0,0,4,1,0,1,0,0,0,0,0,0,0,0,0,70.67683682000673,276.5706108798925,1
0,0,0,1,2,1,1,1,0,0,0,0,1,2,0,0,0,93.05347781345937,192.776319476303,1
0,0,0,0,6,1,2,1,0,0,0,0,0,0,0,1,2,76.590133186252,436.9252208022868,1
0,0,0,0,26,1,1,1,0,0,1,0,0,0,0,1,2,78.276735921996,2135.335158563674,1
1,0,0,0,22,1,1,1,0,0,2,0,0,0,0,1,1,84.08470603175827,1916.6046457467248,1
0,0,0,0,15,1,2,0,0,1,0,1,0,0,0,1,1,57.671374262233854,938.9570994097871,1
0,0,0,0,12,1,2,1,0,2,1,0,2,1,0,1,2,102.77730317817156,1250.2310099377924,1
1,0,0,0,1,1,2,0,0,1,0,1,0,0,0,0,2,60.07877461362251,60.07877461362251,1
1,0,1,0,14,1,1,1,0,0,0,0,1,0,0,1,2,84.59110533312695,1235.2138213954636,1
0,0,0,0,1,1,0,1,0,0,0,0,0,0,0,0,2,70.47517981635869,70.47517981635869,1
0,0,0,0,2,1,0,2,1,1,1,1,1,1,0,0,2,20.053317952917794,37.08043444363401,1
1,0,0,0,4,1,0,0,1,0,0,0,0,0,0,0,2,49.57853281536214,183.01293735757108,1
0,0,0,0,1,1,0,0,0,0,0,0,0,0,0,1,2,44.12627825429264,44.12627825429264,1
0,1,0,0,46,1,1,1,0,1,1,0,0,0,0,0,0,85.13324468058605,3969.3666888298535,1
1,0,0,0,14,0,0,0,0,0,0,1,0,0,0,0,0,43.20349949670672,596.3792912325721,1
0,0,1,0,70,1,2,1,0,0,0,0,1,2,1,1,0,94.0163482591782,6584.967052107311,1
0,0,0,0,7,1,2,1,0,0,1,0,1,0,0,1,1,87.56261568531063,629.9334071806343,1
0,1,0,0,24,1,2,1,0,2,1,0,1,2,0,1,2,102.20163556892307,2488.5454028689255,1
0,0,0,0,2,0,1,0,0,0,0,0,0,0,0,0,2,25.153749569422942,57.672807010142506,1
0,0,0,0,37,1,2,1,0,0,1,0,0,0,0,1,1,78.81185313259722,2839.7472144622466,1
0,0,0,0,40,0,0,0,2,2,0,0,0,0,0,1,2,55.37807220628185,2132.249172077248,1
0,0,0,0,30,1,2,1,0,2,0,0,2,2,0,1,2,99.94600086471604,2975.4434284491576,1
0,0,0,0,1,0,1,0,0,0,0,0,2,0,0,1,2,35.90708825344677,35.90708825344677,1
1,0,0,0,41,1,2,1,0,1,0,0,2,2,0,1,2,101.39556098436567,4270.878045091679,1
0,0,0,0,29,1,2,1,0,0,1,0,2,2,0,1,2,99.34297416873865,2994.05910333304,1
0,0,0,0,3,1,0,1,1,0,0,2,1,0,0,0,2,87.49297551638037,273.2496448201558,1
1,0,0,0,35,1,2,1,0,0,1,0,2,2,0,0,1,100.72892012774912,3490.9442664041517,1
0,0,0,0,10,1,2,1,0,0,2,0,1,1,0,1,2,93.0762333209539,917.8112247903514,1
1,1,0,0,5,1,1,1,0,1,0,0,0,1,0,1,1,89.18022819991789,502.7332842580822,1
0,0,1,0,66,1,1,1,0,2,0,0,0,2,0,0,0,91.05592347853053,6126.342775755513,1
1,0,0,0,7,1,0,1,0,0,1,0,0,0,0,0,3,74.04804454553255,545.4496257341491,1
0,0,0,0,1,1,0,1,0,0,0,0,0,0,0,0,3,70.70614308786108,70.70614308786108,1
0,0,0,0,10,1,0,1,0,2,0,0,0,0,0,1,1,75.23507918794554,824.0383673551573,1
0,1,0,0,19,1,2,1,0,2,1,0,0,1,0,1,2,92.77767580137119,1780.9207898795,1
1,0,0,0,36,1,0,1,0,0,0,0,0,0,0,1,0,72.35122245172072,2597.321538125758,1
0,0,0,0,2,0,0,1,0,0,0,0,0,0,0,0,2,21.50927091445695,39.43154145419984,1
0,0,0,0,48,1,2,1,1,1,1,2,2,2,0,0,2,115.47269185848117,5439.127931774238,1
0,0,0,0,3,1,0,1,0,0,0,0,0,0,0,1,2,70.26439079570677,236.37242550518397,1
0,0,0,0,6,1,2,1,0,0,0,0,0,0,0,0,2,75.35887863766217,478.9358565134559,1
1,0,0,0,7,1,1,1,0,2,0,0,2,2,0,1,2,97.45431137676916,671.4537519551836,1
1,0,0,0,27,1,0,1,1,0,0,0,0,0,0,1,0,76.88011869872271,2075.710250651631,1
0,0,0,0,2,0,1,0,0,0,0,0,0,1,0,1,2,32.95821877818004,60.78323686583582,1
1,1,1,0,13,1,0,1,0,1,1,0,2,2,0,1,2,96.70394512968114,1235.870570743513,1
1,0,0,0,7,1,2,1,0,0,0,0,2,2,0,0,2,95.14610164799483,655.8420497405997,1
0,0,1,1,34,1,2,1,0,1,2,0,2,0,0,1,1,99.64258481046964,3461.185436500043,1
0,0,0,0,32,1,2,1,0,0,0,0,1,0,0,0,2,83.99298695097619,2779.895266890612,1
0,0,0,0,47,1,2,1,1,0,2,0,2,0,0,1,0,98.49815761887442,4754.821629889628,1
0,0,0,0,1,1,0,0,0,0,2,0,0,0,0,0,3,50.45,50.45,1
0,0,1,0,54,1,1,1,1,2,0,1,2,2,1,0,2,102.11780549549574,5610.495442577595,1
0,0,0,0,15,0,1,0,0,0,0,0,0,0,0,1,2,47.75916582799177,678.2558615454249,1
0,0,0,0,10,0,0,0,0,0,2,2,0,0,0,0,1,51.63848129279182,527.9183007627627,1
0,0,0,0,16,1,1,1,0,0,0,0,0,0,0,0,1,72.98823096406802,1191.009935167702,1
1,0,0,0,15,1,0,1,0,1,0,0,0,0,0,1,1,76.85649713848039,1178.2745031674615,1
0,0,0,0,5,1,0,1,0,0,0,1,2,0,0,1,2,85.69262780195646,471.35160538630475,1
1,0,0,0,9,1,1,1,0,0,0,0,0,1,0,1,2,82.34391475315083,790.3828247724598,1
1,0,0,0,10,1,0,0,0,0,0,0,0,0,0,1,2,68.74670113136472,738.5009562551617,1
0,0,0,0,5,0,0,0,0,0,0,0,0,0,0,0,1,22.543765234957416,104.00935214756387,1
1,0,0,0,13,1,1,1,1,0,0,0,2,2,0,0,2,98.07991085059888,1233.801183569657,1
1,0,0,0,8,1,0,1,0,0,1,0,1,2,0,1,1,93.60086826324576,739.4676478110016,1
0,0,0,0,34,0,0,0,0,0,0,0,2,0,0,1,2,70.1564223685862,2381.0836150591235,1
0,0,0,0,11,1,2,1,0,1,1,0,2,0,0,1,2,98.15280016324196,1059.9425992041954,1
1,1,0,0,28,1,2,1,0,0,0,0,2,2,0,0,2,96.42586250278029,2653.9249026090824,1
0,0,0,0,44,1,1,1,2,0,1,2,2,2,1,1,1,107.92333798406648,4827.482804846458,1
0,0,0,0,59,1,2,1,0,0,2,1,2,2,1,1,2,106.31240667410445,6441.900603465733,1
0,0,0,0,25,1,2,1,0,0,0,0,1,2,0,1,0,94.07057664781433,2362.8081012712087,1
0,0,1,1,48,1,2,1,1,2,0,0,2,2,0,1,0,103.2795853922659,5036.581078403292,1
0,0,0,0,10,1,1,1,0,0,0,0,0,0,0,1,2,77.01490989069706,833.6464196845412,1
0,0,0,0,4,1,2,1,0,0,1,0,1,0,0,1,2,88.71840179158066,345.2096712897292,1
1,0,0,0,1,1,0,0,0,0,0,0,0,0,0,1,3,45.219031226164084,45.219031226164084,1
0,1,0,0,29,1,2,1,0,1,0,0,2,2,0,1,1,99.44971226378267,2961.766658192075,1
0,1,0,0,8,1,0,1,0,0,1,0,1,2,0,1,1,91.66096743734774,730.0953939006187,1
0,0,1,1,59,1,2,0,1,0,2,0,2,2,2,1,1,90.7068763111672,5293.322075211956,1
0,0,0,0,3,1,1,0,0,0,0,0,0,0,0,1,0,73.99383222837096,257.0751310715852,1
0,0,0,0,67,1,2,1,0,2,0,0,2,0,0,0,1,92.8320025679123,6141.368661729381,1
0,0,0,0,10,1,2,1,0,0,0,1,2,2,0,1,2,98.6968804784216,1058.9700200353705,1
1,0,0,0,28,1,0,1,0,1,1,0,0,0,0,1,2,83.62439788407207,2364.3445572394407,1
1,0,0,0,1,1,0,0,0,0,0,0,0,0,0,0,2,45.4237944967016,45.4237944967016,1
1,0,0,0,22,1,2,1,0,0,0,0,0,1,0,1,2,83.34967305792432,1869.2971157333354,1
0,0,0,0,14,1,1,1,0,0,1,0,0,1,0,0,2,86.89198992767486,1262.5551588942585,1
0,0,0,0,3,1,0,1,0,0,0,0,0,0,0,1,2,70.39976722632647,204.70966010745164,1
1,0,0,0,18,1,2,1,1,0,0,0,2,1,0,1,2,95.6707465651206,1740.7229899982522,1
0,0,0,0,15,1,0,1,0,0,0,1,2,2,0,1,2,96.30621763064889,1509.204217133964,1
1,0,1,1,44,1,2,0,0,2,2,1,1,2,0,0,0,108.09474738803985,4685.539390301899,1
1,0,0,0,1,1,0,2,1,1,1,1,1,1,0,1,3,20.197535559536366,20.197535559536366,1
0,0,0,0,1,1,0,1,0,0,0,0,0,0,0,1,2,69.7516555060634,69.7516555060634,1
1,0,0,0,26,1,2,1,0,0,0,1,0,0,0,1,2,82.12313296847236,2179.698511811281,1
0,0,0,0,3,0,1,0,0,0,0,0,0,0,0,1,3,25.354444602479806,95.8863785774104,1
0,0,0,0,1,1,0,0,0,0,2,0,0,0,0,0,3,50.45,50.45,1
0,0,0,0,2,1,0,1,0,0,0,0,2,2,0,1,2,89.81475130860805,240.50733548998187,1
1,0,0,0,55,1,2,1,0,1,0,2,0,2,0,1,1,95.29207017260738,5124.23118631975,1
0,0,1,0,32,1,2,0,0,1,0,0,0,2,0,1,2,87.91638370796518,2996.4744238941707,1
0,0,0,0,39,1,0,0,0,0,0,0,1,1,0,1,1,61.00088529676824,2336.2162723148977,1
1,0,0,0,1,1,0,0,0,0,1,0,0,0,0,1,2,50.588164466406724,50.588164466406724,1
1,0,1,1,21,1,1,1,0,1,1,0,2,2,0,0,2,102.60310102739427,2160.600425984593,1
1,0,0,0,22,1,1,0,1,0,0,0,0,0,0,0,0,61.124570845125525,1396.579624339158,1
0,0,1,0,65,1,2,1,1,0,2,0,2,2,1,1,1,106.04036541933068,6981.425324903415,1
0,0,0,0,37,1,2,1,0,0,2,0,2,2,0,1,1,99.47795464238486,3763.3359486714776,1
0,0,0,0,14,0,0,1,0,0,0,0,0,0,0,0,0,21.376087973621825,294.3500025992558,1
0,0,0,0,4,1,1,1,0,0,0,0,1,2,0,1,1,95.4080546280496,395.7444630377538,1
0,0,1,0,72,1,2,1,1,2,2,2,2,2,1,1,0,114.70239066049825,8476.481243249882,1
0,0,0,0,1,0,1,0,0,0,0,0,0,1,0,0,2,35.873958546740084,35.873958546740084,1
0,0,0,0,4,1,2,1,0,0,0,0,0,1,0,0,1,85.17239856234427,337.30302019283863,1
0,0,0,0,20,0,1,0,0,0,2,0,0,0,0,1,2,48.867976434971865,935.5707566465054,1
0,1,1,0,35,1,2,1,1,1,0,1,2,0,0,1,0,100.17214586580495,3652.639190196451,1
1,0,0,0,1,1,0,1,0,0,0,0,0,0,0,1,2,69.85731052721768,69.85731052721768,1
0,0,0,0,13,0,1,0,0,0,0,0,0,2,0,0,2,46.02208608337026,546.8323220427098,1
0,0,1,1,70,1,2,1,0,2,2,0,2,2,2,1,0,106.58584463026808,7723.714288893421,1
0,0,0,0,2,0,0,0,0,0,0,0,0,0,0,1,1,43.882172207164324,77.6248517441946,1
0,0,0,0,31,0,0,0,0,0,0,1,0,0,0,0,1,37.59118664548662,978.9415954581254,1
0,0,0,0,30,1,1,0,1,2,0,0,0,2,0,1,2,80.94942062774136,2497.7696180826592,1
1,0,1,0,4,1,2,1,0,0,0,0,0,0,0,1,2,74.41651382695555,306.2565123993248,1
1,0,0,0,6,0,0,0,0,0,0,0,0,0,0,0,0,44.18578035831103,260.64775370785605,1
1,0,0,0,35,1,1,1,0,0,0,0,0,1,0,1,2,84.89402396077229,3043.1108289172544,1
0,0,0,0,14,0,1,0,0,0,0,0,1,1,0,0,2,47.664135226011126,673.3627281557207,1
0,0,0,0,11,1,0,1,0,0,0,0,2,1,0,0,0,89.71776419871185,1049.3698346789135,1
0,0,0,0,65,1,2,1,0,1,2,2,2,2,0,1,1,108.13403753637185,6952.010475589544,1
1,0,0,0,1,1,1,1,0,0,0,0,0,0,0,1,2,75.50266070500224,75.50266070500224,1
0,1,0,0,1,1,0,1,0,0,0,0,2,0,0,0,2,78.66350826710315,78.66350826710315,1
1,0,1,0,50,1,2,1,0,1,2,0,1,2,0,0,0,101.18197486536138,5020.930018494614,1
1,0,0,0,2,1,0,0,0,0,0,0,0,0,0,0,2,44.90518451275665,92.37419237911092,1
0,0,0,0,4,1,2,1,0,0,2,1,0,0,0,1,2,86.1981911361073,341.76312807774053,1
1,0,0,0,4,1,2,0,0,0,0,0,0,0,0,0,1,51.284938461992255,202.99469515484637,1
1,0,1,0,40,1,2,1,1,0,0,0,2,2,0,0,2,101.82811157996538,4087.3665630125956,1
0,1,0,0,24,1,1,1,0,2,0,0,2,0,0,1,2,91.28344245396394,2292.1655623947436,1
0,0,0,0,9,1,0,0,0,0,0,0,0,0,0,0,2,46.944254032087514,400.8408944454971,1
1,0,0,0,2,1,0,1,0,0,0,0,0,1,0,1,2,79.70874466730335,181.98425959885395,1
1,0,0,0,5,1,0,0,0,0,2,0,1,1,0,1,1,74.44547382766262,345.8508197267236,1
1,0,0,0,7,1,0,1,0,0,1,0,0,0,0,0,2,79.3119324353627,545.6523288517113,1
0,0,0,0,21,1,2,1,1,0,1,0,1,2,0,1,0,103.26855300978215,2199.2724913757984,1
1,0,0,0,24,1,1,0,0,1,0,0,0,0,0,1,2,71.41543711317716,1725.5102458740125,1
0,0,0,0,53,1,2,1,0,0,0,0,2,2,0,1,1,98.79295746284276,5285.603350361551,1
1,0,0,0,19,1,0,1,0,0,0,0,2,1,0,1,2,89.71068989079058,1776.3665087090465,1
0,0,0,0,2,1,0,1,0,0,0,0,0,0,0,0,1,70.29976416244831,142.75603273306342,1
0,0,1,0,17,1,1,1,0,0,0,0,2,2,0,0,1,95.32852658661545,1690.6897312749904,1
1,0,0,0,18,1,1,1,0,1,0,0,2,0,0,0,2,89.0540127497471,1776.3099500592016,1
0,0,0,0,12,1,0,1,1,0,0,1,2,2,0,0,0,98.07318806710164,1119.5395561144676,1
1,0,0,0,1,1,0,0,0,0,0,0,0,0,0,0,3,44.69212908754811,44.69212908754811,1
0,0,0,0,47,1,1,1,0,0,0,0,0,0,0,0,1,79.11723561543909,3681.1007753417516,1
0,0,0,0,3,1,2,1,0,0,0,0,0,0,0,1,1,75.91755760661857,231.56567884247903,1
0,0,0,0,21,0,1,0,0,1,1,0,0,1,0,1,0,44.812110008366105,903.2622579052894,1
0,0,0,0,25,1,2,1,0,2,0,0,1,2,0,1,2,99.1012480270855,2386.637146526239,1
0,0,0,0,2,1,0,1,0,0,0,0,0,0,0,0,2,70.73800174509016,154.08211168577014,1
0,1,0,0,25,1,2,1,0,1,0,0,0,2,0,1,2,89.66830189277147,2187.0574601799876,1
1,0,0,0,2,1,0,0,0,0,0,0,0,0,0,1,2,45.079677956719614,97.74989820500923,1
1,0,0,0,4,1,1,1,0,0,0,0,0,0,0,1,2,78.0431005453695,319.0095110189763,1
0,0,0,0,14,1,2,1,0,0,0,0,2,0,0,1,2,90.09136392341541,1353.128837572674,1
0,0,0,0,1,1,0,1,0,0,1,0,2,0,0,0,2,84.60056199856395,84.60056199856395,1
0,0,0,0,15,1,1,1,0,0,0,0,2,2,0,0,2,97.19477321169494,1581.3415975262214,1
0,0,0,0,1,1,0,1,0,0,0,0,0,0,0,1,3,69.99867069012953,69.99867069012953,1
0,0,0,0,44,1,2,1,0,1,0,0,0,1,0,0,2,87.91980033842154,3924.925869785617,1
0,0,0,0,14,1,0,1,0,0,1,0,0,0,0,0,2,75.27536396125073,1027.9651730462303,1
0,0,0,0,24,1,0,1,0,0,0,0,2,1,0,1,1,90.33411873008083,2176.9435566420325,1
0,0,0,0,1,1,0,1,0,0,0,0,0,0,0,1,3,69.98684973031453,69.98684973031453,1
0,0,0,0,1,1,1,0,0,0,0,0,0,0,0,1,0,49.99845202941915,49.99845202941915,1
1,0,0,0,41,1,2,1,0,2,1,1,2,2,0,1,2,107.60127364087128,4532.055809300665,1
1,0,0,0,24,1,2,1,0,1,2,0,2,2,0,1,1,102.21560161690714,2499.6695238968537,1
0,0,0,0,15,1,0,1,0,1,0,0,0,1,0,1,0,85.91224874979117,1269.7503545501556,1
0,0,1,0,40,1,1,0,2,1,2,2,0,2,0,0,1,81.06876078256488,3327.9078118772486,1
1,0,0,0,1,1,0,0,0,0,0,0,0,0,0,0,3,44.77230067984651,44.77230067984651,1
0,0,1,0,18,1,0,1,0,0,1,0,1,2,0,0,2,93.58863767858935,1785.139499045151,1
0,0,0,0,5,1,0,0,0,0,2,0,0,0,0,1,1,73.73659915734409,348.91483749622057,1
1,0,0,0,10,1,0,1,0,1,1,1,2,0,0,0,2,93.44395887678085,932.8064267244114,1
1,0,0,0,46,1,2,1,0,0,1,1,2,1,0,0,0,97.79437249818326,4514.536623436389,1
0,0,0,0,2,1,0,1,0,0,0,0,0,0,0,0,1,70.7,140.9056596668431,1
0,0,1,0,63,1,2,1,0,2,1,0,1,2,0,1,1,103.21773269236787,6602.438563475761,1
1,0,0,0,9,0,1,0,0,0,0,0,0,0,0,0,0,23.84846709219652,255.9343363642833,1
0,0,0,0,5,1,0,1,0,0,1,0,0,2,0,0,2,86.10866551364543,499.44046793964566,1
1,0,1,0,57,1,0,1,0,2,2,0,2,0,0,0,2,96.358247612182,5466.857732430313,1
0,0,0,0,3,1,0,1,1,0,2,0,2,2,0,1,1,100.54989522604906,289.22112689060765,1
1,0,0,0,21,1,0,1,0,0,1,0,2,2,0,1,1,96.40503810279931,1920.3723603870797,1
0,0,0,0,3,1,0,0,0,1,0,0,0,0,0,0,1,51.61617484739353,152.91617360719982,1
0,0,0,0,1,1,0,1,0,0,0,0,0,0,0,1,2,70.22950379061133,70.22950379061133,1
0,0,0,0,13,1,0,1,0,0,0,0,1,1,0,0,2,88.24893397103655,1200.2861455295015,1
0,0,1,0,65,1,2,1,0,1,2,0,2,2,0,1,1,105.3669723087584,6983.410024973017,1
0,0,0,0,42,1,2,1,0,1,2,0,1,0,0,1,0,92.65956597085231,3953.634854923193,1
0,1,0,0,50,1,2,1,0,1,2,0,2,0,0,1,2,95.43884970579813,4892.17843736823,1
0,0,0,0,13,1,0,0,0,0,2,0,0,0,0,1,2,73.61241617223801,940.2437878640043,1
0,0,0,0,1,1,0,2,1,1,1,1,1,1,0,0,0,20.04291322061264,20.04291322061264,1
1,0,0,0,11,1,0,1,0,0,0,0,1,0,0,0,0,79.90502291139411,866.6773968987266,1
0,0,0,0,1,1,2,1,0,0,0,0,0,2,0,0,2,85.7207622409133,85.7207622409133,1
0,0,0,0,1,1,0,1,0,0,0,0,2,0,0,0,2,79.50935745142316,79.50935745142316,1
1,0,0,0,1,1,0,0,0,0,0,0,0,1,0,1,2,54.557694300178,54.557694300178,1
1,0,0,0,1,1,0,2,1,1,1,1,1,1,0,0,3,19.669085748949314,19.669085748949314,1
0,0,0,0,58,1,2,1,0,2,1,0,2,2,0,0,0,102.78014349082262,6022.512468525208,1
1,0,0,0,2,1,1,0,0,1,0,0,0,0,0,1,2,78.24645693081551,186.63804257419258,1
0,0,0,0,37,1,0,0,0,1,0,1,0,1,0,0,2,63.8687388389189,2498.5489875724297,1
0,0,0,0,27,1,2,1,0,0,2,0,0,1,0,0,1,87.77158928867713,2466.6369646718945,1
0,1,0,0,37,1,2,1,0,0,0,0,0,0,0,1,0,75.27822317222954,2862.7048340199262,1
0,0,0,0,1,1,0,0,0,0,0,0,0,0,0,0,1,45.85965889707116,45.85965889707116,1
1,0,1,0,4,1,1,1,0,0,0,0,0,0,0,0,2,76.4951292292749,308.32802444480416,1
0,0,0,0,26,1,1,1,0,0,1,0,0,2,0,0,1,91.03260071765128,2460.918498205872,1
0,0,0,0,2,1,0,0,0,1,0,0,0,0,0,0,3,51.830550653242504,114.33871362658748,1
0,0,0,1,12,1,2,1,1,0,0,0,0,0,0,1,1,78.13608715928157,908.7246383310306,1
1,0,0,0,18,1,2,1,1,0,0,0,2,2,0,1,2,99.26797688887977,1743.270866295381,1
1,0,0,0,1,1,0,2,1,1,1,1,1,1,0,0,3,19.707979284383295,19.707979284383295,1
0,0,0,0,13,1,1,1,0,0,2,0,0,0,0,1,2,80.90788475438617,1070.1018595636356,1
0,0,0,0,1,1,0,1,0,0,2,0,0,0,0,0,2,75.31728070249312,75.31728070249312,1
1,0,0,0,37,1,2,1,0,0,0,1,2,2,0,0,0,97.69189121446243,3475.17183589065,1
0,0,0,0,1,1,0,1,0,0,0,0,0,0,0,1,2,69.27061497856951,69.27061497856951,1
0,0,0,0,1,1,0,1,0,0,0,0,0,0,0,1,2,69.07359270276145,69.07359270276145,1
0,0,0,0,29,1,2,1,0,0,0,0,2,2,0,1,1,94.83777671252888,2868.5109942100753,1
0,0,0,0,1,1,0,2,1,1,1,1,1,1,0,0,3,19.815314251140812,19.815314251140812,1
0,0,0,0,17,1,2,1,0,0,1,0,2,1,0,1,1,98.70469574447095,1624.8804443558402,1
0,0,0,0,2,1,0,1,0,0,0,0,0,0,0,0,1,70.53128378229782,151.98743243540437,1
0,0,0,0,16,0,0,0,0,1,0,0,0,0,0,1,2,25.232217551690297,360.8581177439004,1
0,0,0,0,1,1,0,1,0,0,0,0,0,0,0,0,3,70.73676776685727,70.73676776685727,1
0,0,0,0,1,1,0,1,1,0,0,0,0,0,0,1,3,73.74661455715983,73.74661455715983,1
1,0,0,0,1,1,0,0,0,0,2,0,0,0,0,0,2,50.75837115720921,50.75837115720921,1
0,0,1,0,10,1,2,1,1,0,0,0,2,1,0,1,2,99.7493098357736,1063.6136877996246,1
0,0,0,0,18,1,0,1,0,0,1,0,2,2,0,0,2,95.8867740146627,1779.479718714045,1
0,0,0,0,1,0,1,0,0,0,0,0,0,0,0,1,3,24.894229119852227,24.894229119852227,1
0,0,0,0,26,1,0,1,0,0,0,0,0,2,0,1,2,84.82873303484878,2231.7319953330402,1
0,0,0,0,11,0,0,0,0,0,0,1,0,0,0,0,1,27.136981448213895,290.8851376625609,1
0,0,0,0,1,1,0,2,1,1,1,1,1,1,0,0,0,20.153580613533073,20.153580613533073,1
0,0,0,0,12,1,1,0,0,0,0,0,0,0,0,0,2,58.91057927476996,676.4141984053247,1
0,0,0,0,9,1,0,0,0,0,0,0,0,0,0,0,0,44.5851980925139,408.6616789599285,1
0,0,0,0,2,0,1,0,1,2,0,0,0,1,0,1,1,42.564996820726336,72.47557504615907,1
0,0,0,0,5,1,2,1,0,1,0,0,2,0,0,1,2,91.29682322645695,454.6817029211297,1
1,0,0,0,6,1,1,1,0,0,0,0,1,0,0,1,2,84.6820731046613,549.7212820404596,1
0,0,0,0,48,0,0,0,0,1,1,0,1,1,0,0,1,60.051861699492,2859.3364008191866,1
1,0,0,0,2,1,1,1,0,0,0,0,2,2,0,0,2,94.4136356227742,180.13253869264514,1
0,0,0,0,16,1,0,0,0,0,0,0,0,0,0,1,2,46.3368459957451,768.4931050853977,1
0,0,0,0,6,1,0,1,0,0,0,0,2,2,0,0,2,89.48305798807586,573.6642532563691,1
1,0,0,0,51,1,2,1,1,1,0,0,2,0,0,1,2,94.76014716527006,4830.997713713074,1
0,0,0,0,5,1,0,1,0,0,0,0,1,0,0,1,1,80.91144337182617,389.12075236517694,1
0,0,0,0,6,1,0,1,0,0,0,0,2,0,0,0,2,81.94849552190199,576.7483013104643,1
1,0,1,0,14,1,1,0,0,0,2,0,1,2,0,0,2,69.1696442378338,989.9308122166406,1
0,0,1,0,2,1,0,1,0,1,2,0,0,0,0,0,0,79.65349275921912,165.73016368025978,1
0,0,0,0,5,1,1,1,0,0,0,0,0,0,0,1,0,75.84093769656063,356.38312954897435,1
0,0,0,0,5,1,1,1,0,1,0,0,2,0,0,1,2,90.80950191197022,455.49366539201986,1
0,0,0,0,2,1,2,1,0,0,0,0,0,0,0,1,2,76.02447247156371,160.61582239031716,1
1,0,0,0,2,0,1,0,0,0,0,0,0,0,0,1,2,25.017429065064615,55.86957870970307,1
0,0,0,0,11,1,0,1,0,1,0,0,2,2,0,1,1,96.26040182984282,1120.5100669716405,1
1,0,1,0,71,1,2,1,0,2,2,0,2,2,2,1,0,105.44206429073392,7713.521443141767,1
0,0,0,0,17,1,1,1,0,0,0,0,2,0,0,1,2,88.24108577741127,1553.909415126246,1
0,0,0,0,8,1,2,1,0,0,0,0,2,0,0,1,2,85.86634957858267,759.6630726617879,1
1,0,0,0,1,0,1,0,0,0,0,0,0,2,0,1,0,35.277905222778806,35.277905222778806,1
0,1,1,0,61,1,2,1,0,2,2,0,2,2,1,1,1,104.30648582187683,6401.885258528667,1
0,0,0,0,2,1,1,1,0,0,0,0,2,0,0,1,1,85.80699066051973,181.73548599077958,1
0,0,0,0,1,1,0,0,0,0,0,0,0,0,0,1,2,44.42114717718708,44.42114717718708,1
0,0,1,0,40,1,0,1,0,0,0,0,2,0,0,1,1,83.22407789255428,3379.3085237351115,1
1,0,0,0,1,1,0,0,0,0,0,0,0,0,0,0,0,44.75655342168654,44.75655342168654,1
0,0,0,0,2,1,0,0,0,2,0,1,0,0,0,0,1,55.02393591336553,102.93896462809988,1
0,0,0,0,1,1,0,1,0,0,0,0,0,0,0,0,3,69.9360573697104,69.9360573697104,1
0,0,0,0,24,1,0,1,1,1,0,0,0,0,0,1,0,81.85140726697587,2011.100706738588,1
0,0,0,0,2,1,0,0,0,2,0,0,0,0,0,0,1,50.56484266196321,115.002389961891,1
0,0,0,0,1,1,0,2,1,1,1,1,1,1,0,0,3,20.83326056871777,20.83326056871777,1
1,0,0,0,1,1,0,0,0,0,0,0,0,0,0,1,2,45.69237313958768,45.69237313958768,1
0,0,0,0,10,0,1,0,0,0,0,0,0,1,0,1,2,34.0483700726331,332.9153266390555,1
0,0,0,0,43,1,1,1,1,0,1,0,2,2,0,0,1,101.67705760456681,4409.052813987227,1
0,0,0,0,11,1,0,1,0,0,0,0,0,2,0,0,0,83.86500214726617,949.4167022809365,1
0,0,0,0,1,1,0,1,0,0,0,0,0,0,0,1,2,70.1231362163166,70.1231362163166,1
0,0,0,0,3,1,0,2,1,1,1,1,1,1,0,0,3,19.85,64.00830058921395,1
0,0,0,0,3,1,0,1,0,0,0,0,2,0,0,0,2,80.16597644957051,243.70011000719367,1
1,1,0,0,49,1,2,1,0,0,0,0,2,1,0,1,1,95.30896163614398,4730.390397707538,1
0,0,1,1,63,1,2,1,2,2,0,0,1,1,1,0,1,102.78017344069856,6556.042277903644,1
0,0,0,0,3,1,1,1,0,0,0,0,0,0,0,0,2,75.4118766461657,242.10336701502146,1
0,0,0,0,33,0,1,0,1,0,1,0,1,1,0,0,2,66.65137605496656,2182.6188462284376,1
1,0,0,0,11,1,1,1,0,0,0,0,0,0,0,1,2,74.90638955387628,825.5964251904562,1
0,0,0,0,3,1,1,1,0,0,0,0,2,2,0,1,2,96.70675959518499,293.19440219318517,1
1,0,1,1,1,1,0,1,0,0,0,0,0,0,0,1,2,70.83239104170191,70.83239104170191,1
0,0,0,0,25,1,1,1,0,0,0,0,0,0,0,1,0,75.06767798139475,1834.8285529729378,1
0,0,0,0,7,1,0,1,0,0,0,0,0,0,0,1,2,70.88535777986372,549.6811147177896,1
0,0,1,0,6,1,0,2,1,1,1,1,1,1,0,0,0,19.577055590214503,145.89931093088458,1
0,1,0,0,29,1,2,1,0,0,1,0,2,2,0,1,0,99.26170917709499,2957.5727431813493,1
1,0,0,0,69,1,1,1,0,2,0,2,2,2,1,1,0,104.68697104078288,7221.184855617528,1
0,0,1,0,3,0,1,0,1,0,0,0,0,0,0,0,1,29.6316034862758,91.82527361461064,1
0,0,0,0,1,1,2,1,0,0,0,0,2,2,0,1,2,94.3513142212414,94.3513142212414,1
1,0,0,0,1,1,0,1,0,0,0,0,0,0,0,0,2,69.97563852080178,69.97563852080178,1
0,0,0,0,23,1,1,1,0,0,0,1,1,0,0,1,2,86.12219988401404,1989.9725609244813,1
1,0,0,0,1,1,0,1,0,0,0,0,2,2,0,0,2,88.43562330736883,88.43562330736883,1
0,0,0,0,1,1,2,1,0,0,0,0,0,0,0,0,2,75.8048251739571,75.8048251739571,1
0,0,0,0,25,1,1,1,0,0,2,0,2,2,0,1,2,98.3634705813783,2515.2281568993158,1
0,0,0,0,1,1,0,1,0,0,0,0,0,0,0,1,2,70.40858330261578,70.40858330261578,1
0,0,0,0,2,1,1,1,0,0,0,0,2,2,0,0,2,95.61216705973223,176.01890352655585,1
1,0,0,0,48,0,0,0,0,0,0,0,1,1,0,1,1,55.86165394167875,2583.5530183461865,1
0,0,1,0,16,1,2,1,0,0,0,0,1,0,0,1,1,85.12510602199525,1376.8929283295367,1
0,0,0,0,4,0,1,1,1,1,0,0,0,0,0,1,0,28.30537439058793,135.88455703395815,1
0,0,0,0,59,1,2,1,1,2,1,0,2,2,1,0,0,107.1783378753006,6142.7540786344,1
0,0,0,0,5,1,1,1,0,1,0,0,0,0,0,0,2,80.07341187699981,384.57876532349894,1
1,0,0,0,10,1,1,1,0,0,0,0,2,1,0,0,2,95.04002731993305,930.6192218208324,1
0,0,0,0,5,1,0,0,1,1,0,0,0,0,0,0,1,58.364416116736564,362.212675936495,1
0,0,0,0,2,1,0,2,1,1,1,1,1,1,0,0,2,20.256057737242426,33.5319293284101,1
0,0,1,1,34,1,2,1,1,0,2,0,1,1,1,1,2,99.98465489619377,3468.956135761368,1
1,0,0,0,4,1,2,1,0,0,0,0,0,0,0,1,0,72.81945163169121,304.5007247871353,1
1,0,0,0,1,1,0,1,0,0,0,0,0,0,0,0,0,69.7634569225843,69.7634569225843,1
0,0,0,0,1,0,1,0,0,0,0,0,0,0,0,0,2,24.64019959003266,24.64019959003266,1
0,0,0,0,2,0,1,0,0,0,0,0,0,0,0,0,1,25.69945252264406,77.56124770908028,1
0,0,0,0,7,1,0,1,0,0,2,0,2,2,0,1,2,96.78060316790649,662.5690370292242,1
1,0,0,0,10,1,0,1,0,0,0,0,1,0,0,0,1,80.43815434342872,857.590523474743,1
0,0,0,0,9,1,0,0,0,0,0,0,0,0,0,0,2,45.25286094044364,412.888439937139,1
1,0,0,1,25,1,0,1,0,0,0,0,1,1,0,1,2,87.34133089576555,2179.147193096629,1
0,0,0,0,24,1,0,0,1,2,1,1,1,0,0,0,2,74.52637812553728,1863.4920695062567,1
0,0,0,0,1,1,2,1,1,0,1,0,2,2,0,1,1,101.62429303929937,101.62429303929937,1
1,0,0,0,1,1,0,2,1,1,1,1,1,1,0,0,1,19.95,19.95,1
0,0,0,0,1,1,0,1,1,0,0,0,0,2,0,1,3,84.72418208071012,84.72418208071012,1
0,0,0,0,2,0,0,0,0,0,0,0,0,0,0,0,0,45.43936233184192,78.94287841685313,1
0,0,0,0,2,1,1,1,0,0,0,0,1,2,0,1,1,95.78847183106927,176.08092057852497,1
0,0,0,0,10,1,0,0,0,0,0,0,0,0,0,0,2,48.02718887181553,485.2768190325919,1
1,0,1,0,13,1,2,1,0,0,0,0,2,0,0,1,2,89.80755385456426,1234.7801254291069,1
0,0,0,0,38,1,0,1,0,2,1,1,0,0,0,1,1,85.07811062927082,3265.1059346067836,1
0,0,0,0,24,1,0,1,0,2,0,0,2,2,0,1,1,96.2653318789383,2446.880360384257,1
1,0,0,0,7,1,0,1,0,1,0,1,1,0,0,1,2,89.67304676035668,608.6942950004899,1
1,0,0,1,1,1,0,2,1,1,1,1,1,1,0,0,3,19.70478221369015,19.70478221369015,1
0,0,1,0,70,1,2,1,0,2,2,1,2,2,1,1,1,108.55629496931486,7687.802314930907,1
0,0,0,0,30,1,0,1,0,0,0,0,1,2,0,0,1,89.51067571139988,2753.6098830768315,1
0,0,0,0,7,1,2,0,0,0,0,0,0,0,0,1,2,74.40016242488196,527.895582043211,1
0,0,1,0,3,0,1,0,1,0,0,0,0,0,0,0,1,31.12716099149265,92.12286251599782,1
0,0,0,0,3,1,0,1,0,1,0,0,2,2,0,1,2,95.12651707411833,303.54176571578216,1
0,0,0,0,3,1,2,1,0,0,0,0,0,0,0,1,1,74.7574234141124,229.28113280698827,1
1,0,0,0,49,1,2,1,0,2,0,1,2,2,0,0,1,103.7,5069.849340052372,1
1,0,0,0,68,1,1,1,0,2,2,2,2,2,1,0,1,108.07958313203928,7183.743663947101,1
0,0,0,0,1,1,0,1,0,0,0,0,2,0,0,0,2,79.52485622399672,79.52485622399672,1
1,1,1,0,10,1,2,1,0,0,0,0,0,2,0,0,2,85.7753786892206,852.753959615619,1
0,0,0,0,52,1,2,1,1,1,0,2,2,2,0,1,1,110.0079254441359,5912.235091261248,1
0,0,1,0,63,1,2,1,0,2,2,0,2,2,0,1,1,103.37856627499382,6603.274126061921,1
0,0,0,0,3,1,1,1,0,1,0,0,0,2,0,1,1,91.42692412977377,242.86088308508997,1
1,0,1,0,51,1,2,1,0,1,0,1,1,2,0,0,2,100.72831941449304,5073.2767138271565,1
0,0,0,0,1,1,0,2,1,1,1,1,1,1,0,0,3,20.250288437598446,20.250288437598446,1
1,0,1,0,21,1,2,1,0,0,0,0,0,2,0,1,2,86.68745671048225,1873.8852867453875,1
0,0,0,0,31,1,1,1,0,1,0,0,2,2,0,1,2,98.93105900413182,3185.766917803581,1
0,0,1,0,63,1,2,1,0,2,0,0,2,0,0,1,0,94.17815926389763,5937.261137893597,1
0,1,0,0,1,1,2,1,0,0,0,0,0,0,0,1,2,74.29457890179131,74.29457890179131,1
0,0,0,0,13,1,2,1,1,1,0,0,2,0,0,1,2,96.52624424599455,1243.5408929064577,1
1,0,0,0,1,1,0,0,0,0,2,0,0,0,0,0,2,49.189557867345236,49.189557867345236,1
0,0,0,0,15,1,1,0,0,0,2,0,0,1,0,0,1,65.38895915745101,1043.0260700157983,1
1,0,1,1,2,1,0,1,0,0,1,1,0,2,0,0,0,89.83335761786664,188.38357617866643,1
0,0,0,0,4,1,0,1,0,0,1,1,0,0,0,1,2,82.7016127793511,320.19040236601535,1
1,0,0,0,1,1,0,1,0,0,0,1,2,0,0,1,2,84.7750192229754,84.7750192229754,1
1,0,0,0,3,1,2,1,0,1,2,0,2,2,0,1,2,105.8315751465543,334.58503094723335,1
0,1,0,0,55,1,2,1,0,2,2,0,2,2,0,1,0,104.58876410833682,5506.144352582967,1
0,0,0,0,42,1,0,0,0,1,0,1,0,0,0,1,1,57.13365940597974,2326.9495234822534,1
0,0,0,0,19,1,2,1,1,0,0,0,0,0,0,0,2,83.38096174009665,1591.5687340427087,1
0,0,1,0,23,1,2,1,0,0,0,0,2,2,0,1,2,94.13607451885773,2263.492238259831,1
0,0,0,0,2,1,0,1,0,1,0,0,0,0,0,1,2,74.83241596445609,164.84024160479927,1
0,0,0,0,55,1,2,1,0,0,1,0,2,2,1,1,2,99.26634502132524,5508.901730154434,1
0,0,0,0,21,1,2,0,1,0,0,1,1,2,0,1,1,79.67016142004375,1741.6636421733838,1
0,0,0,0,1,1,0,1,0,0,0,0,0,0,0,1,2,69.79804605680359,69.79804605680359,1
0,0,0,0,30,1,0,0,0,0,0,2,2,0,0,0,2,83.12399672368495,2557.886739646929,1
0,0,0,0,2,1,1,1,0,0,2,0,0,0,0,0,2,77.59134376730141,150.55324489468458,1
0,0,1,0,46,1,1,0,0,0,2,1,0,0,0,0,1,77.3060050984278,3581.2311552258884,1
0,0,0,0,3,1,0,1,0,0,0,1,0,2,0,0,2,88.15951991187879,274.1707353809442,1
1,1,1,0,70,1,2,1,1,2,0,0,2,2,0,1,1,106.1002913089442,7538.297145172347,1
1,0,0,0,13,1,0,1,0,1,1,0,2,2,0,0,2,98.05418240884637,1235.1047579517838,1
1,0,0,0,1,1,0,2,1,1,1,1,1,1,0,1,3,19.491190646961407,19.491190646961407,1
0,0,0,0,25,1,1,1,0,0,2,0,2,2,0,1,2,98.36060449122765,2515.2434427134526,1
1,0,0,0,12,1,0,1,0,0,1,0,2,2,0,1,2,96.43307588734223,1157.5172822304962,1
0,0,0,0,22,1,0,0,0,1,0,1,0,0,0,0,1,52.54487701117468,1208.0736223216768,1
0,0,1,0,21,1,2,1,1,0,1,0,2,2,0,1,2,103.86092350301202,2254.23718874351,1
0,0,1,0,1,1,2,1,1,0,2,0,2,2,0,1,2,101.66701962167298,101.66701962167298,1
1,0,1,0,27,0,1,0,1,0,0,0,0,0,0,0,2,50.26178487358949,1342.1139768841865,1
0,0,1,0,32,1,0,1,1,0,2,2,2,2,0,1,2,104.2468773778266,3356.945360791867,1
0,0,0,0,12,1,2,1,0,0,0,0,2,2,0,1,1,96.88479803725919,1151.3984702935606,1
1,0,1,0,71,1,2,1,0,2,2,0,2,2,2,1,0,105.95040413279052,7690.33435593846,1
0,0,0,0,17,1,0,1,0,2,2,0,1,0,0,1,2,87.91389031237614,1496.2252428769393,1
0,0,0,0,3,1,2,1,0,0,0,0,0,0,0,1,1,74.65820691426258,267.5485426550731,1
1,0,0,0,8,1,0,1,0,0,0,0,0,0,0,1,2,69.94172176792858,555.109108011696,1
0,0,0,0,3,0,1,0,2,0,0,1,0,0,0,0,2,34.0280112083713,138.79502802092824,1
0,1,0,0,34,0,1,0,1,2,0,0,1,1,0,1,2,66.50587245718214,2114.650763360866,1
0,0,0,0,24,1,1,1,0,1,0,0,2,0,0,1,0,90.29745392354691,2281.366641241763,1
1,0,1,0,31,1,1,1,0,0,0,0,0,2,0,0,1,86.17478045463034,2659.9819650873974,1
1,0,0,0,19,1,2,1,0,0,1,1,1,2,0,0,2,102.99157631390679,2013.2126501809387,1
0,0,0,0,49,1,2,1,1,0,2,0,2,0,0,1,0,95.16582994615167,4752.0755450482175,1
1,0,0,0,1,1,2,1,0,0,0,0,0,0,0,1,2,75.31182374561193,75.31182374561193,1
1,0,0,0,1,1,2,1,0,0,0,0,0,0,0,1,2,74.98460269971271,74.98460269971271,1
1,0,0,0,6,1,1,1,0,0,0,0,2,0,0,1,1,82.22968319100124,460.989100878807,1
0,0,0,0,7,1,0,1,0,0,0,0,1,0,0,1,2,79.09600483392622,523.0140032226175,1
1,0,0,0,7,1,2,1,0,0,1,0,2,2,0,0,2,97.1506899427503,660.5351446894978,1
0,0,0,0,5,1,0,1,0,0,1,0,2,0,0,1,2,84.15932797248581,415.55,1
1,1,0,0,3,1,2,1,0,0,0,0,0,0,0,1,2,76.08824156461112,232.0395129573013,1
0,0,0,0,27,1,2,1,0,0,1,0,0,1,0,0,1,87.72858839006636,2467.6535279100112,1
0,1,0,0,19,1,1,0,0,0,0,0,0,1,0,1,2,62.989345845756965,1173.4578220304206,1
0,0,0,0,10,0,0,0,0,0,0,0,0,1,0,1,2,39.18807617314865,442.96784213599557,1
0,0,0,0,45,1,0,1,2,1,0,2,2,2,1,1,0,106.2337287203738,4824.608527018567,1
0,0,0,0,23,1,1,1,0,2,0,0,2,0,0,1,1,91.15427985263707,2284.1398315170572,1
0,0,0,0,2,0,0,0,0,0,0,0,1,1,0,0,2,45.24741429922246,85.49698334909287,1
0,0,0,0,1,0,1,0,0,0,0,0,0,1,0,1,2,35.455991879773414,35.455991879773414,1
0,0,0,0,7,1,0,1,0,0,0,0,0,0,0,1,1,72.16699131297719,552.0114372201527,1
1,0,0,0,65,1,2,1,0,1,0,0,2,2,2,0,0,104.35675223979761,6867.036785681854,1
0,0,0,0,5,1,0,1,0,1,0,0,0,2,0,1,2,92.05634981279113,516.6677790468789,1
0,0,0,0,15,1,1,1,0,0,2,0,2,2,0,0,2,98.79739094164934,1587.5141769259974,1
0,0,0,0,13,1,0,1,0,0,0,0,2,1,0,0,2,92.02167183076673,1207.2578216540498,1
0,0,0,0,2,1,2,1,0,0,0,0,2,2,0,1,2,94.56386367759828,179.75467031228592,1
0,0,0,0,42,0,0,0,0,2,0,0,1,1,0,1,0,61.6056654985787,2533.812745806947,1
0,0,1,0,63,1,2,1,0,1,1,0,2,2,0,1,1,105.50503308702605,6873.254605531678,1
0,0,0,0,4,0,0,0,0,0,0,0,1,1,0,0,2,45.68834905178016,196.380518197442,1
0,0,0,0,2,1,0,0,0,1,0,1,0,0,0,0,0,57.170838249132416,101.21776443675014,1
0,0,0,0,22,1,2,1,1,0,1,0,2,1,0,1,0,98.26762548275644,2198.5625680858593,1
0,0,0,0,8,1,0,1,0,0,2,0,2,2,0,1,2,94.15201594148225,738.1186019209005,1
0,0,0,0,1,1,0,0,2,0,1,0,0,0,0,1,2,55.58695157173155,55.58695157173155,1
0,0,0,0,42,1,2,1,0,1,0,0,2,2,0,1,2,102.56227204880794,4392.993823762566,1
0,0,0,0,10,0,1,0,0,0,0,0,0,1,0,1,2,33.17724327115288,297.2510741321477,1
0,0,0,0,10,1,2,1,0,0,1,0,2,2,0,1,2,100.45453027628979,1062.0495436300298,1
0,0,0,0,59,1,2,1,1,2,1,0,2,2,1,0,0,106.9832309018315,6142.599831760087,1
0,1,0,0,1,1,0,1,0,0,0,0,0,0,0,1,2,69.59335058034553,69.59335058034553,1
1,0,0,0,15,1,0,1,1,0,0,0,2,2,0,1,2,96.51551220150678,1490.1292195315825,1
0,0,1,0,48,0,0,0,0,1,0,0,0,1,0,1,0,54.15650050302999,2436.501709634717,1
0,0,0,0,8,1,1,1,2,0,0,2,2,2,0,0,0,101.86190440439813,840.0058920805744,1
0,0,0,0,3,1,0,1,0,0,0,0,0,0,0,1,2,71.18638740155514,205.84383622044382,1
1,0,0,0,1,1,0,1,0,0,0,0,0,0,0,1,2,69.98659868496757,69.98659868496757,1
0,0,0,0,1,1,0,2,1,1,1,1,1,1,0,0,3,19.467937125527143,19.467937125527143,1
0,0,0,0,19,1,0,1,0,1,0,0,0,0,0,1,1,73.84716936483832,1424.5722900672058,1
1,0,0,0,25,1,2,1,0,0,2,0,2,2,0,1,1,100.55884417020468,2506.368586616129,1
0,0,0,0,4,1,1,1,0,0,1,0,0,2,0,1,2,88.65564575752416,371.57540590885867,1
0,0,1,0,31,1,0,1,0,0,2,0,2,2,0,1,2,97.64512990350464,3040.83099319834,1
1,0,0,0,26,1,1,1,0,0,0,1,0,0,0,1,1,80.03383361746498,2087.114309063155,1
0,0,0,0,12,1,0,1,0,0,1,1,0,1,0,1,2,86.39235330788223,1095.7695091400842,1
0,0,0,0,43,1,2,1,0,2,2,0,0,0,0,1,0,93.4331237738106,3980.673364751926,1
0,0,0,0,13,1,2,1,0,0,0,1,2,0,0,1,1,92.81926748707748,1174.4336596502164,1
0,0,0,0,2,0,0,0,1,0,0,0,0,0,0,0,2,46.475953596098435,94.37400493066946,1
1,0,0,0,45,1,0,0,1,1,0,1,0,0,1,0,0,70.94238372467397,3048.24637643263,1
0,0,0,0,3,1,0,0,0,0,0,0,1,0,0,0,2,55.18846315455687,160.31351042534533,1
0,0,0,0,3,1,0,1,0,0,0,0,1,0,0,1,2,78.77836175807293,244.11451637237428,1
0,0,0,0,26,1,0,1,0,0,0,0,1,1,0,1,0,86.67366922225473,2272.1130508580945,1
0,0,0,0,13,1,2,0,0,0,0,0,0,0,0,1,3,75.02554735504451,998.5984214985166,1
1,0,0,0,55,1,2,1,1,0,0,0,2,2,0,0,1,99.30311022024452,5616.643157515462,1
0,0,0,0,3,1,0,1,0,0,0,0,0,1,0,1,1,80.04938607630021,250.3459631098931,1
0,0,1,0,37,0,1,0,0,2,1,0,0,0,0,0,2,46.537048396099074,1609.9399058703966,1
0,0,0,0,1,1,0,0,1,0,0,0,0,0,0,1,1,48.839496153860495,48.839496153860495,1
0,0,0,0,2,1,0,2,1,1,1,1,1,1,0,0,1,19.391411911102136,29.785443555409685,1
0,0,0,0,43,1,1,1,0,1,1,0,2,1,0,0,0,102.07829025963763,4326.710391547561,1
0,0,0,0,2,1,0,1,0,0,0,0,0,0,0,0,1,70.85604469524802,138.98350835227183,1
0,0,1,0,61,1,2,1,1,1,0,0,2,2,1,1,1,104.78050281898523,6551.432851127252,1
0,0,0,0,6,1,0,1,0,0,0,0,0,1,0,1,2,81.39260505478222,523.2819660845358,1
0,0,0,0,8,1,2,1,0,2,1,0,2,2,0,0,2,103.42203499231796,825.0812580479956,1
0,0,0,0,23,1,1,1,0,0,0,0,0,0,0,0,0,74.56763011780485,1760.5426314987542,1
0,0,0,0,13,1,0,1,0,1,1,0,0,0,0,1,2,79.85629382274827,1115.0783159795403,1
0,0,0,0,12,1,2,0,0,0,0,0,0,0,0,0,1,73.7993698175288,871.6057075730366,1
0,0,0,0,12,0,0,0,0,0,0,0,0,1,0,0,1,28.82849926257356,328.8451192572351,1
0,0,0,0,3,1,0,0,0,0,0,0,1,0,0,0,3,54.81963422448271,158.5736952582643,1
1,0,0,0,1,1,0,2,1,1,1,1,1,1,0,1,3,19.955210907506206,19.955210907506206,1
0,0,0,0,18,1,2,0,2,2,0,0,2,0,0,0,2,87.32019074099968,1620.641927185947,1
1,0,0,0,17,1,2,1,0,1,0,0,0,0,0,1,1,84.7049137740638,1450.3069981601893,1
0,0,0,0,1,1,2,1,0,1,0,0,2,2,0,1,1,100.35105561341251,100.35105561341251,1
1,0,0,0,10,1,0,0,0,0,0,0,0,2,0,1,1,79.14048886427041,793.5607968725367,1
1,0,0,0,1,1,0,1,0,0,0,0,0,0,0,1,2,69.88332036523475,69.88332036523475,1
1,0,0,0,8,1,2,1,0,0,1,0,2,2,0,0,2,100.67135101711585,819.4428106102695,1
0,0,0,0,6,1,0,1,0,0,2,0,0,0,0,0,0,78.77417655061662,497.1692245437601,1
0,0,1,0,66,1,2,1,0,0,2,1,2,2,1,1,1,105.9609482366069,6975.917842433021,1
0,0,0,0,43,0,1,0,0,0,1,0,2,1,0,1,0,48.71690752087394,2077.4042574245327,1
0,0,1,0,14,1,2,1,0,1,0,0,0,1,0,1,0,89.52793784511559,1258.8776505084816,1
0,0,1,0,22,1,2,0,1,0,0,1,1,1,0,1,1,77.86251520860982,1744.5450453779183,1
0,0,0,0,31,1,2,1,0,0,0,0,1,0,0,0,1,85.92772663842281,2776.0327292378274,1
0,0,0,0,10,1,1,1,0,0,0,0,0,0,0,1,2,78.815996662282,836.2836121576264,1
1,0,0,0,8,0,1,0,0,0,0,0,1,0,0,1,1,34.65536427344806,292.33944003799877,1
1,0,1,0,60,1,1,1,0,2,0,1,2,0,1,1,2,94.19797408132656,5629.139423395965,1
0,0,0,0,45,1,1,0,0,0,0,0,1,1,0,0,1,82.57560543425072,3573.939241094211,1
0,0,0,0,56,1,0,1,0,0,2,0,2,2,1,1,2,96.17476579201269,5466.8920193911,1
0,0,0,0,2,1,0,2,1,1,1,1,1,1,0,0,3,19.527519348846415,31.89202619280545,1
0,0,0,0,45,1,1,1,0,1,0,0,1,0,0,0,1,88.04252389003526,4025.271780789106,1
0,0,1,0,14,1,0,0,2,1,0,0,2,0,0,1,1,65.26378439027687,938.4441774307448,1
1,0,0,0,45,1,2,1,1,1,0,0,0,2,0,1,2,93.75633437829252,4155.1949399499445,1
0,0,0,0,4,1,2,1,0,0,1,0,0,1,0,0,2,89.14204233475014,369.80214949826524,1
1,0,0,0,13,1,0,0,0,1,2,0,0,0,0,1,2,78.5967571465818,977.7281968121537,1
0,0,0,0,1,1,0,2,1,1,1,1,1,1,0,1,2,19.210346192641648,19.210346192641648,1
0,0,0,0,9,1,0,0,1,0,0,0,0,0,0,1,1,73.96369032940554,642.1419545403592,1
0,0,1,1,58,1,1,1,1,2,0,0,0,1,0,0,0,92.81445568348171,5439.854158707766,1
0,1,0,0,2,1,1,1,0,0,0,0,0,0,0,1,2,76.65952362327805,158.68128456355305,1
0,0,0,0,13,1,2,1,0,0,1,0,0,0,0,1,2,82.09450911303752,1066.8814653856707,1
0,0,0,0,10,0,1,0,0,0,0,0,0,1,0,1,2,31.55674934349473,299.0006639042787,1
1,0,1,1,2,1,0,1,0,0,1,1,0,2,0,0,0,89.99115683276392,189.96156832763918,1
0,0,0,0,8,1,2,1,0,0,1,0,2,2,0,0,2,99.79472833183137,820.3854234039668,1
0,0,0,0,14,1,0,1,0,0,0,0,1,2,0,0,1,90.33995146041883,1265.8420737353565,1
0,0,1,0,24,0,0,1,0,0,0,0,1,1,0,0,0,28.769929333742866,659.8976090863241,1
0,0,0,0,2,0,1,0,0,0,1,0,0,0,0,0,1,30.21382121631599,77.61755401775231,1
1,0,0,0,2,1,0,0,0,0,0,0,0,0,0,1,2,44.99787245616769,96.43049751487048,1
1,0,0,0,14,0,0,0,0,0,0,1,2,0,0,1,2,53.35705136985703,729.5746086797664,1
1,0,0,0,1,1,0,2,1,1,1,1,1,1,0,0,3,20.091271994787434,20.091271994787434,1
0,0,0,0,7,1,0,0,2,0,0,0,0,0,0,1,2,50.831400454585996,355.73599545414004,1
0,0,0,0,26,1,1,0,0,0,2,0,2,2,0,0,1,96.27433745822704,2517.7109618754444,1
0,0,0,0,6,1,0,0,2,0,0,0,0,0,0,0,2,52.028592075139954,356.4220592753228,1
0,0,0,0,49,1,2,1,0,2,1,0,2,2,0,1,1,103.33032598683316,5136.218934372968,1
0,0,0,0,1,1,0,1,0,0,2,0,0,0,0,0,0,75.34037450186494,75.34037450186494,1
0,0,0,0,20,0,1,0,0,1,1,0,0,2,1,1,0,44.16519831049149,899.8065972541459,1
0,0,0,0,3,1,0,2,1,1,1,1,1,1,0,1,1,20.256528163298423,53.806692416456386,1
0,0,0,0,1,1,0,1,0,0,0,0,0,0,0,1,2,69.38938245335875,69.38938245335875,1
0,0,0,0,13,1,1,1,0,0,0,0,0,1,0,1,2,81.36676140031642,1123.6193235545165,1
1,0,0,0,7,1,2,1,0,0,2,0,0,0,0,1,2,82.98939622741199,587.3679860549555,1
0,0,0,0,7,1,0,1,0,0,0,0,1,0,0,1,2,79.12010698805194,523.030071325368,1
0,0,0,0,10,1,2,1,0,0,1,0,2,2,0,1,2,98.27275762482732,1038.1912729843468,1
0,0,0,0,7,1,0,1,0,0,0,0,2,1,0,0,2,87.65059463331808,673.3263594409979,1
1,0,0,0,41,1,1,1,0,1,1,0,1,2,0,0,1,100.16488466937209,4038.0934936079957,1
0,0,1,0,70,1,2,1,1,2,2,2,2,2,2,1,0,111.49028731844015,7707.932050269379,1
0,0,0,0,30,1,1,1,1,1,1,0,0,0,0,0,1,91.55142187345703,2757.863090514262,1
0,0,0,0,22,1,0,1,0,1,0,0,0,2,0,1,2,84.37379100507985,1857.3149095521144,1
0,0,0,0,7,1,2,1,0,0,0,0,1,0,0,1,2,83.93457360207627,546.4429825143477,1
0,1,0,0,1,1,0,1,0,0,0,0,2,0,0,1,2,79.10635066686898,79.10635066686898,1
1,0,1,0,47,1,2,1,0,0,0,0,2,0,0,0,2,87.16931692473764,4255.626369955235,1
0,0,0,0,2,1,1,1,0,0,0,0,2,2,0,0,2,95.7808762500283,175.48867464276822,1
0,0,0,0,12,1,0,1,0,0,1,0,2,2,0,0,2,96.18309855493078,1116.3152857701762,1
0,0,1,0,49,1,2,1,0,0,0,0,2,1,0,1,1,95.24921457575839,4777.156630244965,1
0,0,0,0,19,1,2,1,0,0,1,0,0,1,0,0,2,87.54436492232477,1760.6828251999782,1
0,0,0,0,45,1,2,1,0,2,0,1,2,0,0,1,2,96.88610462378387,4511.33057534295,1
1,0,0,0,3,1,0,1,0,0,0,0,2,0,0,0,2,79.86896905093552,261.2198574749724,1
0,0,0,0,34,1,1,1,1,1,1,0,1,2,0,1,2,108.33411169586456,3588.144989627865,1
0,0,0,0,4,1,2,1,0,0,0,0,0,0,0,1,0,77.20421050325012,358.10228674513075,1
0,0,0,0,3,1,0,0,0,0,0,0,0,0,0,0,2,44.62369320336394,131.0781004215812,1
0,0,0,0,30,1,2,1,0,1,0,0,0,1,0,0,1,83.75657007838572,2630.004179053216,1
1,1,0,0,33,1,2,1,0,1,2,0,2,2,0,0,0,104.59349291233947,3512.0739195367073,1
1,0,1,1,19,1,0,1,0,0,0,0,0,0,0,1,2,70.67399250696415,1470.8617605275597,1
0,0,0,0,1,1,0,1,0,0,0,0,0,0,0,1,2,69.48811003238664,69.48811003238664,1
0,0,0,0,2,1,0,1,0,0,0,0,0,0,0,0,0,69.79012928346073,144.4519061959849,1
1,0,0,0,2,1,0,1,1,0,0,0,0,0,0,1,2,76.34377878725532,188.04119818294043,1
0,1,0,0,31,1,0,1,0,2,0,0,0,0,0,1,2,74.60671413350934,2276.9598101622682,1
0,0,0,0,11,1,2,1,0,0,1,0,2,2,0,1,2,97.2043496964587,1052.2504140012409,1
0,0,0,0,50,1,2,1,1,1,0,1,2,2,1,1,1,108.57981676595136,5552.748501539465,1
0,0,0,0,39,1,2,0,0,2,0,1,0,0,0,0,1,76.76495009335586,2923.1120876098485,1
0,0,0,0,2,1,0,2,1,1,1,1,1,1,0,0,1,19.335468506303915,28.876363227438613,1
0,0,1,0,3,0,1,0,0,0,0,1,0,0,0,1,3,31.072382558849263,95.03207037533092,1
0,0,0,0,10,1,0,1,0,0,0,0,2,2,0,0,0,93.73026537337842,1043.1430522198732,1
0,0,1,0,32,0,1,0,0,2,0,1,0,0,0,1,2,50.51406821676042,1625.9157132719924,1
0,0,0,0,1,1,0,2,1,1,1,1,1,1,0,0,2,19.599380766532477,19.599380766532477,1
0,1,0,0,29,1,0,1,0,1,1,0,0,0,0,1,2,80.48767294988818,2364.185953975775,1
1,0,0,0,1,1,0,2,1,1,1,1,1,1,0,1,2,20.089552376374257,20.089552376374257,1
0,1,0,0,1,0,1,0,0,0,0,0,0,0,0,0,2,25.473550813313615,25.473550813313615,1
1,0,0,0,5,1,0,1,0,2,2,0,0,2,0,0,2,94.07655006681745,533.5598775365122,1
0,0,0,0,2,1,1,1,0,0,0,0,2,0,0,1,1,86.32646501449875,185.65442465397166,1
0,0,1,0,7,1,0,1,0,0,0,0,2,0,0,1,2,81.90666083562273,577.5238825719246,1
0,0,0,0,8,1,2,1,0,0,0,0,0,0,0,1,1,78.29606343907119,624.4828437066498,1
0,0,1,0,11,1,2,1,0,1,1,0,2,0,0,1,2,98.4706306785261,1060.9671193113682,1
0,0,0,0,56,1,2,0,0,0,0,0,2,2,0,1,1,94.72641165451574,5281.544637519238,1
0,0,0,0,9,0,0,0,0,0,1,0,0,0,0,0,2,25.37640888632011,226.40719581484333,1
0,0,0,0,2,1,1,0,0,0,0,1,1,0,0,0,2,64.72400776743223,155.52423689315444,1
0,0,0,0,3,1,0,0,0,0,0,0,0,0,0,0,2,44.2623380574812,134.0913679236711,1
0,0,0,0,1,1,0,0,1,0,0,2,0,0,0,1,2,53.10713956083681,53.10713956083681,1
0,1,1,0,3,1,2,1,1,0,0,0,2,2,0,1,2,100.05926024679142,346.70232012566845,1
0,0,0,0,36,0,1,0,2,2,0,1,0,0,0,1,2,61.190762977969584,2096.4372421690496,1
0,0,0,0,12,1,0,1,0,0,1,0,2,0,0,1,1,84.85845284093391,1058.5237689624948,1
0,0,0,0,7,1,0,0,0,0,0,1,1,0,0,1,2,57.841209668363206,415.7733241066896,1
1,0,0,0,1,1,0,0,0,0,2,0,0,0,0,1,2,50.436237725748164,50.436237725748164,1
0,0,0,0,2,1,0,0,2,2,0,0,0,0,0,0,3,53.87105264414534,108.06684205562593,1
0,0,0,0,4,0,0,0,0,0,0,0,0,0,0,0,2,45.674906523448776,194.51200675937972,1
0,0,0,0,45,1,0,1,0,2,1,2,2,0,1,1,2,101.25520452855588,4615.497920715392,1
0,0,0,0,1,1,0,0,0,0,0,2,0,0,0,1,1,50.417887188442045,50.417887188442045,1
0,0,0,0,2,1,0,1,0,0,0,0,0,2,0,0,0,79.88247065634192,159.4066235328171,1
0,0,0,0,46,1,0,1,0,1,0,0,2,2,0,0,0,95.6124675889655,4413.0088131906905,1
0,0,0,0,11,1,0,1,0,2,2,0,0,0,0,1,2,87.36640787820734,952.8218152598495,1
1,0,0,0,1,1,0,1,0,0,0,0,0,0,0,0,0,69.5223682807026,69.5223682807026,1
1,0,1,0,55,1,2,1,0,0,0,0,0,2,0,0,2,93.13641115195048,5078.965416437106,1
0,0,0,0,18,1,0,1,1,0,0,0,1,2,0,1,1,94.54616918531381,1738.7633593410872,1
0,0,0,0,2,1,0,1,0,0,0,0,2,0,0,1,2,80.12088449209706,147.00657841373553,1
0,0,0,0,1,1,0,1,0,0,0,0,0,0,0,1,2,70.79045740104819,70.79045740104819,1
0,0,0,0,6,1,2,1,0,2,1,0,2,2,0,1,2,104.6604177766278,546.5971015943167,1
0,0,0,0,13,1,2,1,0,0,0,0,0,2,0,1,2,83.91699175979497,1118.3523457240233,1
0,0,0,0,5,0,1,1,0,1,0,0,0,0,0,0,0,26.219346540487315,134.50532594708827,1
1,0,0,0,1,1,0,1,0,0,0,0,0,0,0,1,2,69.37578051701469,69.37578051701469,1
1,0,0,0,9,0,0,1,0,1,0,0,0,0,0,0,2,22.904033732280443,213.05598065589604,1
0,0,0,0,1,1,0,1,1,0,0,0,0,2,0,1,2,84.64046624784524,84.64046624784524,1
0,0,0,0,14,1,1,1,0,0,0,0,0,0,0,1,0,76.53935033619696,1108.9081934435096,1
1,1,0,0,2,1,0,0,0,0,0,0,0,0,0,1,2,44.34583701451553,93.0238706640751,1
0,0,0,0,5,1,2,1,0,0,0,0,0,0,0,0,2,76.76374471294626,414.20937799814044,1
0,0,0,0,10,0,0,0,0,0,2,2,0,0,0,0,1,52.50087531606705,528.0228333716445,1
0,0,0,0,1,1,0,1,0,0,2,0,0,0,0,0,2,75.17727707297607,75.17727707297607,1
0,0,0,0,1,1,0,1,0,2,0,0,0,0,0,1,2,74.61751111289844,74.61751111289844,1
0,0,0,0,2,1,1,1,0,0,2,0,0,0,0,1,2,78.9222416319542,150.38038517897476,1
0,0,0,0,1,1,0,0,0,0,0,0,0,0,0,1,3,45.35578731209626,45.35578731209626,1
1,0,1,0,10,1,1,1,0,0,0,0,0,1,0,0,2,84.83990992489014,852.4410698052409,1
0,0,0,0,3,1,2,1,0,0,0,0,2,2,0,1,1,97.26035134145225,292.760457808559,1
0,0,0,0,26,1,0,1,0,0,0,0,2,1,0,0,2,90.66068411890073,2345.093991697836,1
0,0,0,0,18,1,2,1,1,1,0,0,0,2,0,1,1,95.74741930707502,1787.6865409623356,1
0,1,0,0,1,0,1,0,0,0,0,0,0,0,0,0,2,25.56485197955216,25.56485197955216,1
0,0,0,0,2,1,0,0,0,0,0,0,0,2,0,0,0,79.21111801682493,159.62520441087915,1
0,0,0,0,61,1,2,1,0,0,2,1,2,2,1,1,2,104.66724388318937,6423.980131360781,1
1,0,0,0,48,1,1,0,2,0,1,1,1,2,0,0,2,84.62730164541935,4055.238701691826,1
0,0,0,0,6,1,0,1,1,0,0,0,0,0,0,0,0,76.87847590710484,503.52065260979543,1
0,0,0,0,13,1,0,1,0,0,0,0,0,0,0,1,1,70.58021887479045,915.3581154050897,1
0,0,0,0,13,1,2,1,1,0,0,0,2,1,0,1,2,97.4581508740043,1357.2372379874255,1
0,0,1,0,30,1,0,2,1,1,1,1,1,1,0,0,2,19.5563836958449,658.7521054288081,1
0,0,0,0,53,1,0,1,0,1,0,0,0,0,0,1,1,78.98238650587433,4104.185033704916,1
0,0,0,0,12,1,2,1,2,1,1,0,0,2,0,0,0,99.62293279659768,1238.0422896336136,1
0,0,0,0,1,1,1,1,0,0,0,0,0,2,0,1,2,86.32141338227362,86.32141338227362,1
0,0,0,0,36,1,0,1,0,0,1,1,0,0,1,1,1,87.97903844685824,3202.7719905332597,1
0,0,0,0,14,1,0,1,0,1,0,0,0,1,0,1,2,86.85405858078192,1180.56291797781,1
0,0,0,0,20,1,0,0,0,2,1,0,0,0,0,1,1,73.93640128349172,1494.5241246508212,1
0,0,0,0,70,1,2,1,2,2,2,2,2,2,1,0,1,115.59719025105646,8052.685476447882,1
0,0,1,1,65,1,2,1,2,2,0,0,1,1,1,0,1,100.06721887814108,6563.071296542998,1
0,0,0,0,3,0,1,0,0,0,1,0,0,1,0,1,2,40.00088751402309,133.06566473943593,1
0,0,0,0,4,1,1,1,0,1,0,2,0,0,0,1,1,87.53434242056174,400.2933194001027,1
0,0,0,0,20,1,2,1,0,0,0,0,0,1,0,1,1,83.19729604876063,1728.6500319784545,1
0,1,0,0,30,1,2,1,0,1,1,0,2,1,0,1,2,99.33401786564777,3158.7160423865853,1
0,1,0,0,20,1,2,1,0,0,1,0,2,0,0,0,2,92.497151682935,1962.19136254689,1
0,0,0,0,5,1,0,0,0,0,0,0,0,0,0,0,2,46.491311613802324,222.3194798608812,1
0,0,0,0,4,0,0,1,0,0,0,0,0,0,0,0,1,20.89868372676319,105.18995347246404,1
0,1,0,0,3,1,1,1,0,1,0,0,0,0,0,1,2,77.54559576244031,204.97788427965045,1
1,0,0,0,37,1,2,1,0,0,0,1,2,2,0,0,0,95.73515857588573,3474.5040620536756,1
1,0,0,0,1,1,0,2,1,1,1,1,1,1,0,0,3,20.133297722579,20.133297722579,1
0,0,0,0,58,1,1,1,2,2,2,0,2,2,1,1,0,109.12953702110804,6144.6888672908535,1
0,1,0,0,29,1,2,1,0,0,0,0,0,0,0,1,2,77.62598450229628,2212.1342516315244,1
1,0,0,0,10,1,0,1,0,0,2,0,2,2,0,1,2,95.67092618930906,1048.5685105032455,1
1,0,0,0,1,1,1,1,0,1,0,0,0,2,0,1,1,90.85,90.85,1
0,0,0,0,15,1,0,0,1,0,0,0,0,0,0,0,1,50.96896755343012,761.3803746597598,1
0,0,0,0,3,0,1,0,0,0,0,0,0,0,0,1,1,27.87190219159896,99.0679877021703,1
1,0,0,0,5,0,0,0,0,2,0,0,1,1,0,1,3,52.32047729644907,311.56970570349256,1
0,0,0,0,1,1,0,1,1,0,0,0,2,2,0,1,2,94.98593629989152,94.98593629989152,1
0,0,0,0,1,1,0,1,1,0,0,0,2,2,0,0,2,95.61615726086397,95.61615726086397,1
0,0,0,0,30,0,1,0,0,0,0,0,0,0,0,1,1,24.826465174363683,725.3642182728615,1
0,1,0,0,1,1,0,1,0,0,0,0,0,0,0,1,2,69.57758561860099,69.57758561860099,1
1,0,1,0,34,1,1,1,0,0,0,0,0,0,0,0,2,76.30533265564836,2571.956948837995,1
1,0,0,0,1,0,1,0,0,0,0,0,0,0,0,1,2,23.89215779499792,23.89215779499792,1
0,0,0,0,1,1,0,1,0,0,0,0,0,0,0,1,2,70.07931075094085,70.07931075094085,1
0,0,0,0,46,1,2,0,0,1,0,0,0,0,0,1,1,66.67893537027814,3099.234730927669,1
0,0,0,0,2,1,2,1,0,0,0,0,0,0,0,0,1,75.84252786839895,147.76974435182396,1
0,0,0,0,55,1,2,1,0,2,1,1,2,2,0,0,2,108.19056882340222,6013.68135818848,1
0,0,0,0,13,1,2,1,0,0,0,1,2,0,0,1,2,93.20639968319406,1295.9645892602546,1
1,0,0,0,1,1,2,1,0,0,0,0,0,0,0,1,2,74.2740479851283,74.2740479851283,1
0,0,0,0,24,1,0,1,1,1,0,0,0,0,0,1,0,81.940780069513,2010.9109546307384,1
1,0,1,0,4,1,0,1,0,0,0,0,1,0,0,0,2,78.78019908656015,307.77791503471695,1
0,0,0,1,4,1,0,1,0,0,2,1,2,2,0,0,0,98.16450696121571,396.0800418371661,1
0,0,0,0,2,1,0,1,0,0,0,0,0,0,0,0,1,69.47366622247993,118.158054683661,1
1,0,0,0,10,1,0,1,0,0,0,0,0,1,0,1,1,79.57499565545596,792.4853590597132,1
1,0,0,0,1,1,0,1,0,0,0,0,2,0,0,1,2,79.51693664778873,79.51693664778873,1
0,0,0,0,1,1,0,1,0,0,0,0,0,0,0,1,2,70.46912113043362,70.46912113043362,1
0,0,0,0,15,1,0,1,0,1,0,0,0,1,0,1,0,86.04348546297814,1271.8970122158566,1
0,0,0,0,19,1,1,0,0,0,0,0,2,0,0,1,1,80.63331842293326,1551.3586546025929,1
0,0,0,0,2,1,0,1,0,0,0,0,0,0,0,1,1,69.86012096875908,134.86990708562345,1
1,0,0,0,1,0,1,0,0,0,0,0,0,2,0,0,1,35.804152719169075,35.804152719169075,1
0,0,0,0,9,1,0,0,0,0,0,0,0,0,0,0,2,47.67070133471185,399.9243487833075,1
0,0,1,1,25,1,2,0,0,2,0,2,0,0,0,0,2,62.241754346689625,1617.2615774193814,1
1,1,1,0,7,1,2,1,0,0,1,0,1,2,0,1,1,97.64599195208265,668.146848695949,1
0,0,0,0,22,0,1,0,1,0,0,0,2,0,0,1,1,39.709200238348444,843.6773818892791,1
1,0,0,0,1,1,0,2,1,1,1,1,1,1,0,0,3,20.456348615996216,20.456348615996216,1
0,1,0,0,1,1,0,1,0,0,0,0,0,0,0,0,2,69.2358867506852,69.2358867506852,1
0,0,1,0,33,1,2,0,0,0,2,2,1,2,0,0,1,101.73407186204065,3348.3397488681094,1
0,0,0,0,1,1,1,0,0,0,0,0,0,0,0,0,3,50.532148021072736,50.532148021072736,1
0,0,0,0,2,0,0,0,0,0,0,0,0,0,0,0,2,44.87883343116266,97.80975782477768,1
1,0,0,0,32,1,2,1,0,1,2,0,0,0,0,1,1,84.28837064885408,2714.8292050192654,1
0,0,1,0,35,1,2,1,1,2,0,1,2,0,0,1,0,99.3535159194947,3647.656775634414,1
0,0,0,0,11,1,0,2,1,1,1,1,1,1,0,0,2,19.23336951382014,234.20512164723004,1
0,0,0,0,16,1,2,1,0,0,0,0,2,2,0,1,2,96.0653627801324,1528.8685042221853,1
1,0,0,0,1,1,0,0,0,0,0,0,0,0,0,0,3,45.05,45.05,1
0,0,0,0,42,1,0,1,0,0,0,0,1,0,0,1,1,77.9423286021014,3382.6076412814027,1
1,0,0,0,1,1,2,1,0,0,0,0,0,1,0,1,2,86.34965357162038,86.34965357162038,1
0,0,0,0,15,1,1,0,0,0,2,0,0,0,0,1,2,60.826748495371,938.2687660277403,1
0,0,0,0,16,1,2,0,0,0,2,0,0,2,0,1,1,86.53047175096987,1423.09696428438,1
1,0,1,0,9,1,1,1,0,0,1,0,0,0,0,1,0,76.19484171081743,660.7042428905197,1
0,0,0,0,25,1,1,1,0,0,1,0,0,1,0,1,2,88.98907825490907,2368.5712762240373,1
1,0,0,0,41,1,2,1,0,0,2,0,2,2,0,1,2,99.513198607119,4194.535210557678,1
1,1,1,0,32,1,2,1,0,0,0,0,0,2,0,0,2,85.09838214920148,2648.2972664742942,1
0,0,0,0,24,1,0,0,1,1,1,1,1,0,0,0,2,74.86185655431802,1864.3150351747915,1
1,0,0,0,3,1,2,1,0,1,2,0,2,2,0,1,2,105.33745210845125,334.1158636181254,1
0,0,0,0,3,0,1,0,0,0,0,0,0,0,0,0,2,24.751959187475546,66.91845708164371,1
0,0,0,0,4,1,0,1,0,0,0,0,0,1,0,1,2,79.89668318851699,324.3006202167814,1
0,0,1,0,66,1,2,1,0,2,1,0,1,2,1,1,1,101.28341481317013,6608.575600430153,1
1,0,0,0,19,1,0,0,0,0,1,1,0,0,0,1,1,53.58170804797805,1050.9041697457524,1
0,0,0,0,8,1,0,1,2,0,0,0,0,0,0,0,1,74.61770544353386,636.3651647044309,1
0,0,0,0,37,1,1,1,0,0,1,0,2,1,0,1,1,92.71858455069521,3392.259208421716,1
0,0,0,0,1,1,0,1,0,0,0,0,2,0,0,1,2,79.9046207146612,79.9046207146612,1
1,0,0,0,1,1,0,2,1,1,1,1,1,1,0,0,3,20.078467473884647,20.078467473884647,1
0,0,0,0,42,1,2,1,1,0,1,0,2,2,0,1,2,103.62092086789762,4396.106755409175,1
1,0,0,0,41,1,2,1,0,0,1,1,1,2,0,0,0,102.09504207648126,4137.518314284001,1
0,0,0,0,14,1,2,1,0,0,0,0,0,0,0,1,0,74.62379707334189,1102.1862796779346,1
1,0,0,0,3,1,1,1,0,0,0,0,0,0,0,1,2,76.47311133942272,237.7654967253111,1
0,1,0,0,1,1,0,1,0,0,0,0,2,0,0,1,2,79.10180290089589,79.10180290089589,1
0,0,0,0,25,1,1,1,0,0,0,0,2,2,0,1,0,94.34695398060748,2361.045978550799,1
0,0,0,0,6,1,0,1,0,0,1,0,2,2,0,0,2,93.1022832966519,575.330420047735,1
0,0,0,0,2,1,2,1,0,0,0,0,0,0,0,1,2,76.42985256290147,162.17943131404851,1
0,0,1,0,29,1,1,1,0,0,0,0,0,2,0,1,2,87.66509176311222,2616.508542973817,1
1,0,0,0,1,1,0,1,0,0,0,0,0,0,0,1,2,69.5103651799751,69.5103651799751,1
0,0,0,0,3,1,0,1,0,2,0,0,1,0,0,0,2,81.58135813555384,246.90021905412158,1
0,0,0,0,19,0,0,0,0,1,2,0,0,2,0,1,0,49.42815750616217,899.6397563890143,1
0,0,0,0,44,0,1,0,0,1,2,1,1,2,0,1,0,63.15201118149868,2815.593096366013,1
0,0,1,1,40,1,2,0,0,0,2,2,0,0,0,0,1,84.23586845982172,3305.9221505363894,1
1,0,1,0,7,0,1,0,1,0,0,1,0,0,0,0,1,32.24486430189019,275.0324625645927,1
0,0,0,0,3,1,0,0,0,0,0,0,0,1,0,1,2,53.73650169234116,195.7212988511258,1
0,0,0,0,1,1,0,1,0,0,0,0,0,0,0,0,0,69.72438697180618,69.72438697180618,1
0,0,0,0,9,1,2,1,0,0,0,0,0,0,0,1,2,78.6094794924794,807.6573141326694,1
1,0,0,0,67,1,2,1,2,2,2,2,2,2,1,0,0,117.54394683827603,7784.710997006797,1
1,0,1,0,1,1,1,1,0,0,0,0,2,2,0,1,2,95.09461868939913,95.09461868939913,1
1,0,0,0,11,0,1,0,0,0,1,0,0,0,0,0,1,50.304125822452335,603.3774858593873,1
1,0,0,0,2,0,1,0,0,0,0,0,0,0,0,1,2,24.774130360067172,52.28092281099077,1
0,0,0,0,59,0,1,0,0,2,0,0,2,2,0,0,2,51.22774492994464,3026.758382605083,1
1,1,1,0,66,1,2,1,0,0,1,0,2,2,0,1,1,99.53459911180991,6825.279646931896,1
0,0,0,0,40,1,2,1,0,0,0,0,2,0,0,1,2,87.57260994469792,3538.7739816192566,1
0,0,0,0,1,1,2,1,0,2,0,0,0,0,0,1,2,79.18409431027634,79.18409431027634,1
0,0,1,0,35,1,0,0,2,0,2,2,1,2,0,0,1,97.6289665593448,3352.105848410615,1
0,0,0,0,40,1,1,0,0,0,0,0,0,0,0,1,0,70.91062243831186,2877.19558042896,1
0,0,0,0,15,0,1,0,0,1,0,0,1,0,0,1,2,40.3741679677596,679.8091831296705,1
0,0,0,0,1,1,0,0,0,0,2,0,0,0,0,0,3,50.45,50.45,1
0,0,0,0,16,1,2,1,0,2,0,0,2,1,0,1,1,98.45213965153889,1533.6045833421388,1
0,0,0,0,6,0,0,0,0,0,0,1,0,0,0,1,0,47.57742121912826,289.63117183173614,1
0,0,0,0,14,1,1,1,0,0,1,0,0,2,0,0,1,88.04672607731636,1260.4673267437101,1
0,0,0,0,3,0,1,0,2,1,0,0,0,0,0,0,2,33.873384259143826,138.40846064785956,1
1,0,0,0,23,1,1,1,0,0,1,1,2,2,0,1,2,101.97449030799682,2464.6629285982494,1
0,0,0,0,7,1,1,1,0,0,0,0,0,0,0,1,3,77.28481046598687,527.3132588882738,1
0,0,0,0,39,1,1,1,0,0,2,2,2,2,0,0,0,104.75925921186453,4133.131482855929,1
0,0,0,0,3,1,1,1,0,0,0,0,0,0,0,1,2,75.84834983319442,246.2778396597859,1
0,0,1,1,49,1,2,1,0,2,1,0,2,2,0,1,0,103.81644418992306,5018.998952780019,1
0,0,0,0,39,1,0,1,0,2,0,0,1,0,0,1,2,85.2905122276498,3261.4288687491467,1
1,0,0,1,1,1,0,2,1,1,1,1,1,1,0,0,3,19.276412946954302,19.276412946954302,1
0,0,0,0,20,1,2,1,0,0,1,2,2,1,0,0,2,98.3236878932656,2005.628398585167,1
1,0,0,0,1,1,0,2,1,1,1,1,1,1,0,0,3,20.202725463870685,20.202725463870685,1
0,0,0,0,8,1,2,1,0,0,0,0,2,0,0,1,1,86.7719475535394,760.8814760434522,1
1,0,0,0,1,1,0,1,0,0,0,0,2,0,0,1,2,79.33037238380686,79.33037238380686,1
0,0,1,1,25,1,0,1,0,0,0,0,1,2,0,1,2,89.9959129617886,2364.921749677762,1
0,1,0,0,33,1,2,1,0,2,0,0,0,0,0,1,2,81.46322334222317,2717.4231890154247,1
1,0,0,0,2,1,0,1,0,0,0,0,0,2,0,1,2,81.78698716090044,170.4923672307211,1
0,0,0,0,17,1,2,1,0,1,0,0,2,0,0,1,1,91.2157953641541,1527.7157270607618,1
1,0,0,0,9,0,1,0,0,0,1,0,0,0,0,0,2,27.778386456485777,256.7006188190722,1
0,0,0,0,1,1,0,1,0,0,2,0,0,0,0,0,2,75.92317123661294,75.92317123661294,1
0,0,0,0,8,1,0,1,0,2,0,0,1,0,0,1,2,81.3017397974397,681.8570128730858,1
0,0,0,0,1,1,0,2,1,1,1,1,1,1,0,0,3,20.9,20.9,1
0,0,0,0,1,1,0,0,0,0,0,0,2,0,0,0,1,55.00597662271631,55.00597662271631,1
0,0,1,0,35,1,2,1,1,2,0,1,2,0,0,1,0,100.3714063833637,3652.71142827978,1
0,0,0,0,14,0,0,1,0,0,0,0,0,1,0,0,0,23.101022492894487,327.91366109746036,1
0,1,0,0,55,1,2,1,0,0,2,0,2,2,1,1,1,101.00683303951864,5509.586152548074,1
0,0,0,0,11,1,0,1,0,1,0,0,1,2,0,1,2,91.908973216011,1118.78420801939,1
0,0,0,0,5,0,0,1,0,1,0,0,0,0,0,0,2,20.584202205666553,126.72813308003657,1
0,0,0,0,2,1,0,1,0,0,0,0,2,0,0,1,2,79.73009575568798,151.73156949940892,1
0,0,0,0,31,1,2,1,0,0,0,0,0,1,0,0,1,82.08021510633891,2627.820306916601,1
